cell_id,region,week,shared_site,call_drop_rate_pct,avg_sinr_db,prb_utilisation_pct,handover_success_pct,outage_minutes
COL_01,Colombo,1,1,0.441,12.32,56.9,99.27,0.0
COL_01,Colombo,2,1,0.56,12.08,50.3,99.35,0.0
COL_01,Colombo,3,1,0.435,12.32,53.6,99.21,0.0
COL_01,Colombo,4,1,0.452,12.53,53.1,99.15,0.0
COL_01,Colombo,5,1,0.472,12.12,55.2,99.36,0.0
COL_01,Colombo,6,1,0.519,13.08,52.1,99.13,0.0
COL_01,Colombo,7,1,0.444,12.17,58.3,99.23,0.0
COL_01,Colombo,8,1,0.442,11.3,56.4,99.44,0.0
COL_01,Colombo,9,1,0.525,11.4,54.7,99.29,0.0
COL_01,Colombo,10,1,0.506,12.32,54.7,99.43,0.0
COL_01,Colombo,11,1,0.497,11.97,56.3,98.89,0.0
COL_01,Colombo,12,1,0.473,11.51,51.2,99.19,0.0
COL_01,Colombo,13,1,0.582,11.28,57.6,98.84,0.0
COL_01,Colombo,14,1,0.473,11.89,56.1,99.44,0.0
COL_01,Colombo,15,1,0.54,11.59,51.9,99.47,0.0
COL_01,Colombo,16,1,0.481,11.03,49.2,99.03,0.0
COL_01,Colombo,17,1,0.522,11.88,56.5,99.15,0.0
COL_01,Colombo,18,1,0.502,12.17,52.5,99.37,0.0
COL_01,Colombo,19,1,0.453,11.58,52.2,98.96,0.0
COL_01,Colombo,20,1,0.522,11.51,53.8,99.38,0.0
COL_01,Colombo,21,1,2.683,10.61,48.4,97.29,0.0
COL_01,Colombo,22,1,4.714,8.94,48.0,95.14,92.0
COL_01,Colombo,23,1,6.923,8.86,39.0,93.37,409.0
COL_01,Colombo,24,1,6.995,7.38,44.5,93.48,385.0
COL_01,Colombo,25,1,6.948,8.1,43.7,93.43,368.0
COL_01,Colombo,26,1,6.93,7.8,43.5,93.48,0.0
COL_02,Colombo,1,1,0.585,16.44,43.1,99.78,0.0
COL_02,Colombo,2,1,0.627,15.79,44.6,99.7,0.0
COL_02,Colombo,3,1,0.691,17.87,60.3,99.73,0.0
COL_02,Colombo,4,1,0.581,15.39,49.7,99.42,0.0
COL_02,Colombo,5,1,0.615,16.3,48.1,99.89,0.0
COL_02,Colombo,6,1,0.65,16.58,44.5,99.21,0.0
COL_02,Colombo,7,1,0.611,16.64,55.7,99.66,0.0
COL_02,Colombo,8,1,0.699,16.37,43.9,99.38,0.0
COL_02,Colombo,9,1,0.597,17.95,45.4,99.83,0.0
COL_02,Colombo,10,1,0.586,17.23,50.2,99.59,0.0
COL_02,Colombo,11,1,0.638,16.28,50.4,99.51,0.0
COL_02,Colombo,12,1,0.567,15.9,49.3,99.9,0.0
COL_02,Colombo,13,1,0.65,16.6,49.8,99.9,0.0
COL_02,Colombo,14,1,0.653,16.42,53.1,99.73,0.0
COL_02,Colombo,15,1,0.732,16.78,43.7,99.28,0.0
COL_02,Colombo,16,1,0.739,17.71,47.9,99.53,0.0
COL_02,Colombo,17,1,0.728,16.01,45.1,99.79,0.0
COL_02,Colombo,18,1,0.617,16.67,48.0,99.71,0.0
COL_02,Colombo,19,1,0.725,16.73,51.2,99.11,0.0
COL_02,Colombo,20,1,0.637,16.17,43.8,99.4,0.0
COL_02,Colombo,21,1,0.62,17.22,43.3,99.63,0.0
COL_02,Colombo,22,1,0.611,16.47,52.7,99.76,0.0
COL_02,Colombo,23,1,0.721,16.58,45.9,99.57,0.0
COL_02,Colombo,24,1,0.655,16.78,44.3,99.65,0.0
COL_02,Colombo,25,1,0.654,18.18,56.1,99.41,0.0
COL_02,Colombo,26,1,0.623,15.79,46.3,99.7,0.0
COL_03,Colombo,1,0,0.587,12.08,35.1,96.66,0.0
COL_03,Colombo,2,0,0.531,13.88,30.3,96.82,0.0
COL_03,Colombo,3,0,0.729,14.35,30.8,97.0,0.0
COL_03,Colombo,4,0,0.639,13.64,31.5,97.04,0.0
COL_03,Colombo,5,0,0.665,12.87,34.0,97.06,0.0
COL_03,Colombo,6,0,0.536,12.46,34.4,97.15,0.0
COL_03,Colombo,7,0,0.585,12.89,39.5,97.14,0.0
COL_03,Colombo,8,0,0.64,12.64,35.5,96.92,0.0
COL_03,Colombo,9,0,0.638,12.55,43.9,97.49,0.0
COL_03,Colombo,10,0,0.642,12.15,31.0,97.39,0.0
COL_03,Colombo,11,0,0.635,12.89,28.5,97.33,0.0
COL_03,Colombo,12,0,0.646,11.94,33.6,97.16,0.0
COL_03,Colombo,13,0,0.622,12.43,35.1,97.03,0.0
COL_03,Colombo,14,0,0.628,13.49,25.2,97.04,0.0
COL_03,Colombo,15,0,0.629,12.78,34.0,96.66,0.0
COL_03,Colombo,16,0,0.638,13.64,29.4,97.31,0.0
COL_03,Colombo,17,0,0.599,12.57,31.3,97.01,0.0
COL_03,Colombo,18,0,0.697,12.95,42.4,97.39,0.0
COL_03,Colombo,19,0,0.645,13.65,37.3,97.3,0.0
COL_03,Colombo,20,0,0.601,12.64,32.7,97.34,0.0
COL_03,Colombo,21,0,0.548,13.07,34.7,97.39,0.0
COL_03,Colombo,22,0,0.664,13.7,38.4,96.7,0.0
COL_03,Colombo,23,0,0.615,11.9,33.4,97.47,0.0
COL_03,Colombo,24,0,0.657,12.19,31.4,97.11,0.0
COL_03,Colombo,25,0,0.546,12.2,36.7,97.39,0.0
COL_03,Colombo,26,0,0.655,11.23,36.7,97.11,0.0
COL_04,Colombo,1,0,0.559,18.36,20.4,98.45,0.0
COL_04,Colombo,2,0,0.522,18.84,18.3,97.97,0.0
COL_04,Colombo,3,0,0.499,18.61,18.7,98.44,0.0
COL_04,Colombo,4,0,0.444,18.63,23.1,98.0,0.0
COL_04,Colombo,5,0,0.459,18.82,20.6,98.19,0.0
COL_04,Colombo,6,0,0.588,19.22,20.5,98.32,0.0
COL_04,Colombo,7,0,0.648,18.58,9.2,98.59,0.0
COL_04,Colombo,8,0,0.48,18.77,22.4,97.79,0.0
COL_04,Colombo,9,0,0.433,17.74,14.0,98.3,0.0
COL_04,Colombo,10,0,0.539,18.87,11.5,97.61,0.0
COL_04,Colombo,11,0,0.511,18.42,19.0,98.36,0.0
COL_04,Colombo,12,0,0.516,19.16,18.1,98.32,0.0
COL_04,Colombo,13,0,0.466,18.59,18.0,98.39,0.0
COL_04,Colombo,14,0,0.484,19.01,16.1,98.16,0.0
COL_04,Colombo,15,0,0.558,17.51,12.0,97.82,0.0
COL_04,Colombo,16,0,0.368,18.3,20.2,98.12,0.0
COL_04,Colombo,17,0,0.52,19.36,22.5,98.17,0.0
COL_04,Colombo,18,0,0.589,18.76,13.8,98.04,0.0
COL_04,Colombo,19,0,0.419,18.17,15.7,98.39,0.0
COL_04,Colombo,20,0,0.611,17.87,18.7,97.93,0.0
COL_04,Colombo,21,0,1.151,17.93,18.5,97.97,0.0
COL_04,Colombo,22,0,1.7,17.0,30.2,97.13,0.0
COL_04,Colombo,23,0,2.377,16.51,44.5,96.94,0.0
COL_04,Colombo,24,0,2.43,16.42,37.3,97.11,0.0
COL_04,Colombo,25,0,2.331,17.29,44.7,96.81,0.0
COL_04,Colombo,26,0,2.372,17.8,51.5,96.86,0.0
COL_05,Colombo,1,0,0.422,16.34,24.7,98.55,0.0
COL_05,Colombo,2,0,0.445,17.12,40.8,99.11,0.0
COL_05,Colombo,3,0,0.415,17.51,31.4,98.76,0.0
COL_05,Colombo,4,0,0.484,17.67,31.6,99.1,0.0
COL_05,Colombo,5,0,0.404,17.3,43.4,98.89,0.0
COL_05,Colombo,6,0,0.558,17.35,35.3,98.82,0.0
COL_05,Colombo,7,0,0.462,16.83,34.7,98.62,0.0
COL_05,Colombo,8,0,0.512,17.95,34.5,98.76,0.0
COL_05,Colombo,9,0,0.5,17.11,36.7,98.38,0.0
COL_05,Colombo,10,0,0.452,16.1,27.0,99.17,0.0
COL_05,Colombo,11,0,0.526,16.87,27.0,98.09,0.0
COL_05,Colombo,12,0,0.44,18.75,34.7,98.69,0.0
COL_05,Colombo,13,0,0.5,16.36,31.8,98.86,0.0
COL_05,Colombo,14,0,0.467,17.77,34.4,99.0,0.0
COL_05,Colombo,15,0,0.431,17.84,39.5,98.59,0.0
COL_05,Colombo,16,0,0.419,18.1,32.2,99.18,0.0
COL_05,Colombo,17,0,0.446,18.17,33.5,98.9,0.0
COL_05,Colombo,18,0,0.566,17.08,29.2,98.72,0.0
COL_05,Colombo,19,0,0.5,16.36,35.6,98.7,0.0
COL_05,Colombo,20,0,0.541,15.86,29.9,98.41,0.0
COL_05,Colombo,21,0,0.423,17.45,32.3,98.77,0.0
COL_05,Colombo,22,0,0.463,17.42,29.0,99.01,0.0
COL_05,Colombo,23,0,0.512,17.53,35.2,98.91,0.0
COL_05,Colombo,24,0,0.595,17.25,31.8,98.64,0.0
COL_05,Colombo,25,0,0.41,16.55,29.5,98.82,0.0
COL_05,Colombo,26,0,0.492,17.33,29.9,99.06,0.0
COL_06,Colombo,1,0,0.549,14.24,31.9,99.03,0.0
COL_06,Colombo,2,0,0.466,14.89,40.5,98.92,0.0
COL_06,Colombo,3,0,0.575,12.64,30.9,98.91,0.0
COL_06,Colombo,4,0,0.489,14.51,43.5,98.69,0.0
COL_06,Colombo,5,0,0.503,14.23,42.0,98.68,0.0
COL_06,Colombo,6,0,0.568,15.18,28.9,98.66,0.0
COL_06,Colombo,7,0,0.528,13.77,38.8,99.04,0.0
COL_06,Colombo,8,0,0.447,14.39,33.2,99.3,0.0
COL_06,Colombo,9,0,0.516,13.7,37.7,99.17,0.0
COL_06,Colombo,10,0,0.58,13.07,37.7,98.73,0.0
COL_06,Colombo,11,0,0.568,13.23,37.3,98.78,0.0
COL_06,Colombo,12,0,0.477,14.51,36.5,98.83,0.0
COL_06,Colombo,13,0,0.641,13.82,35.6,99.05,0.0
COL_06,Colombo,14,0,0.516,14.37,33.4,98.88,0.0
COL_06,Colombo,15,0,0.635,13.46,25.9,99.39,0.0
COL_06,Colombo,16,0,0.706,13.84,27.8,98.91,0.0
COL_06,Colombo,17,0,0.536,13.97,31.1,99.13,0.0
COL_06,Colombo,18,0,0.585,13.19,38.3,99.5,0.0
COL_06,Colombo,19,0,0.564,13.88,34.9,99.14,0.0
COL_06,Colombo,20,0,0.45,14.18,34.0,99.45,0.0
COL_06,Colombo,21,0,0.543,15.09,31.1,99.13,0.0
COL_06,Colombo,22,0,0.573,13.56,36.2,99.29,0.0
COL_06,Colombo,23,0,0.534,13.07,35.4,98.76,0.0
COL_06,Colombo,24,0,0.533,14.04,28.7,98.58,0.0
COL_06,Colombo,25,0,0.582,13.77,25.3,99.18,0.0
COL_06,Colombo,26,0,0.57,13.66,30.2,99.19,0.0
COL_07,Colombo,1,0,0.536,21.45,47.4,98.76,0.0
COL_07,Colombo,2,0,0.47,21.17,55.5,98.76,0.0
COL_07,Colombo,3,0,0.473,20.88,48.5,99.11,0.0
COL_07,Colombo,4,0,0.364,20.2,46.3,98.29,0.0
COL_07,Colombo,5,0,0.441,20.15,48.7,99.15,0.0
COL_07,Colombo,6,0,0.484,20.08,49.2,99.13,0.0
COL_07,Colombo,7,0,0.44,20.15,51.7,98.82,0.0
COL_07,Colombo,8,0,0.538,20.69,52.3,98.61,0.0
COL_07,Colombo,9,0,0.498,20.57,44.6,98.48,0.0
COL_07,Colombo,10,0,0.54,20.48,45.4,98.85,0.0
COL_07,Colombo,11,0,0.567,19.33,43.5,98.64,0.0
COL_07,Colombo,12,0,0.587,20.86,52.5,98.59,0.0
COL_07,Colombo,13,0,0.432,20.96,49.7,99.01,0.0
COL_07,Colombo,14,0,0.488,20.86,50.1,99.07,0.0
COL_07,Colombo,15,0,0.547,19.72,40.5,99.12,0.0
COL_07,Colombo,16,0,0.57,20.08,42.0,98.9,0.0
COL_07,Colombo,17,0,0.555,21.77,51.5,98.78,0.0
COL_07,Colombo,18,0,0.445,20.7,48.3,98.62,0.0
COL_07,Colombo,19,0,0.622,21.77,54.0,98.64,0.0
COL_07,Colombo,20,0,0.55,21.08,51.2,99.18,0.0
COL_07,Colombo,21,0,0.537,21.14,52.0,98.96,0.0
COL_07,Colombo,22,0,0.392,20.74,47.2,98.55,0.0
COL_07,Colombo,23,0,0.6,21.73,54.9,98.94,0.0
COL_07,Colombo,24,0,0.58,20.7,50.3,98.6,0.0
COL_07,Colombo,25,0,0.523,20.73,44.3,98.86,0.0
COL_07,Colombo,26,0,0.494,21.77,53.0,98.87,0.0
COL_08,Colombo,1,1,0.41,14.92,42.9,97.4,0.0
COL_08,Colombo,2,1,0.477,15.21,45.6,98.1,0.0
COL_08,Colombo,3,1,0.487,14.11,37.0,97.93,0.0
COL_08,Colombo,4,1,0.508,15.39,45.8,97.81,0.0
COL_08,Colombo,5,1,0.41,14.42,42.2,97.79,0.0
COL_08,Colombo,6,1,0.45,14.77,39.3,97.69,0.0
COL_08,Colombo,7,1,0.504,14.37,42.3,97.91,0.0
COL_08,Colombo,8,1,0.416,14.33,47.1,97.55,0.0
COL_08,Colombo,9,1,0.358,13.5,41.5,97.85,0.0
COL_08,Colombo,10,1,0.478,15.34,30.7,97.94,0.0
COL_08,Colombo,11,1,0.579,13.94,39.8,97.65,0.0
COL_08,Colombo,12,1,0.431,14.42,47.1,98.3,0.0
COL_08,Colombo,13,1,0.465,15.76,41.5,98.28,0.0
COL_08,Colombo,14,1,0.479,14.69,42.8,98.64,0.0
COL_08,Colombo,15,1,0.536,14.19,45.2,97.75,0.0
COL_08,Colombo,16,1,0.455,15.16,41.5,97.91,0.0
COL_08,Colombo,17,1,0.486,14.82,43.1,97.36,0.0
COL_08,Colombo,18,1,0.525,14.03,35.6,97.83,0.0
COL_08,Colombo,19,1,0.49,14.2,44.7,97.51,0.0
COL_08,Colombo,20,1,0.46,14.26,41.2,97.91,0.0
COL_08,Colombo,21,1,0.424,15.05,41.6,97.37,0.0
COL_08,Colombo,22,1,0.367,14.61,40.5,97.82,0.0
COL_08,Colombo,23,1,0.483,14.75,45.2,97.56,0.0
COL_08,Colombo,24,1,0.415,13.96,42.5,98.15,0.0
COL_08,Colombo,25,1,0.459,13.11,34.5,97.63,0.0
COL_08,Colombo,26,1,0.451,14.37,41.5,97.76,0.0
COL_09,Colombo,1,0,0.603,12.65,39.1,98.78,0.0
COL_09,Colombo,2,0,0.721,12.61,27.7,98.95,0.0
COL_09,Colombo,3,0,0.532,12.29,34.4,99.07,0.0
COL_09,Colombo,4,0,0.56,13.33,37.4,99.29,0.0
COL_09,Colombo,5,0,0.629,13.56,25.3,98.86,0.0
COL_09,Colombo,6,0,0.545,12.81,30.5,98.89,0.0
COL_09,Colombo,7,0,0.71,12.64,34.4,98.88,0.0
COL_09,Colombo,8,0,0.601,12.75,34.6,99.23,0.0
COL_09,Colombo,9,0,0.696,12.93,35.1,98.65,0.0
COL_09,Colombo,10,0,0.592,13.31,36.3,98.99,0.0
COL_09,Colombo,11,0,0.65,13.04,37.6,99.01,0.0
COL_09,Colombo,12,0,0.576,12.94,21.1,99.03,0.0
COL_09,Colombo,13,0,0.378,11.71,34.6,99.05,0.0
COL_09,Colombo,14,0,0.527,12.32,38.3,98.81,0.0
COL_09,Colombo,15,0,0.731,12.74,34.4,99.34,0.0
COL_09,Colombo,16,0,0.605,12.14,32.4,98.93,0.0
COL_09,Colombo,17,0,0.515,12.59,29.8,99.17,0.0
COL_09,Colombo,18,0,0.599,12.57,32.4,98.99,0.0
COL_09,Colombo,19,0,0.634,12.14,28.6,99.21,0.0
COL_09,Colombo,20,0,0.572,11.89,34.6,99.05,0.0
COL_09,Colombo,21,0,0.505,12.88,35.7,99.03,0.0
COL_09,Colombo,22,0,0.635,11.9,34.1,98.86,0.0
COL_09,Colombo,23,0,0.568,13.26,38.7,99.38,0.0
COL_09,Colombo,24,0,0.676,12.68,34.2,99.13,0.0
COL_09,Colombo,25,0,0.604,12.82,36.1,98.92,0.0
COL_09,Colombo,26,0,0.553,12.49,35.3,98.94,0.0
COL_10,Colombo,1,0,0.435,15.63,39.3,99.06,0.0
COL_10,Colombo,2,0,0.477,16.61,40.5,99.21,0.0
COL_10,Colombo,3,0,0.522,16.61,30.7,99.04,0.0
COL_10,Colombo,4,0,0.367,16.26,39.1,99.39,0.0
COL_10,Colombo,5,0,0.569,16.36,37.1,99.25,0.0
COL_10,Colombo,6,0,0.466,16.24,43.1,98.99,0.0
COL_10,Colombo,7,0,0.546,16.65,35.3,99.37,0.0
COL_10,Colombo,8,0,0.54,16.3,36.1,98.91,0.0
COL_10,Colombo,9,0,0.465,16.57,35.3,99.24,0.0
COL_10,Colombo,10,0,0.423,16.12,39.6,99.74,0.0
COL_10,Colombo,11,0,0.415,17.13,39.7,99.23,0.0
COL_10,Colombo,12,0,0.505,16.51,38.5,99.49,0.0
COL_10,Colombo,13,0,0.47,16.92,36.5,99.11,0.0
COL_10,Colombo,14,0,0.433,16.52,44.9,99.11,0.0
COL_10,Colombo,15,0,0.486,15.57,38.2,98.73,0.0
COL_10,Colombo,16,0,0.443,16.38,44.4,99.83,0.0
COL_10,Colombo,17,0,0.462,17.1,40.1,99.09,0.0
COL_10,Colombo,18,0,0.524,16.28,39.6,99.03,0.0
COL_10,Colombo,19,0,0.414,15.32,41.7,99.06,0.0
COL_10,Colombo,20,0,0.462,16.25,42.3,99.17,0.0
COL_10,Colombo,21,0,1.579,15.71,54.1,98.44,0.0
COL_10,Colombo,22,0,2.797,14.46,61.0,97.65,0.0
COL_10,Colombo,23,0,3.895,12.76,60.7,96.86,0.0
COL_10,Colombo,24,0,3.778,11.98,70.3,96.89,0.0
COL_10,Colombo,25,0,3.949,12.29,60.5,96.62,0.0
COL_10,Colombo,26,0,3.866,12.5,69.7,96.59,0.0
COL_11,Colombo,1,0,0.488,11.77,56.9,98.58,0.0
COL_11,Colombo,2,0,0.485,10.67,46.3,98.54,0.0
COL_11,Colombo,3,0,0.458,12.76,49.2,98.92,0.0
COL_11,Colombo,4,0,0.503,11.95,49.5,98.6,0.0
COL_11,Colombo,5,0,0.602,10.54,41.8,98.47,0.0
COL_11,Colombo,6,0,0.5,12.34,51.7,98.51,0.0
COL_11,Colombo,7,0,0.56,12.55,50.6,98.84,0.0
COL_11,Colombo,8,0,0.516,11.59,52.6,98.63,0.0
COL_11,Colombo,9,0,0.499,12.81,40.1,98.25,0.0
COL_11,Colombo,10,0,0.428,11.71,48.8,98.23,0.0
COL_11,Colombo,11,0,0.44,11.41,59.7,99.05,0.0
COL_11,Colombo,12,0,0.475,11.71,45.3,98.13,0.0
COL_11,Colombo,13,0,0.492,11.33,49.5,98.2,0.0
COL_11,Colombo,14,0,0.454,12.02,51.3,98.71,0.0
COL_11,Colombo,15,0,0.42,12.44,46.7,98.76,0.0
COL_11,Colombo,16,0,0.499,11.1,48.6,98.69,0.0
COL_11,Colombo,17,0,0.536,11.84,56.0,98.85,0.0
COL_11,Colombo,18,0,0.484,12.38,57.6,99.09,0.0
COL_11,Colombo,19,0,0.426,11.37,55.8,98.34,0.0
COL_11,Colombo,20,0,0.42,11.64,51.5,98.58,0.0
COL_11,Colombo,21,0,0.46,11.53,47.0,98.38,0.0
COL_11,Colombo,22,0,0.636,12.11,53.4,98.48,0.0
COL_11,Colombo,23,0,0.488,11.5,39.2,98.26,0.0
COL_11,Colombo,24,0,0.391,10.58,45.1,98.93,0.0
COL_11,Colombo,25,0,0.497,12.7,51.5,98.8,0.0
COL_11,Colombo,26,0,0.445,12.24,52.8,98.46,0.0
COL_12,Colombo,1,0,0.391,16.02,38.2,97.62,0.0
COL_12,Colombo,2,0,0.53,16.31,39.3,98.2,0.0
COL_12,Colombo,3,0,0.605,15.37,43.6,97.68,0.0
COL_12,Colombo,4,0,0.591,16.01,35.2,97.36,0.0
COL_12,Colombo,5,0,0.518,15.04,40.7,98.19,0.0
COL_12,Colombo,6,0,0.481,16.15,34.0,97.66,0.0
COL_12,Colombo,7,0,0.575,15.95,43.8,97.69,0.0
COL_12,Colombo,8,0,0.588,16.03,40.0,97.7,0.0
COL_12,Colombo,9,0,0.525,15.9,33.5,97.98,0.0
COL_12,Colombo,10,0,0.567,16.33,43.0,98.18,0.0
COL_12,Colombo,11,0,0.506,16.2,34.4,97.82,0.0
COL_12,Colombo,12,0,0.492,16.94,38.3,97.76,0.0
COL_12,Colombo,13,0,0.6,14.67,28.8,98.01,0.0
COL_12,Colombo,14,0,0.532,16.12,31.6,97.81,0.0
COL_12,Colombo,15,0,0.649,16.47,37.5,97.7,0.0
COL_12,Colombo,16,0,0.505,14.69,37.9,98.03,0.0
COL_12,Colombo,17,0,0.434,15.58,32.2,97.57,0.0
COL_12,Colombo,18,0,0.532,14.72,39.3,98.0,0.0
COL_12,Colombo,19,0,0.513,14.48,32.9,98.12,0.0
COL_12,Colombo,20,0,0.362,15.76,32.1,98.02,0.0
COL_12,Colombo,21,0,0.488,16.21,39.1,98.27,0.0
COL_12,Colombo,22,0,0.516,16.2,30.9,98.11,0.0
COL_12,Colombo,23,0,0.483,15.64,36.8,97.42,0.0
COL_12,Colombo,24,0,0.542,16.55,38.0,97.42,0.0
COL_12,Colombo,25,0,0.521,16.42,29.3,97.55,0.0
COL_12,Colombo,26,0,0.581,16.13,38.5,98.28,0.0
GAM_01,Gampaha,1,0,0.542,15.89,73.9,99.03,0.0
GAM_01,Gampaha,2,0,0.535,15.77,81.7,98.42,0.0
GAM_01,Gampaha,3,0,0.5,16.55,72.8,98.54,0.0
GAM_01,Gampaha,4,0,0.63,16.49,76.5,98.32,0.0
GAM_01,Gampaha,5,0,0.491,16.06,76.5,98.68,0.0
GAM_01,Gampaha,6,0,0.412,16.73,76.5,98.54,0.0
GAM_01,Gampaha,7,0,0.448,17.01,83.0,98.69,0.0
GAM_01,Gampaha,8,0,0.425,16.71,79.6,98.05,0.0
GAM_01,Gampaha,9,0,0.514,16.43,80.2,98.49,0.0
GAM_01,Gampaha,10,0,0.533,17.09,82.9,97.73,0.0
GAM_01,Gampaha,11,0,0.497,16.11,71.0,98.47,0.0
GAM_01,Gampaha,12,0,0.591,15.56,79.3,98.22,0.0
GAM_01,Gampaha,13,0,0.475,17.1,75.8,98.57,0.0
GAM_01,Gampaha,14,0,0.403,17.33,80.4,98.4,0.0
GAM_01,Gampaha,15,0,0.55,15.36,82.7,98.37,0.0
GAM_01,Gampaha,16,0,0.503,15.92,75.7,98.62,0.0
GAM_01,Gampaha,17,0,0.531,16.6,78.0,98.58,0.0
GAM_01,Gampaha,18,0,0.49,17.55,71.7,98.77,0.0
GAM_01,Gampaha,19,0,0.598,15.7,86.9,98.7,0.0
GAM_01,Gampaha,20,0,0.574,16.23,77.1,98.4,0.0
GAM_01,Gampaha,21,0,0.539,17.05,78.7,98.22,0.0
GAM_01,Gampaha,22,0,0.565,16.76,80.6,98.64,0.0
GAM_01,Gampaha,23,0,0.499,15.65,74.5,98.04,0.0
GAM_01,Gampaha,24,0,0.53,16.16,76.2,97.71,0.0
GAM_01,Gampaha,25,0,0.441,16.88,75.3,98.54,0.0
GAM_01,Gampaha,26,0,0.432,17.07,77.4,98.52,0.0
GAM_02,Gampaha,1,0,0.864,18.37,49.2,98.21,0.0
GAM_02,Gampaha,2,0,0.883,18.66,43.9,98.0,0.0
GAM_02,Gampaha,3,0,0.724,18.72,44.0,98.19,0.0
GAM_02,Gampaha,4,0,0.698,17.63,34.3,97.74,0.0
GAM_02,Gampaha,5,0,0.782,19.12,40.0,97.62,0.0
GAM_02,Gampaha,6,0,0.764,18.35,48.4,97.82,0.0
GAM_02,Gampaha,7,0,0.752,19.47,41.8,98.33,0.0
GAM_02,Gampaha,8,0,0.782,18.64,43.1,97.98,0.0
GAM_02,Gampaha,9,0,0.828,17.62,41.3,98.23,0.0
GAM_02,Gampaha,10,0,0.739,18.43,37.5,97.92,0.0
GAM_02,Gampaha,11,0,0.754,17.78,41.3,97.9,0.0
GAM_02,Gampaha,12,0,0.818,17.73,37.7,98.03,0.0
GAM_02,Gampaha,13,0,0.855,18.64,39.2,98.31,0.0
GAM_02,Gampaha,14,0,0.649,18.42,48.0,98.22,0.0
GAM_02,Gampaha,15,0,0.78,18.77,43.6,97.69,0.0
GAM_02,Gampaha,16,0,0.675,18.57,37.2,98.51,0.0
GAM_02,Gampaha,17,0,2.617,16.66,25.3,96.36,0.0
GAM_02,Gampaha,18,0,4.665,17.04,37.5,94.6,0.0
GAM_02,Gampaha,19,0,6.681,15.55,32.9,92.58,238.0
GAM_02,Gampaha,20,0,6.693,14.35,25.3,93.25,141.0
GAM_02,Gampaha,21,0,6.698,15.51,28.6,93.21,0.0
GAM_02,Gampaha,22,0,6.541,14.88,31.2,92.97,0.0
GAM_02,Gampaha,23,0,6.613,15.15,23.5,92.71,81.0
GAM_02,Gampaha,24,0,6.697,15.28,27.4,92.91,123.0
GAM_02,Gampaha,25,0,6.579,14.8,26.5,92.58,0.0
GAM_02,Gampaha,26,0,6.553,15.38,28.1,92.96,215.0
GAM_03,Gampaha,1,0,0.469,11.43,27.0,98.76,0.0
GAM_03,Gampaha,2,0,0.406,10.65,21.1,98.03,0.0
GAM_03,Gampaha,3,0,0.505,10.13,25.8,98.27,0.0
GAM_03,Gampaha,4,0,0.364,10.62,24.7,98.72,0.0
GAM_03,Gampaha,5,0,0.475,10.91,28.5,99.02,0.0
GAM_03,Gampaha,6,0,0.384,10.69,32.1,98.94,0.0
GAM_03,Gampaha,7,0,0.363,10.53,33.0,98.75,0.0
GAM_03,Gampaha,8,0,0.46,10.59,26.1,98.69,0.0
GAM_03,Gampaha,9,0,0.433,10.7,27.9,98.45,0.0
GAM_03,Gampaha,10,0,0.48,12.47,20.5,98.7,0.0
GAM_03,Gampaha,11,0,0.403,11.07,27.8,98.81,0.0
GAM_03,Gampaha,12,0,0.519,10.84,32.1,98.03,0.0
GAM_03,Gampaha,13,0,0.544,10.95,31.9,98.32,0.0
GAM_03,Gampaha,14,0,0.398,10.81,27.5,98.69,0.0
GAM_03,Gampaha,15,0,0.513,9.66,31.5,98.62,0.0
GAM_03,Gampaha,16,0,0.436,9.84,29.6,98.02,0.0
GAM_03,Gampaha,17,0,0.487,9.83,27.8,98.59,0.0
GAM_03,Gampaha,18,0,0.518,10.61,24.8,98.49,0.0
GAM_03,Gampaha,19,0,0.525,11.04,26.0,98.56,0.0
GAM_03,Gampaha,20,0,0.354,10.95,20.5,98.81,0.0
GAM_03,Gampaha,21,0,0.456,12.15,23.2,98.59,0.0
GAM_03,Gampaha,22,0,0.556,11.44,24.8,98.68,0.0
GAM_03,Gampaha,23,0,0.448,10.89,24.8,98.6,0.0
GAM_03,Gampaha,24,0,0.352,10.8,29.4,98.56,0.0
GAM_03,Gampaha,25,0,0.351,11.31,29.0,98.44,0.0
GAM_03,Gampaha,26,0,0.431,9.82,23.5,98.49,0.0
GAM_04,Gampaha,1,0,0.613,12.01,50.2,97.91,0.0
GAM_04,Gampaha,2,0,0.647,12.56,61.8,97.79,0.0
GAM_04,Gampaha,3,0,0.634,12.16,50.3,98.26,0.0
GAM_04,Gampaha,4,0,0.482,12.98,59.9,98.11,0.0
GAM_04,Gampaha,5,0,0.638,13.45,51.7,98.08,0.0
GAM_04,Gampaha,6,0,0.485,13.22,51.9,97.97,0.0
GAM_04,Gampaha,7,0,0.63,12.49,50.2,98.37,0.0
GAM_04,Gampaha,8,0,0.542,13.47,46.7,98.06,0.0
GAM_04,Gampaha,9,0,0.737,13.51,52.7,97.99,0.0
GAM_04,Gampaha,10,0,0.59,12.88,52.5,98.2,0.0
GAM_04,Gampaha,11,0,0.62,12.71,46.6,98.09,0.0
GAM_04,Gampaha,12,0,0.677,12.02,51.6,98.02,0.0
GAM_04,Gampaha,13,0,0.629,12.6,58.2,98.35,0.0
GAM_04,Gampaha,14,0,0.543,13.24,49.2,98.08,0.0
GAM_04,Gampaha,15,0,0.641,12.54,55.9,98.03,0.0
GAM_04,Gampaha,16,0,0.585,12.44,50.1,98.5,0.0
GAM_04,Gampaha,17,0,0.66,13.86,61.4,97.97,0.0
GAM_04,Gampaha,18,0,1.214,11.47,57.9,97.64,0.0
GAM_04,Gampaha,19,0,1.733,10.88,69.1,97.06,0.0
GAM_04,Gampaha,20,0,2.434,10.3,89.6,96.83,0.0
GAM_04,Gampaha,21,0,2.388,10.07,85.1,97.22,0.0
GAM_04,Gampaha,22,0,2.402,10.04,79.2,96.66,0.0
GAM_04,Gampaha,23,0,2.472,11.34,78.7,96.33,0.0
GAM_04,Gampaha,24,0,2.325,11.26,83.2,97.22,0.0
GAM_04,Gampaha,25,0,2.288,11.03,82.4,96.53,0.0
GAM_04,Gampaha,26,0,2.383,11.02,77.1,96.48,0.0
GAM_05,Gampaha,1,0,0.431,13.47,40.4,98.23,0.0
GAM_05,Gampaha,2,0,0.289,13.94,42.1,98.22,0.0
GAM_05,Gampaha,3,0,0.462,12.48,34.2,98.27,0.0
GAM_05,Gampaha,4,0,0.404,13.75,40.2,98.37,0.0
GAM_05,Gampaha,5,0,0.46,13.94,41.0,97.68,0.0
GAM_05,Gampaha,6,0,0.451,14.38,44.7,97.99,0.0
GAM_05,Gampaha,7,0,0.445,14.17,48.3,97.99,0.0
GAM_05,Gampaha,8,0,0.391,14.1,42.3,97.93,0.0
GAM_05,Gampaha,9,0,0.429,14.0,42.4,98.26,0.0
GAM_05,Gampaha,10,0,0.389,14.54,38.5,98.06,0.0
GAM_05,Gampaha,11,0,0.405,14.18,36.1,97.88,0.0
GAM_05,Gampaha,12,0,0.282,13.67,37.6,98.11,0.0
GAM_05,Gampaha,13,0,0.444,13.26,43.0,98.13,0.0
GAM_05,Gampaha,14,0,0.445,13.93,39.3,98.16,0.0
GAM_05,Gampaha,15,0,0.467,13.89,36.5,98.37,0.0
GAM_05,Gampaha,16,0,0.339,14.5,46.2,98.28,0.0
GAM_05,Gampaha,17,0,0.414,13.52,44.8,98.11,0.0
GAM_05,Gampaha,18,0,0.419,14.17,39.8,98.05,0.0
GAM_05,Gampaha,19,0,0.333,13.01,34.8,98.39,0.0
GAM_05,Gampaha,20,0,0.513,14.5,35.6,98.39,0.0
GAM_05,Gampaha,21,0,0.49,13.37,42.5,97.7,0.0
GAM_05,Gampaha,22,0,0.42,13.01,42.9,97.82,0.0
GAM_05,Gampaha,23,0,0.437,14.26,38.9,97.92,0.0
GAM_05,Gampaha,24,0,0.275,13.49,39.7,97.82,0.0
GAM_05,Gampaha,25,0,0.432,13.38,37.8,98.07,0.0
GAM_05,Gampaha,26,0,0.469,14.01,41.6,98.36,0.0
GAM_06,Gampaha,1,0,0.318,14.92,34.2,98.57,0.0
GAM_06,Gampaha,2,0,0.105,14.21,50.0,98.19,0.0
GAM_06,Gampaha,3,0,0.2,13.93,50.0,97.79,0.0
GAM_06,Gampaha,4,0,0.355,14.55,41.1,98.13,0.0
GAM_06,Gampaha,5,0,0.226,15.1,48.8,97.84,0.0
GAM_06,Gampaha,6,0,0.263,14.07,51.1,97.93,0.0
GAM_06,Gampaha,7,0,0.384,14.56,41.3,98.1,0.0
GAM_06,Gampaha,8,0,0.239,13.82,46.3,97.96,0.0
GAM_06,Gampaha,9,0,0.157,14.36,38.7,98.08,0.0
GAM_06,Gampaha,10,0,0.233,14.06,53.9,98.29,0.0
GAM_06,Gampaha,11,0,0.302,13.52,43.3,98.32,0.0
GAM_06,Gampaha,12,0,0.226,15.13,41.1,98.2,0.0
GAM_06,Gampaha,13,0,0.252,14.68,43.4,98.2,0.0
GAM_06,Gampaha,14,0,0.273,14.14,47.9,98.33,0.0
GAM_06,Gampaha,15,0,0.282,14.33,49.1,98.21,0.0
GAM_06,Gampaha,16,0,0.269,14.65,52.7,97.94,0.0
GAM_06,Gampaha,17,0,0.334,13.45,46.8,98.66,0.0
GAM_06,Gampaha,18,0,0.317,14.69,43.7,98.28,0.0
GAM_06,Gampaha,19,0,0.272,14.11,44.8,98.32,0.0
GAM_06,Gampaha,20,0,0.241,14.1,40.5,98.37,0.0
GAM_06,Gampaha,21,0,0.32,14.72,49.8,98.29,0.0
GAM_06,Gampaha,22,0,0.311,14.77,45.5,98.14,0.0
GAM_06,Gampaha,23,0,0.42,14.31,43.3,98.38,0.0
GAM_06,Gampaha,24,0,0.303,13.74,50.4,98.25,0.0
GAM_06,Gampaha,25,0,0.221,15.3,48.4,97.95,0.0
GAM_06,Gampaha,26,0,0.394,14.98,45.9,98.67,0.0
GAM_07,Gampaha,1,0,0.425,14.5,35.1,98.67,0.0
GAM_07,Gampaha,2,0,0.384,14.77,25.0,99.06,0.0
GAM_07,Gampaha,3,0,0.444,15.21,33.4,99.17,0.0
GAM_07,Gampaha,4,0,0.448,14.5,38.4,98.89,0.0
GAM_07,Gampaha,5,0,0.532,13.83,36.6,99.24,0.0
GAM_07,Gampaha,6,0,0.512,15.58,32.4,98.66,0.0
GAM_07,Gampaha,7,0,0.413,14.82,37.4,99.03,0.0
GAM_07,Gampaha,8,0,0.405,14.89,30.5,99.3,0.0
GAM_07,Gampaha,9,0,0.644,14.65,37.7,98.88,0.0
GAM_07,Gampaha,10,0,0.364,14.07,31.0,98.65,0.0
GAM_07,Gampaha,11,0,0.576,14.59,36.9,98.93,0.0
GAM_07,Gampaha,12,0,0.462,15.01,35.3,99.14,0.0
GAM_07,Gampaha,13,0,0.461,14.22,29.8,98.51,0.0
GAM_07,Gampaha,14,0,0.457,14.46,30.3,99.0,0.0
GAM_07,Gampaha,15,0,0.476,13.13,31.8,99.11,0.0
GAM_07,Gampaha,16,0,0.496,13.73,36.0,99.26,0.0
GAM_07,Gampaha,17,0,0.519,14.37,33.5,98.85,0.0
GAM_07,Gampaha,18,0,0.5,14.54,37.9,99.04,0.0
GAM_07,Gampaha,19,0,0.521,14.48,38.6,99.23,0.0
GAM_07,Gampaha,20,0,0.424,13.34,41.6,99.07,0.0
GAM_07,Gampaha,21,0,0.369,14.0,38.5,98.94,0.0
GAM_07,Gampaha,22,0,0.442,15.27,31.2,98.81,0.0
GAM_07,Gampaha,23,0,0.485,14.66,37.4,99.24,0.0
GAM_07,Gampaha,24,0,0.484,14.72,34.4,99.02,0.0
GAM_07,Gampaha,25,0,0.479,14.56,38.5,99.15,0.0
GAM_07,Gampaha,26,0,0.475,13.94,35.7,99.0,0.0
GAM_08,Gampaha,1,1,0.617,20.01,38.5,98.7,0.0
GAM_08,Gampaha,2,1,0.456,20.39,40.6,98.98,0.0
GAM_08,Gampaha,3,1,0.553,20.18,35.9,99.57,0.0
GAM_08,Gampaha,4,1,0.501,19.81,34.4,98.66,0.0
GAM_08,Gampaha,5,1,0.533,20.02,37.7,98.88,0.0
GAM_08,Gampaha,6,1,0.521,19.73,32.9,98.95,0.0
GAM_08,Gampaha,7,1,0.513,20.44,34.0,99.06,0.0
GAM_08,Gampaha,8,1,0.432,19.92,33.4,99.22,0.0
GAM_08,Gampaha,9,1,0.515,20.6,42.2,99.6,0.0
GAM_08,Gampaha,10,1,0.374,19.79,34.7,98.68,0.0
GAM_08,Gampaha,11,1,0.412,20.06,32.3,98.98,0.0
GAM_08,Gampaha,12,1,0.48,20.53,39.2,99.05,0.0
GAM_08,Gampaha,13,1,0.455,21.51,38.1,98.43,0.0
GAM_08,Gampaha,14,1,0.417,19.19,37.3,98.87,0.0
GAM_08,Gampaha,15,1,0.449,21.44,39.4,99.08,0.0
GAM_08,Gampaha,16,1,0.421,19.64,37.3,98.94,0.0
GAM_08,Gampaha,17,1,0.366,20.13,37.2,98.84,0.0
GAM_08,Gampaha,18,1,0.428,19.91,36.5,98.92,0.0
GAM_08,Gampaha,19,1,0.513,20.89,36.0,98.78,0.0
GAM_08,Gampaha,20,1,0.503,20.6,35.5,99.09,0.0
GAM_08,Gampaha,21,1,0.536,21.01,44.3,98.68,0.0
GAM_08,Gampaha,22,1,0.478,20.24,36.8,98.73,0.0
GAM_08,Gampaha,23,1,0.388,20.29,34.1,98.92,0.0
GAM_08,Gampaha,24,1,0.429,19.58,38.1,98.93,0.0
GAM_08,Gampaha,25,1,0.512,21.55,38.3,99.02,0.0
GAM_08,Gampaha,26,1,0.412,19.46,43.5,98.66,0.0
GAM_09,Gampaha,1,0,0.255,13.56,46.6,98.09,0.0
GAM_09,Gampaha,2,0,0.267,13.45,39.8,97.95,0.0
GAM_09,Gampaha,3,0,0.374,13.78,42.5,98.14,0.0
GAM_09,Gampaha,4,0,0.161,15.02,38.1,98.05,0.0
GAM_09,Gampaha,5,0,0.319,15.05,45.0,97.37,0.0
GAM_09,Gampaha,6,0,0.257,14.48,42.0,98.09,0.0
GAM_09,Gampaha,7,0,0.351,14.76,42.0,97.51,0.0
GAM_09,Gampaha,8,0,0.277,14.65,38.5,98.13,0.0
GAM_09,Gampaha,9,0,0.358,14.47,30.6,97.65,0.0
GAM_09,Gampaha,10,0,0.417,14.07,34.9,98.28,0.0
GAM_09,Gampaha,11,0,0.305,15.06,43.9,98.08,0.0
GAM_09,Gampaha,12,0,0.326,14.82,51.9,98.21,0.0
GAM_09,Gampaha,13,0,0.209,14.67,47.4,98.27,0.0
GAM_09,Gampaha,14,0,0.278,15.1,46.5,98.61,0.0
GAM_09,Gampaha,15,0,0.259,14.09,41.6,97.85,0.0
GAM_09,Gampaha,16,0,0.25,12.74,41.1,98.06,0.0
GAM_09,Gampaha,17,0,0.274,15.56,42.9,98.29,0.0
GAM_09,Gampaha,18,0,0.32,14.89,43.9,98.31,0.0
GAM_09,Gampaha,19,0,0.307,14.7,44.3,97.9,0.0
GAM_09,Gampaha,20,0,0.328,15.74,41.7,98.07,0.0
GAM_09,Gampaha,21,0,0.379,15.08,42.9,97.37,0.0
GAM_09,Gampaha,22,0,0.335,13.07,48.7,98.01,0.0
GAM_09,Gampaha,23,0,0.364,13.86,36.6,98.03,0.0
GAM_09,Gampaha,24,0,0.302,14.1,43.2,98.66,0.0
GAM_09,Gampaha,25,0,0.354,15.03,46.2,98.34,0.0
GAM_09,Gampaha,26,0,0.292,13.17,42.1,98.17,0.0
GAM_10,Gampaha,1,0,0.352,14.02,35.8,99.36,0.0
GAM_10,Gampaha,2,0,0.183,14.13,36.3,99.9,0.0
GAM_10,Gampaha,3,0,0.409,14.98,31.0,99.56,0.0
GAM_10,Gampaha,4,0,0.343,15.56,40.9,99.9,0.0
GAM_10,Gampaha,5,0,0.291,13.51,38.2,99.38,0.0
GAM_10,Gampaha,6,0,0.3,13.97,41.4,99.56,0.0
GAM_10,Gampaha,7,0,0.168,14.34,32.2,99.66,0.0
GAM_10,Gampaha,8,0,0.309,13.88,38.2,99.27,0.0
GAM_10,Gampaha,9,0,0.283,14.45,32.6,99.25,0.0
GAM_10,Gampaha,10,0,0.354,14.72,34.8,99.16,0.0
GAM_10,Gampaha,11,0,0.357,13.05,36.2,99.43,0.0
GAM_10,Gampaha,12,0,0.245,13.78,34.3,99.49,0.0
GAM_10,Gampaha,13,0,0.35,13.77,38.9,99.72,0.0
GAM_10,Gampaha,14,0,0.272,13.52,28.4,99.72,0.0
GAM_10,Gampaha,15,0,0.293,12.62,32.9,99.43,0.0
GAM_10,Gampaha,16,0,0.409,13.02,29.2,99.9,0.0
GAM_10,Gampaha,17,0,0.396,13.59,32.5,99.81,0.0
GAM_10,Gampaha,18,0,0.175,12.92,33.9,99.9,0.0
GAM_10,Gampaha,19,0,0.288,14.1,39.5,99.9,0.0
GAM_10,Gampaha,20,0,0.28,14.03,42.3,99.27,0.0
GAM_10,Gampaha,21,0,0.376,13.43,35.4,99.59,0.0
GAM_10,Gampaha,22,0,0.257,13.45,36.1,99.9,0.0
GAM_10,Gampaha,23,0,0.306,14.08,37.3,99.41,0.0
GAM_10,Gampaha,24,0,0.359,14.53,45.4,99.56,0.0
GAM_10,Gampaha,25,0,0.287,14.5,38.3,99.52,0.0
GAM_10,Gampaha,26,0,0.29,14.37,31.7,99.55,0.0
GAM_11,Gampaha,1,1,0.391,16.67,33.0,97.2,0.0
GAM_11,Gampaha,2,1,0.542,17.49,36.2,97.2,0.0
GAM_11,Gampaha,3,1,0.437,17.29,38.5,97.08,0.0
GAM_11,Gampaha,4,1,0.465,15.87,37.0,97.5,0.0
GAM_11,Gampaha,5,1,0.446,18.18,32.6,97.36,0.0
GAM_11,Gampaha,6,1,0.46,17.03,35.7,97.34,0.0
GAM_11,Gampaha,7,1,0.513,17.92,36.1,97.51,0.0
GAM_11,Gampaha,8,1,0.42,17.55,33.1,97.58,0.0
GAM_11,Gampaha,9,1,0.595,17.02,27.4,97.17,0.0
GAM_11,Gampaha,10,1,0.536,17.42,37.1,97.56,0.0
GAM_11,Gampaha,11,1,0.492,17.82,39.8,97.69,0.0
GAM_11,Gampaha,12,1,0.484,17.63,34.9,97.16,0.0
GAM_11,Gampaha,13,1,0.565,17.22,39.4,97.34,0.0
GAM_11,Gampaha,14,1,0.427,17.1,41.9,97.45,0.0
GAM_11,Gampaha,15,1,0.36,16.96,43.3,97.26,0.0
GAM_11,Gampaha,16,1,0.355,18.23,38.9,97.29,0.0
GAM_11,Gampaha,17,1,0.44,17.74,34.0,97.6,0.0
GAM_11,Gampaha,18,1,0.495,17.24,36.7,97.27,0.0
GAM_11,Gampaha,19,1,0.525,16.57,29.7,97.46,0.0
GAM_11,Gampaha,20,1,0.5,17.38,37.8,97.23,0.0
GAM_11,Gampaha,21,1,0.51,17.06,34.2,97.23,0.0
GAM_11,Gampaha,22,1,1.747,14.74,46.8,96.04,0.0
GAM_11,Gampaha,23,1,2.783,14.21,45.1,95.72,0.0
GAM_11,Gampaha,24,1,3.93,11.9,65.5,95.13,0.0
GAM_11,Gampaha,25,1,4.043,13.37,62.3,95.1,0.0
GAM_11,Gampaha,26,1,4.054,13.83,58.4,94.82,0.0
GAM_12,Gampaha,1,1,0.463,9.22,55.2,99.9,0.0
GAM_12,Gampaha,2,1,0.452,10.38,49.8,99.88,0.0
GAM_12,Gampaha,3,1,0.539,10.39,50.4,99.9,0.0
GAM_12,Gampaha,4,1,0.53,10.17,46.8,99.9,0.0
GAM_12,Gampaha,5,1,0.54,10.22,43.7,99.59,0.0
GAM_12,Gampaha,6,1,0.586,9.97,42.4,99.9,0.0
GAM_12,Gampaha,7,1,0.479,10.64,49.8,99.85,0.0
GAM_12,Gampaha,8,1,0.582,9.26,46.1,99.75,0.0
GAM_12,Gampaha,9,1,0.561,9.0,43.4,99.9,0.0
GAM_12,Gampaha,10,1,0.475,9.56,42.7,99.63,0.0
GAM_12,Gampaha,11,1,0.511,10.35,47.0,99.9,0.0
GAM_12,Gampaha,12,1,0.47,9.39,56.3,99.85,0.0
GAM_12,Gampaha,13,1,0.478,9.7,55.5,99.9,0.0
GAM_12,Gampaha,14,1,0.463,9.77,50.5,99.55,0.0
GAM_12,Gampaha,15,1,0.508,9.8,54.7,99.9,0.0
GAM_12,Gampaha,16,1,0.492,9.67,52.8,99.65,0.0
GAM_12,Gampaha,17,1,0.547,9.74,46.2,99.56,0.0
GAM_12,Gampaha,18,1,0.598,9.7,56.7,99.67,0.0
GAM_12,Gampaha,19,1,0.529,11.23,45.9,99.33,0.0
GAM_12,Gampaha,20,1,0.589,9.3,50.0,99.65,0.0
GAM_12,Gampaha,21,1,2.0,7.29,50.0,98.62,0.0
GAM_12,Gampaha,22,1,3.395,5.51,50.0,96.87,0.0
GAM_12,Gampaha,23,1,4.903,4.07,50.5,95.87,0.0
GAM_12,Gampaha,24,1,4.927,3.6,54.9,96.29,0.0
GAM_12,Gampaha,25,1,4.9,4.29,51.1,96.03,0.0
GAM_12,Gampaha,26,1,5.022,4.3,45.0,96.05,0.0
KAN_01,Kandy,1,1,0.517,13.78,62.1,97.64,0.0
KAN_01,Kandy,2,1,0.546,13.3,56.7,98.03,0.0
KAN_01,Kandy,3,1,0.707,14.5,58.9,98.15,0.0
KAN_01,Kandy,4,1,0.646,13.41,60.4,97.84,0.0
KAN_01,Kandy,5,1,0.673,14.64,57.8,98.07,0.0
KAN_01,Kandy,6,1,0.647,12.21,58.2,98.09,0.0
KAN_01,Kandy,7,1,0.62,14.35,56.6,97.83,0.0
KAN_01,Kandy,8,1,0.614,13.96,57.4,98.16,0.0
KAN_01,Kandy,9,1,0.685,13.27,57.6,98.44,0.0
KAN_01,Kandy,10,1,0.519,14.03,54.6,98.02,0.0
KAN_01,Kandy,11,1,0.568,13.82,64.3,97.8,0.0
KAN_01,Kandy,12,1,0.552,13.14,63.9,98.0,0.0
KAN_01,Kandy,13,1,0.621,13.68,53.2,98.06,0.0
KAN_01,Kandy,14,1,0.77,14.76,53.5,98.28,0.0
KAN_01,Kandy,15,1,0.573,12.86,61.0,98.41,0.0
KAN_01,Kandy,16,1,0.685,13.64,56.3,98.3,0.0
KAN_01,Kandy,17,1,0.646,13.69,50.5,98.15,0.0
KAN_01,Kandy,18,1,0.687,13.21,59.5,98.2,0.0
KAN_01,Kandy,19,1,0.668,14.45,54.2,97.71,0.0
KAN_01,Kandy,20,1,0.591,14.46,54.8,97.94,0.0
KAN_01,Kandy,21,1,0.513,14.98,60.2,98.31,0.0
KAN_01,Kandy,22,1,0.681,14.27,56.0,98.08,0.0
KAN_01,Kandy,23,1,0.597,15.5,59.2,98.0,0.0
KAN_01,Kandy,24,1,0.651,13.32,63.0,97.95,0.0
KAN_01,Kandy,25,1,0.653,14.56,58.5,98.14,0.0
KAN_01,Kandy,26,1,0.623,13.89,54.6,98.0,0.0
KAN_02,Kandy,1,0,0.623,14.55,32.8,98.38,0.0
KAN_02,Kandy,2,0,0.619,14.06,37.7,98.46,0.0
KAN_02,Kandy,3,0,0.598,13.7,34.2,98.67,0.0
KAN_02,Kandy,4,0,0.542,14.38,28.3,98.08,0.0
KAN_02,Kandy,5,0,0.635,13.97,31.6,98.24,0.0
KAN_02,Kandy,6,0,0.625,13.34,36.9,98.43,0.0
KAN_02,Kandy,7,0,0.708,13.29,35.0,98.41,0.0
KAN_02,Kandy,8,0,0.595,14.22,33.3,98.7,0.0
KAN_02,Kandy,9,0,0.773,13.22,43.8,98.01,0.0
KAN_02,Kandy,10,0,0.716,14.8,29.8,98.36,0.0
KAN_02,Kandy,11,0,0.651,14.55,34.7,98.54,0.0
KAN_02,Kandy,12,0,0.662,14.12,38.2,98.38,0.0
KAN_02,Kandy,13,0,0.701,13.82,29.6,98.1,0.0
KAN_02,Kandy,14,0,0.62,14.69,37.7,98.2,0.0
KAN_02,Kandy,15,0,0.743,15.04,34.8,98.03,0.0
KAN_02,Kandy,16,0,0.752,14.18,34.3,98.15,0.0
KAN_02,Kandy,17,0,0.604,13.34,36.3,98.04,0.0
KAN_02,Kandy,18,0,0.841,13.57,28.8,98.37,0.0
KAN_02,Kandy,19,0,0.749,14.26,36.1,97.78,0.0
KAN_02,Kandy,20,0,0.616,13.57,26.2,98.27,0.0
KAN_02,Kandy,21,0,0.523,13.42,31.6,98.03,0.0
KAN_02,Kandy,22,0,0.681,14.4,37.4,98.43,0.0
KAN_02,Kandy,23,0,0.726,14.22,35.0,98.37,0.0
KAN_02,Kandy,24,0,0.666,13.98,32.5,98.03,0.0
KAN_02,Kandy,25,0,0.682,14.16,31.1,98.07,0.0
KAN_02,Kandy,26,0,0.585,14.81,34.1,98.02,0.0
KAN_03,Kandy,1,0,0.566,13.73,25.8,99.02,0.0
KAN_03,Kandy,2,0,0.596,12.75,33.3,99.31,0.0
KAN_03,Kandy,3,0,0.429,13.26,33.5,99.71,0.0
KAN_03,Kandy,4,0,0.673,12.43,29.4,99.13,0.0
KAN_03,Kandy,5,0,0.577,12.28,23.1,99.15,0.0
KAN_03,Kandy,6,0,0.617,13.52,26.8,98.98,0.0
KAN_03,Kandy,7,0,0.544,12.6,29.2,99.61,0.0
KAN_03,Kandy,8,0,0.627,12.59,14.8,98.87,0.0
KAN_03,Kandy,9,0,0.648,12.8,22.7,99.73,0.0
KAN_03,Kandy,10,0,0.639,13.06,24.5,99.28,0.0
KAN_03,Kandy,11,0,0.577,14.0,27.4,99.5,0.0
KAN_03,Kandy,12,0,0.633,12.34,28.7,99.24,0.0
KAN_03,Kandy,13,0,0.412,11.77,21.6,99.45,0.0
KAN_03,Kandy,14,0,0.57,13.15,33.5,99.0,0.0
KAN_03,Kandy,15,0,0.562,13.23,22.8,99.32,0.0
KAN_03,Kandy,16,0,0.467,13.89,23.0,99.82,0.0
KAN_03,Kandy,17,0,0.561,13.66,25.5,99.31,0.0
KAN_03,Kandy,18,0,0.528,13.11,27.0,99.12,0.0
KAN_03,Kandy,19,0,0.556,12.68,34.9,99.29,0.0
KAN_03,Kandy,20,0,0.656,12.93,26.8,98.98,0.0
KAN_03,Kandy,21,0,0.536,13.17,32.1,99.37,0.0
KAN_03,Kandy,22,0,0.646,13.43,32.2,99.3,0.0
KAN_03,Kandy,23,0,0.707,12.75,22.6,99.01,0.0
KAN_03,Kandy,24,0,0.703,13.53,24.4,99.63,0.0
KAN_03,Kandy,25,0,0.604,14.22,19.5,99.25,0.0
KAN_03,Kandy,26,0,0.535,11.86,30.0,99.25,0.0
KAN_04,Kandy,1,1,0.52,20.26,43.6,98.4,0.0
KAN_04,Kandy,2,1,0.431,19.9,45.4,98.41,0.0
KAN_04,Kandy,3,1,0.508,20.53,39.5,98.49,0.0
KAN_04,Kandy,4,1,0.472,20.13,40.5,98.28,0.0
KAN_04,Kandy,5,1,0.588,19.9,40.8,98.58,0.0
KAN_04,Kandy,6,1,0.583,20.72,39.0,98.1,0.0
KAN_04,Kandy,7,1,0.549,21.39,38.9,98.08,0.0
KAN_04,Kandy,8,1,0.524,20.76,37.9,98.43,0.0
KAN_04,Kandy,9,1,0.585,21.17,45.1,98.55,0.0
KAN_04,Kandy,10,1,0.497,20.09,39.1,98.19,0.0
KAN_04,Kandy,11,1,0.485,20.37,37.5,98.14,0.0
KAN_04,Kandy,12,1,0.535,21.34,40.2,98.92,0.0
KAN_04,Kandy,13,1,0.564,20.46,39.4,98.37,0.0
KAN_04,Kandy,14,1,0.58,21.88,36.0,98.52,0.0
KAN_04,Kandy,15,1,0.566,19.69,42.5,98.62,0.0
KAN_04,Kandy,16,1,0.502,20.63,32.5,97.99,0.0
KAN_04,Kandy,17,1,0.616,20.36,35.0,98.36,0.0
KAN_04,Kandy,18,1,0.522,20.35,42.4,98.01,0.0
KAN_04,Kandy,19,1,0.499,20.73,43.3,98.61,0.0
KAN_04,Kandy,20,1,0.514,21.2,36.3,98.76,0.0
KAN_04,Kandy,21,1,0.486,21.43,36.8,98.81,0.0
KAN_04,Kandy,22,1,0.589,20.03,37.3,98.5,0.0
KAN_04,Kandy,23,1,0.617,20.59,39.6,98.49,0.0
KAN_04,Kandy,24,1,0.561,19.86,36.2,98.36,0.0
KAN_04,Kandy,25,1,0.626,21.6,42.5,98.38,0.0
KAN_04,Kandy,26,1,0.598,20.24,38.8,98.1,0.0
KAN_05,Kandy,1,0,0.3,14.93,47.9,99.25,0.0
KAN_05,Kandy,2,0,0.235,15.4,43.9,98.95,0.0
KAN_05,Kandy,3,0,0.208,16.13,50.7,99.22,0.0
KAN_05,Kandy,4,0,0.394,15.25,58.5,99.02,0.0
KAN_05,Kandy,5,0,0.29,15.13,47.9,99.29,0.0
KAN_05,Kandy,6,0,0.268,16.43,47.4,99.15,0.0
KAN_05,Kandy,7,0,0.221,15.62,45.9,98.93,0.0
KAN_05,Kandy,8,0,0.229,16.97,45.4,98.72,0.0
KAN_05,Kandy,9,0,0.233,15.34,48.6,99.22,0.0
KAN_05,Kandy,10,0,0.316,14.98,47.8,98.86,0.0
KAN_05,Kandy,11,0,0.238,14.82,41.7,99.35,0.0
KAN_05,Kandy,12,0,0.316,15.95,46.6,99.28,0.0
KAN_05,Kandy,13,0,0.169,15.89,47.1,99.24,0.0
KAN_05,Kandy,14,0,0.298,14.77,40.4,98.9,0.0
KAN_05,Kandy,15,0,0.309,15.78,40.9,98.84,0.0
KAN_05,Kandy,16,0,0.232,15.15,41.0,98.73,0.0
KAN_05,Kandy,17,0,0.226,15.42,41.7,99.05,0.0
KAN_05,Kandy,18,0,0.339,14.59,45.6,99.34,0.0
KAN_05,Kandy,19,0,0.25,15.02,51.1,99.0,0.0
KAN_05,Kandy,20,0,0.341,15.62,45.0,99.2,0.0
KAN_05,Kandy,21,0,0.294,15.98,44.2,99.09,0.0
KAN_05,Kandy,22,0,1.505,14.4,51.0,98.44,0.0
KAN_05,Kandy,23,0,2.77,11.8,68.6,97.85,0.0
KAN_05,Kandy,24,0,4.035,12.05,72.8,95.98,0.0
KAN_05,Kandy,25,0,3.864,11.35,70.0,96.16,0.0
KAN_05,Kandy,26,0,3.971,11.57,66.6,96.28,0.0
KAN_06,Kandy,1,0,0.706,12.25,50.7,98.54,0.0
KAN_06,Kandy,2,0,0.61,11.86,56.3,98.38,0.0
KAN_06,Kandy,3,0,0.682,11.2,49.9,98.48,0.0
KAN_06,Kandy,4,0,0.673,12.39,55.1,97.91,0.0
KAN_06,Kandy,5,0,0.719,11.48,56.7,98.1,0.0
KAN_06,Kandy,6,0,0.76,11.18,54.0,98.29,0.0
KAN_06,Kandy,7,0,0.596,11.9,61.8,98.14,0.0
KAN_06,Kandy,8,0,0.685,10.05,55.2,98.18,0.0
KAN_06,Kandy,9,0,0.612,12.35,54.0,98.22,0.0
KAN_06,Kandy,10,0,0.639,10.55,50.8,98.5,0.0
KAN_06,Kandy,11,0,0.535,11.24,53.7,98.7,0.0
KAN_06,Kandy,12,0,0.707,11.37,60.5,98.08,0.0
KAN_06,Kandy,13,0,0.722,10.89,59.6,98.16,0.0
KAN_06,Kandy,14,0,0.6,11.57,56.4,98.14,0.0
KAN_06,Kandy,15,0,0.695,11.35,57.8,98.37,0.0
KAN_06,Kandy,16,0,0.658,11.44,55.9,98.4,0.0
KAN_06,Kandy,17,0,0.785,12.27,59.2,99.03,0.0
KAN_06,Kandy,18,0,0.692,12.0,58.1,98.01,0.0
KAN_06,Kandy,19,0,0.635,11.4,57.9,98.22,0.0
KAN_06,Kandy,20,0,0.67,12.36,58.8,98.22,0.0
KAN_06,Kandy,21,0,0.621,12.39,58.4,97.86,0.0
KAN_06,Kandy,22,0,0.643,11.8,58.4,98.49,0.0
KAN_06,Kandy,23,0,0.678,12.06,55.6,98.09,0.0
KAN_06,Kandy,24,0,0.646,11.72,55.2,97.79,0.0
KAN_06,Kandy,25,0,0.638,11.74,54.2,98.2,0.0
KAN_06,Kandy,26,0,0.691,11.06,48.8,98.17,0.0
KAN_07,Kandy,1,0,0.568,19.21,50.5,97.59,0.0
KAN_07,Kandy,2,0,0.582,19.38,50.9,97.49,0.0
KAN_07,Kandy,3,0,0.395,18.51,52.1,97.32,0.0
KAN_07,Kandy,4,0,0.567,18.85,45.1,97.63,0.0
KAN_07,Kandy,5,0,0.501,19.18,49.0,97.58,0.0
KAN_07,Kandy,6,0,0.54,19.07,54.7,97.51,0.0
KAN_07,Kandy,7,0,0.465,18.0,51.8,97.57,0.0
KAN_07,Kandy,8,0,0.52,19.26,53.1,97.33,0.0
KAN_07,Kandy,9,0,0.54,19.02,55.5,98.04,0.0
KAN_07,Kandy,10,0,0.517,18.84,55.9,97.57,0.0
KAN_07,Kandy,11,0,0.527,17.96,52.1,97.3,0.0
KAN_07,Kandy,12,0,0.453,18.41,50.0,97.72,0.0
KAN_07,Kandy,13,0,0.593,18.35,53.1,97.11,0.0
KAN_07,Kandy,14,0,0.527,19.13,57.5,97.39,0.0
KAN_07,Kandy,15,0,0.62,17.98,49.2,97.75,0.0
KAN_07,Kandy,16,0,0.657,19.18,54.0,97.02,0.0
KAN_07,Kandy,17,0,0.436,18.97,52.7,97.3,0.0
KAN_07,Kandy,18,0,0.561,18.96,57.9,97.61,0.0
KAN_07,Kandy,19,0,0.631,18.89,53.7,97.84,0.0
KAN_07,Kandy,20,0,0.498,20.58,55.7,97.67,0.0
KAN_07,Kandy,21,0,0.588,20.01,57.3,97.17,0.0
KAN_07,Kandy,22,0,0.641,18.68,54.6,97.25,0.0
KAN_07,Kandy,23,0,0.589,18.5,54.6,97.5,0.0
KAN_07,Kandy,24,0,0.672,20.08,54.4,97.59,0.0
KAN_07,Kandy,25,0,0.535,19.55,52.9,97.47,0.0
KAN_07,Kandy,26,0,0.616,18.56,54.0,97.18,0.0
KAN_08,Kandy,1,1,0.492,19.41,56.5,99.65,0.0
KAN_08,Kandy,2,1,0.464,18.76,47.9,99.75,0.0
KAN_08,Kandy,3,1,0.672,20.36,45.8,99.9,0.0
KAN_08,Kandy,4,1,0.605,18.62,52.2,99.9,0.0
KAN_08,Kandy,5,1,0.582,18.76,55.8,99.09,0.0
KAN_08,Kandy,6,1,0.535,20.23,53.4,99.5,0.0
KAN_08,Kandy,7,1,0.602,20.13,58.6,99.84,0.0
KAN_08,Kandy,8,1,0.613,19.99,54.4,99.65,0.0
KAN_08,Kandy,9,1,0.534,18.82,49.6,99.55,0.0
KAN_08,Kandy,10,1,0.563,20.41,53.2,99.87,0.0
KAN_08,Kandy,11,1,0.613,19.41,55.8,99.56,0.0
KAN_08,Kandy,12,1,0.628,19.93,48.6,99.66,0.0
KAN_08,Kandy,13,1,0.647,19.44,55.2,99.76,0.0
KAN_08,Kandy,14,1,0.486,19.85,47.8,99.47,0.0
KAN_08,Kandy,15,1,0.613,19.76,52.2,99.73,0.0
KAN_08,Kandy,16,1,0.545,19.55,56.0,99.44,0.0
KAN_08,Kandy,17,1,0.551,19.36,47.0,99.39,0.0
KAN_08,Kandy,18,1,0.643,19.78,48.1,99.24,0.0
KAN_08,Kandy,19,1,0.542,20.48,52.6,99.9,0.0
KAN_08,Kandy,20,1,0.57,19.83,48.0,99.86,0.0
KAN_08,Kandy,21,1,0.528,20.06,50.1,99.67,0.0
KAN_08,Kandy,22,1,0.57,19.45,55.0,99.56,0.0
KAN_08,Kandy,23,1,0.51,20.51,57.6,99.43,0.0
KAN_08,Kandy,24,1,0.583,19.1,48.6,99.88,0.0
KAN_08,Kandy,25,1,0.446,20.1,52.4,99.57,0.0
KAN_08,Kandy,26,1,0.573,19.89,50.1,99.8,0.0
KAN_09,Kandy,1,1,0.394,11.53,45.2,99.75,0.0
KAN_09,Kandy,2,1,0.513,11.45,41.5,99.41,0.0
KAN_09,Kandy,3,1,0.352,11.44,42.5,99.71,0.0
KAN_09,Kandy,4,1,0.386,11.62,50.0,99.59,0.0
KAN_09,Kandy,5,1,0.462,11.42,49.9,99.31,0.0
KAN_09,Kandy,6,1,0.478,10.75,39.6,99.55,0.0
KAN_09,Kandy,7,1,0.547,12.31,43.6,99.47,0.0
KAN_09,Kandy,8,1,0.615,10.98,39.5,99.12,0.0
KAN_09,Kandy,9,1,0.55,11.82,51.5,99.22,0.0
KAN_09,Kandy,10,1,0.553,11.28,45.0,99.15,0.0
KAN_09,Kandy,11,1,0.554,11.71,41.6,99.73,0.0
KAN_09,Kandy,12,1,0.42,10.89,39.9,99.1,0.0
KAN_09,Kandy,13,1,0.518,11.95,39.0,99.65,0.0
KAN_09,Kandy,14,1,0.45,11.43,39.3,99.35,0.0
KAN_09,Kandy,15,1,0.529,11.2,49.9,99.58,0.0
KAN_09,Kandy,16,1,0.41,11.97,44.3,99.75,0.0
KAN_09,Kandy,17,1,0.537,10.84,41.3,99.52,0.0
KAN_09,Kandy,18,1,0.388,11.08,47.1,99.63,0.0
KAN_09,Kandy,19,1,0.385,10.3,48.5,99.54,0.0
KAN_09,Kandy,20,1,0.427,11.07,35.9,99.9,0.0
KAN_09,Kandy,21,1,0.442,12.05,42.0,99.9,0.0
KAN_09,Kandy,22,1,0.481,11.75,44.7,99.72,0.0
KAN_09,Kandy,23,1,0.487,11.09,49.5,99.34,0.0
KAN_09,Kandy,24,1,0.466,11.24,43.4,99.46,0.0
KAN_09,Kandy,25,1,0.485,11.13,35.5,99.57,0.0
KAN_09,Kandy,26,1,0.4,10.19,42.3,99.69,0.0
KAN_10,Kandy,1,0,0.486,16.31,19.4,97.54,0.0
KAN_10,Kandy,2,0,0.461,16.14,14.0,97.75,0.0
KAN_10,Kandy,3,0,0.681,16.78,21.7,97.63,0.0
KAN_10,Kandy,4,0,0.407,15.18,24.0,97.45,0.0
KAN_10,Kandy,5,0,0.482,15.88,14.6,97.34,0.0
KAN_10,Kandy,6,0,0.521,15.44,15.9,97.45,0.0
KAN_10,Kandy,7,0,0.555,15.84,18.2,97.8,0.0
KAN_10,Kandy,8,0,0.515,15.81,20.8,97.81,0.0
KAN_10,Kandy,9,0,0.515,16.02,15.7,97.43,0.0
KAN_10,Kandy,10,0,0.57,16.24,20.7,97.72,0.0
KAN_10,Kandy,11,0,0.527,16.39,22.6,97.88,0.0
KAN_10,Kandy,12,0,0.518,16.81,19.8,97.81,0.0
KAN_10,Kandy,13,0,0.541,16.12,15.9,97.82,0.0
KAN_10,Kandy,14,0,0.694,15.75,19.2,97.54,0.0
KAN_10,Kandy,15,0,0.494,16.9,16.2,97.53,0.0
KAN_10,Kandy,16,0,0.428,15.52,12.0,97.81,0.0
KAN_10,Kandy,17,0,0.692,15.75,12.2,97.87,0.0
KAN_10,Kandy,18,0,0.48,16.75,17.7,97.49,0.0
KAN_10,Kandy,19,0,0.513,16.43,18.0,97.52,0.0
KAN_10,Kandy,20,0,0.512,15.21,20.5,97.2,0.0
KAN_10,Kandy,21,0,1.626,15.16,28.8,96.97,0.0
KAN_10,Kandy,22,0,2.779,14.13,39.9,96.12,0.0
KAN_10,Kandy,23,0,3.967,12.61,43.1,94.85,0.0
KAN_10,Kandy,24,0,3.937,12.48,49.2,94.95,0.0
KAN_10,Kandy,25,0,3.857,12.43,44.6,94.71,0.0
KAN_10,Kandy,26,0,3.934,11.04,41.1,95.52,0.0
KAN_11,Kandy,1,1,0.677,12.27,38.2,98.81,0.0
KAN_11,Kandy,2,1,0.617,11.24,33.1,98.37,0.0
KAN_11,Kandy,3,1,0.756,11.31,38.4,98.44,0.0
KAN_11,Kandy,4,1,0.692,11.52,43.6,97.97,0.0
KAN_11,Kandy,5,1,0.656,11.43,39.3,98.73,0.0
KAN_11,Kandy,6,1,0.722,11.16,37.6,98.57,0.0
KAN_11,Kandy,7,1,0.774,10.9,39.5,98.68,0.0
KAN_11,Kandy,8,1,0.799,11.16,43.6,98.94,0.0
KAN_11,Kandy,9,1,0.702,11.21,38.4,98.57,0.0
KAN_11,Kandy,10,1,0.757,11.48,40.7,98.35,0.0
KAN_11,Kandy,11,1,0.647,12.63,39.0,98.44,0.0
KAN_11,Kandy,12,1,0.791,11.51,42.0,98.6,0.0
KAN_11,Kandy,13,1,0.686,11.24,34.2,98.61,0.0
KAN_11,Kandy,14,1,0.723,12.45,40.1,98.05,0.0
KAN_11,Kandy,15,1,0.7,12.98,43.2,98.43,0.0
KAN_11,Kandy,16,1,0.741,10.89,34.3,98.54,0.0
KAN_11,Kandy,17,1,0.711,10.22,35.1,98.63,0.0
KAN_11,Kandy,18,1,0.681,11.58,34.9,98.81,0.0
KAN_11,Kandy,19,1,0.634,12.32,32.9,98.36,0.0
KAN_11,Kandy,20,1,0.731,12.34,41.0,98.77,0.0
KAN_11,Kandy,21,1,0.707,10.72,37.8,98.33,0.0
KAN_11,Kandy,22,1,0.629,11.58,35.2,98.71,0.0
KAN_11,Kandy,23,1,0.627,11.52,37.8,98.98,0.0
KAN_11,Kandy,24,1,0.725,12.08,36.7,98.64,0.0
KAN_11,Kandy,25,1,0.647,11.09,38.7,98.45,0.0
KAN_11,Kandy,26,1,0.633,10.49,30.4,98.37,0.0
KAN_12,Kandy,1,0,0.576,10.74,20.1,99.74,0.0
KAN_12,Kandy,2,0,0.441,11.81,19.8,99.54,0.0
KAN_12,Kandy,3,0,0.475,9.45,31.6,99.9,0.0
KAN_12,Kandy,4,0,0.509,9.55,17.3,99.74,0.0
KAN_12,Kandy,5,0,0.519,9.95,27.1,99.9,0.0
KAN_12,Kandy,6,0,0.557,10.15,21.8,99.9,0.0
KAN_12,Kandy,7,0,0.539,10.88,29.4,99.44,0.0
KAN_12,Kandy,8,0,0.452,9.89,22.0,99.9,0.0
KAN_12,Kandy,9,0,0.559,11.0,27.8,99.85,0.0
KAN_12,Kandy,10,0,0.61,10.63,26.5,99.9,0.0
KAN_12,Kandy,11,0,0.545,10.16,22.9,99.9,0.0
KAN_12,Kandy,12,0,0.612,10.31,31.4,99.31,0.0
KAN_12,Kandy,13,0,0.535,10.32,23.3,99.9,0.0
KAN_12,Kandy,14,0,0.534,10.1,26.3,99.3,0.0
KAN_12,Kandy,15,0,0.492,10.93,23.7,99.59,0.0
KAN_12,Kandy,16,0,0.616,11.15,28.3,99.69,0.0
KAN_12,Kandy,17,0,0.523,9.86,22.2,99.54,0.0
KAN_12,Kandy,18,0,0.501,9.72,20.0,99.85,0.0
KAN_12,Kandy,19,0,0.552,11.36,23.5,99.87,0.0
KAN_12,Kandy,20,0,0.557,10.19,29.2,99.9,0.0
KAN_12,Kandy,21,0,0.557,10.19,24.8,99.46,0.0
KAN_12,Kandy,22,0,0.489,9.97,21.7,99.9,0.0
KAN_12,Kandy,23,0,0.61,9.8,27.3,99.54,0.0
KAN_12,Kandy,24,0,0.52,9.93,28.6,99.63,0.0
KAN_12,Kandy,25,0,0.599,10.2,23.6,99.49,0.0
KAN_12,Kandy,26,0,0.553,10.88,27.3,99.9,0.0
GAL_01,Galle,1,1,0.672,13.85,42.6,99.36,0.0
GAL_01,Galle,2,1,0.66,13.63,45.9,99.17,0.0
GAL_01,Galle,3,1,0.631,13.7,40.6,99.02,0.0
GAL_01,Galle,4,1,0.569,12.77,36.3,98.69,0.0
GAL_01,Galle,5,1,0.612,14.08,39.2,98.98,0.0
GAL_01,Galle,6,1,0.577,13.42,42.2,99.08,0.0
GAL_01,Galle,7,1,0.607,13.8,48.7,98.92,0.0
GAL_01,Galle,8,1,0.609,13.6,40.2,98.89,0.0
GAL_01,Galle,9,1,0.648,12.83,36.0,98.89,0.0
GAL_01,Galle,10,1,0.64,13.36,39.2,98.94,0.0
GAL_01,Galle,11,1,0.704,13.64,41.5,98.79,0.0
GAL_01,Galle,12,1,0.684,13.93,43.3,99.11,0.0
GAL_01,Galle,13,1,0.685,13.64,40.8,99.19,0.0
GAL_01,Galle,14,1,0.611,13.32,40.6,99.03,0.0
GAL_01,Galle,15,1,0.601,13.66,39.5,98.37,0.0
GAL_01,Galle,16,1,0.637,13.61,39.2,99.28,0.0
GAL_01,Galle,17,1,0.577,13.21,29.4,98.81,0.0
GAL_01,Galle,18,1,0.626,13.39,44.3,99.14,0.0
GAL_01,Galle,19,1,0.655,13.48,44.0,98.92,0.0
GAL_01,Galle,20,1,0.601,12.67,38.1,99.12,0.0
GAL_01,Galle,21,1,0.787,13.74,36.8,98.63,0.0
GAL_01,Galle,22,1,0.683,12.64,42.1,99.13,0.0
GAL_01,Galle,23,1,0.676,13.57,42.1,98.97,0.0
GAL_01,Galle,24,1,0.603,14.81,38.5,99.12,0.0
GAL_01,Galle,25,1,0.505,14.47,45.7,98.94,0.0
GAL_01,Galle,26,1,0.684,14.04,37.3,99.07,0.0
GAL_02,Galle,1,1,0.298,13.36,54.7,99.37,0.0
GAL_02,Galle,2,1,0.382,12.86,62.7,99.21,0.0
GAL_02,Galle,3,1,0.324,12.33,62.7,99.09,0.0
GAL_02,Galle,4,1,0.358,12.87,54.4,99.13,0.0
GAL_02,Galle,5,1,0.42,13.04,54.6,99.36,0.0
GAL_02,Galle,6,1,0.328,14.99,59.8,99.19,0.0
GAL_02,Galle,7,1,0.422,11.81,59.0,99.78,0.0
GAL_02,Galle,8,1,0.33,11.88,57.1,99.65,0.0
GAL_02,Galle,9,1,0.359,12.41,55.9,99.14,0.0
GAL_02,Galle,10,1,0.358,13.72,62.9,99.4,0.0
GAL_02,Galle,11,1,0.257,12.12,60.8,98.95,0.0
GAL_02,Galle,12,1,0.323,13.1,54.1,99.03,0.0
GAL_02,Galle,13,1,0.331,13.22,62.9,99.43,0.0
GAL_02,Galle,14,1,0.341,12.47,54.4,99.15,0.0
GAL_02,Galle,15,1,0.361,13.12,50.3,99.09,0.0
GAL_02,Galle,16,1,0.409,12.96,53.0,99.87,0.0
GAL_02,Galle,17,1,0.335,13.15,60.2,99.19,0.0
GAL_02,Galle,18,1,0.293,14.19,62.7,99.49,0.0
GAL_02,Galle,19,1,0.371,12.32,63.8,99.07,0.0
GAL_02,Galle,20,1,0.354,11.93,50.5,99.36,0.0
GAL_02,Galle,21,1,0.288,11.72,60.8,99.81,0.0
GAL_02,Galle,22,1,0.42,12.76,58.7,99.5,0.0
GAL_02,Galle,23,1,0.404,12.71,58.8,99.36,0.0
GAL_02,Galle,24,1,0.37,12.84,58.2,99.63,0.0
GAL_02,Galle,25,1,0.409,13.2,65.5,99.19,0.0
GAL_02,Galle,26,1,0.434,13.24,71.7,98.98,0.0
GAL_03,Galle,1,0,0.423,16.01,45.3,99.9,0.0
GAL_03,Galle,2,0,0.427,15.95,50.0,99.86,0.0
GAL_03,Galle,3,0,0.349,15.97,49.3,99.59,0.0
GAL_03,Galle,4,0,0.291,15.14,50.1,99.79,0.0
GAL_03,Galle,5,0,0.366,15.89,46.7,99.9,0.0
GAL_03,Galle,6,0,0.337,15.33,51.1,99.34,0.0
GAL_03,Galle,7,0,0.306,16.18,42.2,99.9,0.0
GAL_03,Galle,8,0,0.444,15.37,50.3,99.9,0.0
GAL_03,Galle,9,0,0.325,16.11,46.5,99.68,0.0
GAL_03,Galle,10,0,0.306,15.79,53.8,99.75,0.0
GAL_03,Galle,11,0,0.277,14.94,50.7,99.9,0.0
GAL_03,Galle,12,0,0.377,15.36,52.2,99.74,0.0
GAL_03,Galle,13,0,0.331,15.01,54.8,99.17,0.0
GAL_03,Galle,14,0,0.401,15.31,47.5,99.9,0.0
GAL_03,Galle,15,0,0.311,15.18,48.6,99.9,0.0
GAL_03,Galle,16,0,0.327,14.64,45.7,99.9,0.0
GAL_03,Galle,17,0,0.358,15.86,48.1,99.64,0.0
GAL_03,Galle,18,0,0.454,15.48,47.4,99.9,0.0
GAL_03,Galle,19,0,0.31,15.23,49.2,99.8,0.0
GAL_03,Galle,20,0,0.369,16.84,50.5,99.21,0.0
GAL_03,Galle,21,0,0.373,15.61,49.3,99.86,0.0
GAL_03,Galle,22,0,0.352,15.56,51.6,99.66,0.0
GAL_03,Galle,23,0,0.297,17.4,46.3,99.83,0.0
GAL_03,Galle,24,0,0.264,15.66,45.4,99.69,0.0
GAL_03,Galle,25,0,0.416,15.87,51.4,99.36,0.0
GAL_03,Galle,26,0,0.464,14.87,55.3,99.9,0.0
GAL_04,Galle,1,0,0.409,12.95,45.6,98.15,0.0
GAL_04,Galle,2,0,0.497,12.49,42.4,97.71,0.0
GAL_04,Galle,3,0,0.555,12.59,45.2,97.98,0.0
GAL_04,Galle,4,0,0.536,11.4,41.9,98.08,0.0
GAL_04,Galle,5,0,0.581,12.06,44.2,98.76,0.0
GAL_04,Galle,6,0,0.552,12.48,44.5,98.12,0.0
GAL_04,Galle,7,0,0.4,12.86,47.8,98.23,0.0
GAL_04,Galle,8,0,0.523,12.72,39.8,98.12,0.0
GAL_04,Galle,9,0,0.463,13.34,49.5,97.72,0.0
GAL_04,Galle,10,0,0.44,12.2,44.1,97.94,0.0
GAL_04,Galle,11,0,0.648,12.46,47.9,98.1,0.0
GAL_04,Galle,12,0,0.574,12.05,44.8,98.42,0.0
GAL_04,Galle,13,0,0.433,13.24,46.7,98.59,0.0
GAL_04,Galle,14,0,0.466,11.72,41.3,98.33,0.0
GAL_04,Galle,15,0,0.535,12.0,41.9,97.95,0.0
GAL_04,Galle,16,0,0.528,12.0,43.2,98.66,0.0
GAL_04,Galle,17,0,0.526,13.04,43.8,98.33,0.0
GAL_04,Galle,18,0,0.527,11.26,51.7,98.24,0.0
GAL_04,Galle,19,0,0.576,11.83,45.3,98.05,0.0
GAL_04,Galle,20,0,0.605,12.46,47.4,98.61,0.0
GAL_04,Galle,21,0,0.6,12.74,40.3,98.1,0.0
GAL_04,Galle,22,0,0.471,12.71,46.7,97.92,0.0
GAL_04,Galle,23,0,0.52,11.38,45.8,97.86,0.0
GAL_04,Galle,24,0,0.563,12.5,53.6,98.48,0.0
GAL_04,Galle,25,0,0.505,12.77,40.4,98.03,0.0
GAL_04,Galle,26,0,0.551,10.98,45.8,98.02,0.0
GAL_05,Galle,1,1,0.418,11.55,44.1,98.72,0.0
GAL_05,Galle,2,1,0.5,13.18,47.0,98.55,0.0
GAL_05,Galle,3,1,0.43,11.83,51.0,98.6,0.0
GAL_05,Galle,4,1,0.529,11.33,53.5,98.75,0.0
GAL_05,Galle,5,1,0.463,11.51,59.2,98.41,0.0
GAL_05,Galle,6,1,0.482,11.25,56.7,98.84,0.0
GAL_05,Galle,7,1,0.423,12.01,50.5,98.48,0.0
GAL_05,Galle,8,1,0.51,11.93,50.4,98.6,0.0
GAL_05,Galle,9,1,0.49,11.84,49.8,98.45,0.0
GAL_05,Galle,10,1,0.566,11.07,51.2,98.53,0.0
GAL_05,Galle,11,1,0.57,11.16,46.6,98.37,0.0
GAL_05,Galle,12,1,0.484,10.87,47.6,98.08,0.0
GAL_05,Galle,13,1,0.479,11.4,43.6,98.88,0.0
GAL_05,Galle,14,1,0.386,12.18,46.7,99.01,0.0
GAL_05,Galle,15,1,0.509,11.09,45.8,98.76,0.0
GAL_05,Galle,16,1,0.448,11.6,54.6,98.43,0.0
GAL_05,Galle,17,1,0.47,12.27,52.8,98.57,0.0
GAL_05,Galle,18,1,0.447,10.65,45.3,98.69,0.0
GAL_05,Galle,19,1,0.456,11.74,53.7,98.32,0.0
GAL_05,Galle,20,1,0.45,11.81,46.7,98.97,0.0
GAL_05,Galle,21,1,0.519,11.87,56.7,98.24,0.0
GAL_05,Galle,22,1,0.464,11.92,45.9,98.69,0.0
GAL_05,Galle,23,1,0.398,12.11,53.7,98.68,0.0
GAL_05,Galle,24,1,0.353,11.12,51.8,98.62,0.0
GAL_05,Galle,25,1,0.303,12.44,50.1,98.41,0.0
GAL_05,Galle,26,1,0.524,11.29,46.8,98.7,0.0
GAL_06,Galle,1,1,0.738,18.28,50.0,98.87,0.0
GAL_06,Galle,2,1,0.729,18.79,36.4,98.97,0.0
GAL_06,Galle,3,1,0.738,18.99,48.3,99.33,0.0
GAL_06,Galle,4,1,0.718,18.98,52.9,99.01,0.0
GAL_06,Galle,5,1,0.645,17.26,46.8,99.11,0.0
GAL_06,Galle,6,1,0.678,19.2,49.3,99.25,0.0
GAL_06,Galle,7,1,0.682,19.0,50.7,99.3,0.0
GAL_06,Galle,8,1,0.597,18.45,52.1,99.31,0.0
GAL_06,Galle,9,1,0.714,18.55,51.7,99.14,0.0
GAL_06,Galle,10,1,0.678,18.92,53.4,99.4,0.0
GAL_06,Galle,11,1,0.744,18.75,48.5,99.06,0.0
GAL_06,Galle,12,1,0.692,18.84,44.4,99.25,0.0
GAL_06,Galle,13,1,0.631,18.46,49.1,99.42,0.0
GAL_06,Galle,14,1,0.674,18.32,46.5,99.34,0.0
GAL_06,Galle,15,1,0.531,18.12,59.6,99.07,0.0
GAL_06,Galle,16,1,0.633,18.7,48.9,99.14,0.0
GAL_06,Galle,17,1,0.81,18.95,46.5,99.12,0.0
GAL_06,Galle,18,1,0.657,18.1,41.6,98.53,0.0
GAL_06,Galle,19,1,0.646,18.01,49.9,98.62,0.0
GAL_06,Galle,20,1,0.511,18.09,46.8,98.77,0.0
GAL_06,Galle,21,1,0.791,18.35,52.2,98.92,0.0
GAL_06,Galle,22,1,0.697,18.22,48.4,98.73,0.0
GAL_06,Galle,23,1,0.71,18.58,44.9,99.17,0.0
GAL_06,Galle,24,1,0.725,18.45,49.3,98.9,0.0
GAL_06,Galle,25,1,0.647,18.76,46.2,98.69,0.0
GAL_06,Galle,26,1,0.602,18.51,50.9,98.75,0.0
GAL_07,Galle,1,1,0.649,16.54,63.2,99.19,0.0
GAL_07,Galle,2,1,0.819,17.6,62.5,99.36,0.0
GAL_07,Galle,3,1,0.747,16.15,67.4,99.18,0.0
GAL_07,Galle,4,1,0.766,16.43,58.4,98.98,0.0
GAL_07,Galle,5,1,0.726,15.9,60.2,99.01,0.0
GAL_07,Galle,6,1,0.869,16.98,62.0,98.97,0.0
GAL_07,Galle,7,1,0.796,17.02,63.8,99.13,0.0
GAL_07,Galle,8,1,0.868,16.81,64.1,99.03,0.0
GAL_07,Galle,9,1,0.694,16.96,63.9,99.3,0.0
GAL_07,Galle,10,1,0.828,16.59,57.7,99.29,0.0
GAL_07,Galle,11,1,0.828,16.47,65.4,98.94,0.0
GAL_07,Galle,12,1,0.768,17.78,64.4,99.07,0.0
GAL_07,Galle,13,1,0.82,16.9,50.0,98.93,0.0
GAL_07,Galle,14,1,0.8,16.59,61.9,99.44,0.0
GAL_07,Galle,15,1,0.784,16.17,62.3,99.08,0.0
GAL_07,Galle,16,1,0.794,16.63,69.9,98.6,0.0
GAL_07,Galle,17,1,0.78,16.8,57.8,99.38,0.0
GAL_07,Galle,18,1,0.852,16.77,59.9,99.13,0.0
GAL_07,Galle,19,1,0.797,16.76,60.2,99.22,0.0
GAL_07,Galle,20,1,0.848,16.06,56.8,98.72,0.0
GAL_07,Galle,21,1,0.855,16.95,63.0,98.8,0.0
GAL_07,Galle,22,1,0.91,16.44,61.6,99.37,0.0
GAL_07,Galle,23,1,0.744,16.47,61.7,99.87,0.0
GAL_07,Galle,24,1,0.821,17.77,65.8,99.25,0.0
GAL_07,Galle,25,1,0.744,17.44,55.0,99.56,0.0
GAL_07,Galle,26,1,0.815,15.21,59.6,99.32,0.0
GAL_08,Galle,1,0,0.396,17.1,29.5,97.76,0.0
GAL_08,Galle,2,0,0.421,15.42,27.7,97.69,0.0
GAL_08,Galle,3,0,0.536,16.71,26.0,96.91,0.0
GAL_08,Galle,4,0,0.461,16.3,37.5,97.47,0.0
GAL_08,Galle,5,0,0.438,16.87,31.2,97.58,0.0
GAL_08,Galle,6,0,0.418,16.68,32.9,97.93,0.0
GAL_08,Galle,7,0,0.389,15.56,40.9,97.53,0.0
GAL_08,Galle,8,0,0.383,16.32,33.2,97.59,0.0
GAL_08,Galle,9,0,0.416,16.34,33.6,97.1,0.0
GAL_08,Galle,10,0,0.53,16.27,35.3,97.34,0.0
GAL_08,Galle,11,0,0.389,15.96,38.8,97.54,0.0
GAL_08,Galle,12,0,0.462,15.97,31.1,97.62,0.0
GAL_08,Galle,13,0,0.494,15.23,27.7,97.2,0.0
GAL_08,Galle,14,0,0.352,15.87,26.5,97.5,0.0
GAL_08,Galle,15,0,0.296,15.75,37.8,97.79,0.0
GAL_08,Galle,16,0,0.428,15.76,26.8,97.4,0.0
GAL_08,Galle,17,0,0.414,16.88,36.6,97.84,0.0
GAL_08,Galle,18,0,0.373,16.37,31.7,97.64,0.0
GAL_08,Galle,19,0,0.539,15.3,32.0,97.99,0.0
GAL_08,Galle,20,0,0.329,15.97,30.8,97.63,0.0
GAL_08,Galle,21,0,0.321,16.72,35.6,97.81,0.0
GAL_08,Galle,22,0,0.365,16.41,29.4,97.6,0.0
GAL_08,Galle,23,0,0.546,16.42,28.2,97.73,0.0
GAL_08,Galle,24,0,0.336,15.64,28.8,97.57,0.0
GAL_08,Galle,25,0,0.473,16.71,35.0,97.41,0.0
GAL_08,Galle,26,0,0.384,16.52,30.4,97.62,0.0
GAL_09,Galle,1,1,0.545,12.71,42.5,99.51,0.0
GAL_09,Galle,2,1,0.461,13.54,49.4,99.9,0.0
GAL_09,Galle,3,1,0.53,13.33,38.6,99.73,0.0
GAL_09,Galle,4,1,0.513,13.7,55.4,99.9,0.0
GAL_09,Galle,5,1,0.559,13.02,44.9,99.69,0.0
GAL_09,Galle,6,1,0.465,13.89,48.4,99.44,0.0
GAL_09,Galle,7,1,0.584,13.65,40.0,99.7,0.0
GAL_09,Galle,8,1,0.529,14.18,45.6,99.9,0.0
GAL_09,Galle,9,1,0.523,12.8,41.3,99.9,0.0
GAL_09,Galle,10,1,0.584,13.79,52.9,99.9,0.0
GAL_09,Galle,11,1,0.553,13.05,53.9,99.85,0.0
GAL_09,Galle,12,1,0.489,13.19,48.0,99.3,0.0
GAL_09,Galle,13,1,0.554,13.02,48.4,99.58,0.0
GAL_09,Galle,14,1,0.496,13.14,46.3,99.9,0.0
GAL_09,Galle,15,1,0.595,13.81,46.8,99.9,0.0
GAL_09,Galle,16,1,0.58,13.1,46.6,99.26,0.0
GAL_09,Galle,17,1,0.579,14.83,47.3,99.18,0.0
GAL_09,Galle,18,1,0.548,13.05,44.3,99.87,0.0
GAL_09,Galle,19,1,0.527,13.3,44.3,99.75,0.0
GAL_09,Galle,20,1,0.487,12.93,45.6,99.8,0.0
GAL_09,Galle,21,1,0.501,12.75,50.9,99.03,0.0
GAL_09,Galle,22,1,0.485,13.22,47.5,99.86,0.0
GAL_09,Galle,23,1,0.579,13.17,49.3,99.76,0.0
GAL_09,Galle,24,1,0.409,14.73,41.2,99.82,0.0
GAL_09,Galle,25,1,0.535,13.76,45.0,99.9,0.0
GAL_09,Galle,26,1,0.418,13.55,44.7,99.55,0.0
GAL_10,Galle,1,0,0.495,17.12,36.8,99.25,0.0
GAL_10,Galle,2,0,0.524,16.35,32.9,99.25,0.0
GAL_10,Galle,3,0,0.461,17.48,42.7,98.83,0.0
GAL_10,Galle,4,0,0.425,18.31,40.9,99.04,0.0
GAL_10,Galle,5,0,0.454,17.0,34.8,99.37,0.0
GAL_10,Galle,6,0,0.463,17.96,37.9,98.89,0.0
GAL_10,Galle,7,0,0.484,15.73,39.1,99.1,0.0
GAL_10,Galle,8,0,0.56,16.17,44.2,99.35,0.0
GAL_10,Galle,9,0,0.585,17.27,43.6,98.78,0.0
GAL_10,Galle,10,0,0.553,16.84,32.9,98.87,0.0
GAL_10,Galle,11,0,0.51,16.81,41.0,98.69,0.0
GAL_10,Galle,12,0,0.382,18.12,43.2,98.88,0.0
GAL_10,Galle,13,0,0.51,17.91,41.2,99.18,0.0
GAL_10,Galle,14,0,0.576,16.86,39.7,99.14,0.0
GAL_10,Galle,15,0,0.494,17.07,39.8,99.16,0.0
GAL_10,Galle,16,0,0.447,17.78,35.6,99.09,0.0
GAL_10,Galle,17,0,0.492,17.52,31.1,99.37,0.0
GAL_10,Galle,18,0,0.469,18.03,37.6,99.13,0.0
GAL_10,Galle,19,0,0.625,17.14,44.5,99.16,0.0
GAL_10,Galle,20,0,0.535,17.34,42.9,98.98,0.0
GAL_10,Galle,21,0,0.451,16.92,39.9,99.09,0.0
GAL_10,Galle,22,0,0.553,18.08,35.6,98.96,0.0
GAL_10,Galle,23,0,0.424,18.52,40.8,99.27,0.0
GAL_10,Galle,24,0,0.43,17.3,41.6,99.08,0.0
GAL_10,Galle,25,0,0.575,18.69,35.7,98.89,0.0
GAL_10,Galle,26,0,0.457,18.27,43.7,99.11,0.0
GAL_11,Galle,1,0,0.444,12.24,55.6,98.53,0.0
GAL_11,Galle,2,0,0.554,12.73,58.8,98.28,0.0
GAL_11,Galle,3,0,0.413,12.77,56.3,97.98,0.0
GAL_11,Galle,4,0,0.435,12.33,53.5,98.7,0.0
GAL_11,Galle,5,0,0.484,13.2,56.6,98.35,0.0
GAL_11,Galle,6,0,0.399,12.38,55.6,97.99,0.0
GAL_11,Galle,7,0,0.423,12.18,57.2,98.45,0.0
GAL_11,Galle,8,0,0.42,12.66,54.8,97.62,0.0
GAL_11,Galle,9,0,0.426,13.02,48.8,98.36,0.0
GAL_11,Galle,10,0,0.55,11.92,55.6,98.01,0.0
GAL_11,Galle,11,0,0.553,12.33,55.8,98.67,0.0
GAL_11,Galle,12,0,0.495,11.85,53.0,98.46,0.0
GAL_11,Galle,13,0,0.418,11.11,55.4,97.96,0.0
GAL_11,Galle,14,0,0.552,12.48,51.9,98.16,0.0
GAL_11,Galle,15,0,0.342,11.72,59.6,98.89,0.0
GAL_11,Galle,16,0,0.499,12.32,53.8,98.09,0.0
GAL_11,Galle,17,0,0.579,12.26,64.0,98.68,0.0
GAL_11,Galle,18,0,0.351,11.98,52.9,98.31,0.0
GAL_11,Galle,19,0,0.451,14.17,51.3,98.39,0.0
GAL_11,Galle,20,0,0.492,12.38,56.0,98.07,0.0
GAL_11,Galle,21,0,0.462,12.68,56.9,98.48,0.0
GAL_11,Galle,22,0,0.54,12.94,55.9,98.04,0.0
GAL_11,Galle,23,0,0.419,12.25,56.6,98.21,0.0
GAL_11,Galle,24,0,0.399,11.66,49.0,98.28,0.0
GAL_11,Galle,25,0,0.367,11.78,54.0,98.0,0.0
GAL_11,Galle,26,0,0.478,12.82,53.4,98.22,0.0
GAL_12,Galle,1,1,0.581,11.46,39.2,99.54,0.0
GAL_12,Galle,2,1,0.586,12.88,34.0,99.37,0.0
GAL_12,Galle,3,1,0.547,12.46,37.3,99.04,0.0
GAL_12,Galle,4,1,0.493,13.87,31.3,99.38,0.0
GAL_12,Galle,5,1,0.472,12.85,30.9,99.39,0.0
GAL_12,Galle,6,1,0.576,12.22,37.0,99.64,0.0
GAL_12,Galle,7,1,0.589,12.73,46.8,99.7,0.0
GAL_12,Galle,8,1,0.545,12.12,33.4,99.79,0.0
GAL_12,Galle,9,1,0.628,13.53,37.0,99.12,0.0
GAL_12,Galle,10,1,0.554,11.9,27.9,99.5,0.0
GAL_12,Galle,11,1,0.557,13.19,35.8,99.57,0.0
GAL_12,Galle,12,1,0.466,12.58,27.8,98.94,0.0
GAL_12,Galle,13,1,0.57,12.19,37.3,99.71,0.0
GAL_12,Galle,14,1,0.488,13.0,31.2,98.98,0.0
GAL_12,Galle,15,1,0.533,12.36,32.1,99.9,0.0
GAL_12,Galle,16,1,0.434,12.87,29.8,99.66,0.0
GAL_12,Galle,17,1,0.543,12.87,30.0,99.25,0.0
GAL_12,Galle,18,1,0.581,13.71,35.7,99.21,0.0
GAL_12,Galle,19,1,0.546,14.1,34.2,99.8,0.0
GAL_12,Galle,20,1,0.481,12.62,36.3,99.54,0.0
GAL_12,Galle,21,1,0.479,12.16,37.8,99.74,0.0
GAL_12,Galle,22,1,0.616,13.73,34.4,99.36,0.0
GAL_12,Galle,23,1,0.606,13.07,29.9,99.18,0.0
GAL_12,Galle,24,1,0.555,12.54,33.7,99.71,0.0
GAL_12,Galle,25,1,0.571,13.44,26.1,99.5,0.0
GAL_12,Galle,26,1,0.567,11.73,31.2,99.23,0.0
MAT_01,Matara,1,0,0.476,18.97,71.5,98.45,0.0
MAT_01,Matara,2,0,0.519,18.1,73.5,98.25,0.0
MAT_01,Matara,3,0,0.472,19.41,71.0,98.08,0.0
MAT_01,Matara,4,0,0.46,17.52,70.0,97.86,0.0
MAT_01,Matara,5,0,0.382,19.59,72.3,98.02,0.0
MAT_01,Matara,6,0,0.419,18.91,74.3,97.82,0.0
MAT_01,Matara,7,0,0.453,19.25,62.5,98.02,0.0
MAT_01,Matara,8,0,0.427,18.65,68.3,98.06,0.0
MAT_01,Matara,9,0,0.568,18.54,71.5,98.53,0.0
MAT_01,Matara,10,0,0.42,19.82,70.3,98.48,0.0
MAT_01,Matara,11,0,0.498,18.92,70.0,97.87,0.0
MAT_01,Matara,12,0,0.458,19.27,70.2,97.95,0.0
MAT_01,Matara,13,0,0.438,19.33,75.2,97.86,0.0
MAT_01,Matara,14,0,0.413,18.96,76.4,98.32,0.0
MAT_01,Matara,15,0,0.378,18.57,66.6,97.96,0.0
MAT_01,Matara,16,0,0.549,17.88,63.8,97.82,0.0
MAT_01,Matara,17,0,0.47,19.1,72.0,98.32,0.0
MAT_01,Matara,18,0,0.347,19.45,69.0,98.21,0.0
MAT_01,Matara,19,0,0.374,18.74,71.2,98.32,0.0
MAT_01,Matara,20,0,0.358,18.75,66.0,98.16,0.0
MAT_01,Matara,21,0,0.5,19.5,68.2,98.26,0.0
MAT_01,Matara,22,0,0.535,17.75,72.7,98.27,0.0
MAT_01,Matara,23,0,0.438,18.01,74.1,97.73,0.0
MAT_01,Matara,24,0,0.442,18.71,73.2,97.87,0.0
MAT_01,Matara,25,0,0.412,18.79,74.3,98.6,0.0
MAT_01,Matara,26,0,0.363,18.92,65.9,98.28,0.0
MAT_02,Matara,1,0,0.362,12.71,41.0,98.37,0.0
MAT_02,Matara,2,0,0.222,12.73,41.5,98.59,0.0
MAT_02,Matara,3,0,0.307,12.22,43.4,98.29,0.0
MAT_02,Matara,4,0,0.275,13.09,28.9,98.87,0.0
MAT_02,Matara,5,0,0.356,13.29,38.6,98.51,0.0
MAT_02,Matara,6,0,0.255,12.66,32.4,98.67,0.0
MAT_02,Matara,7,0,0.367,13.63,37.8,98.78,0.0
MAT_02,Matara,8,0,0.301,12.46,38.2,98.45,0.0
MAT_02,Matara,9,0,0.335,12.11,32.8,98.71,0.0
MAT_02,Matara,10,0,0.372,12.15,39.0,98.41,0.0
MAT_02,Matara,11,0,0.32,13.6,39.6,98.75,0.0
MAT_02,Matara,12,0,0.433,12.32,32.4,98.37,0.0
MAT_02,Matara,13,0,0.303,11.33,35.5,98.41,0.0
MAT_02,Matara,14,0,0.366,12.96,33.9,98.69,0.0
MAT_02,Matara,15,0,0.362,12.28,34.4,97.99,0.0
MAT_02,Matara,16,0,1.171,11.27,45.3,97.64,0.0
MAT_02,Matara,17,0,2.123,9.94,54.4,97.32,0.0
MAT_02,Matara,18,0,3.095,9.65,56.2,96.39,0.0
MAT_02,Matara,19,0,3.047,9.4,62.6,96.9,0.0
MAT_02,Matara,20,0,3.12,9.05,65.1,96.7,0.0
MAT_02,Matara,21,0,3.023,10.15,61.7,96.19,0.0
MAT_02,Matara,22,0,3.099,9.77,61.4,96.54,0.0
MAT_02,Matara,23,0,3.028,10.01,62.2,96.59,0.0
MAT_02,Matara,24,0,3.093,8.95,58.8,95.99,0.0
MAT_02,Matara,25,0,3.105,8.92,62.9,96.64,0.0
MAT_02,Matara,26,0,3.107,8.92,62.1,96.96,0.0
MAT_03,Matara,1,1,0.724,16.69,47.7,97.94,0.0
MAT_03,Matara,2,1,0.705,17.36,46.1,97.56,0.0
MAT_03,Matara,3,1,0.787,18.56,50.2,97.57,0.0
MAT_03,Matara,4,1,0.644,17.37,53.8,97.59,0.0
MAT_03,Matara,5,1,0.683,17.18,51.8,97.81,0.0
MAT_03,Matara,6,1,0.596,17.44,52.9,97.88,0.0
MAT_03,Matara,7,1,0.714,16.78,45.0,98.15,0.0
MAT_03,Matara,8,1,0.713,17.36,54.4,97.63,0.0
MAT_03,Matara,9,1,0.657,17.16,46.1,98.09,0.0
MAT_03,Matara,10,1,0.679,16.47,48.7,97.94,0.0
MAT_03,Matara,11,1,0.746,17.3,50.2,97.98,0.0
MAT_03,Matara,12,1,0.679,16.64,49.5,97.81,0.0
MAT_03,Matara,13,1,0.791,17.87,50.9,97.99,0.0
MAT_03,Matara,14,1,0.685,16.31,47.5,97.92,0.0
MAT_03,Matara,15,1,0.704,17.35,52.1,97.72,0.0
MAT_03,Matara,16,1,0.649,17.94,51.5,97.8,0.0
MAT_03,Matara,17,1,0.684,17.01,48.5,98.01,0.0
MAT_03,Matara,18,1,0.842,17.18,51.0,97.47,0.0
MAT_03,Matara,19,1,0.661,17.8,50.0,96.8,0.0
MAT_03,Matara,20,1,0.73,18.22,40.4,98.28,0.0
MAT_03,Matara,21,1,0.524,17.63,48.4,97.31,0.0
MAT_03,Matara,22,1,0.717,17.76,49.8,98.04,0.0
MAT_03,Matara,23,1,0.665,15.95,51.2,98.33,0.0
MAT_03,Matara,24,1,0.758,15.87,42.3,97.68,0.0
MAT_03,Matara,25,1,0.594,17.09,50.0,97.54,0.0
MAT_03,Matara,26,1,0.737,17.43,46.2,97.85,0.0
MAT_04,Matara,1,0,0.161,13.81,48.1,98.69,0.0
MAT_04,Matara,2,0,0.196,13.52,41.5,98.85,0.0
MAT_04,Matara,3,0,0.144,13.87,44.2,98.64,0.0
MAT_04,Matara,4,0,0.157,13.33,37.5,98.81,0.0
MAT_04,Matara,5,0,0.191,14.15,42.0,99.19,0.0
MAT_04,Matara,6,0,0.154,13.11,40.1,98.28,0.0
MAT_04,Matara,7,0,0.269,14.46,46.5,98.49,0.0
MAT_04,Matara,8,0,0.286,13.43,43.0,99.08,0.0
MAT_04,Matara,9,0,0.217,14.96,45.1,98.62,0.0
MAT_04,Matara,10,0,0.14,12.53,43.0,99.0,0.0
MAT_04,Matara,11,0,0.213,13.65,40.1,98.77,0.0
MAT_04,Matara,12,0,0.238,13.89,44.8,98.52,0.0
MAT_04,Matara,13,0,0.229,11.76,45.6,99.36,0.0
MAT_04,Matara,14,0,0.087,13.49,44.1,98.6,0.0
MAT_04,Matara,15,0,0.239,13.92,44.7,98.92,0.0
MAT_04,Matara,16,0,0.178,15.54,44.7,98.77,0.0
MAT_04,Matara,17,0,0.074,13.31,48.7,98.38,0.0
MAT_04,Matara,18,0,0.05,13.66,49.6,98.73,0.0
MAT_04,Matara,19,0,0.157,12.52,45.9,98.88,0.0
MAT_04,Matara,20,0,0.07,14.32,47.2,99.0,0.0
MAT_04,Matara,21,0,0.212,14.03,46.2,98.94,0.0
MAT_04,Matara,22,0,0.068,12.74,41.2,98.69,0.0
MAT_04,Matara,23,0,0.2,13.83,48.6,99.01,0.0
MAT_04,Matara,24,0,0.125,13.78,40.7,98.67,0.0
MAT_04,Matara,25,0,0.196,11.59,53.7,98.86,0.0
MAT_04,Matara,26,0,0.141,14.79,42.7,98.75,0.0
MAT_05,Matara,1,1,0.379,19.46,52.8,98.78,0.0
MAT_05,Matara,2,1,0.389,18.9,47.9,98.55,0.0
MAT_05,Matara,3,1,0.365,17.87,37.9,98.58,0.0
MAT_05,Matara,4,1,0.378,19.86,44.8,98.48,0.0
MAT_05,Matara,5,1,0.338,19.62,47.1,98.71,0.0
MAT_05,Matara,6,1,0.355,19.47,38.7,98.8,0.0
MAT_05,Matara,7,1,0.518,18.92,39.5,98.81,0.0
MAT_05,Matara,8,1,0.354,17.96,45.4,98.98,0.0
MAT_05,Matara,9,1,0.363,18.57,38.8,98.67,0.0
MAT_05,Matara,10,1,0.348,18.19,50.2,98.82,0.0
MAT_05,Matara,11,1,0.416,19.33,45.7,98.6,0.0
MAT_05,Matara,12,1,0.398,18.63,44.4,98.79,0.0
MAT_05,Matara,13,1,0.359,18.0,43.2,98.65,0.0
MAT_05,Matara,14,1,0.268,19.1,46.5,99.34,0.0
MAT_05,Matara,15,1,0.358,18.47,38.2,98.76,0.0
MAT_05,Matara,16,1,0.394,18.31,41.9,98.21,0.0
MAT_05,Matara,17,1,0.437,18.33,42.5,98.35,0.0
MAT_05,Matara,18,1,0.347,18.63,42.6,98.82,0.0
MAT_05,Matara,19,1,0.468,19.23,46.5,99.07,0.0
MAT_05,Matara,20,1,0.416,18.77,46.7,98.97,0.0
MAT_05,Matara,21,1,0.421,17.92,39.3,98.64,0.0
MAT_05,Matara,22,1,0.429,18.78,47.2,99.03,0.0
MAT_05,Matara,23,1,0.454,19.52,38.5,98.83,0.0
MAT_05,Matara,24,1,0.345,17.81,41.5,99.04,0.0
MAT_05,Matara,25,1,0.409,20.01,43.3,99.32,0.0
MAT_05,Matara,26,1,0.392,18.81,37.5,98.98,0.0
MAT_06,Matara,1,0,0.377,12.78,63.8,99.8,0.0
MAT_06,Matara,2,0,0.402,14.0,64.2,99.35,0.0
MAT_06,Matara,3,0,0.429,13.84,68.6,99.71,0.0
MAT_06,Matara,4,0,0.381,12.69,63.0,99.83,0.0
MAT_06,Matara,5,0,0.406,13.09,60.9,99.33,0.0
MAT_06,Matara,6,0,0.37,12.9,67.5,99.35,0.0
MAT_06,Matara,7,0,0.383,12.3,63.5,99.75,0.0
MAT_06,Matara,8,0,0.477,12.94,63.0,99.37,0.0
MAT_06,Matara,9,0,0.411,13.01,60.9,99.45,0.0
MAT_06,Matara,10,0,0.407,12.64,59.7,99.84,0.0
MAT_06,Matara,11,0,0.542,12.1,55.6,99.17,0.0
MAT_06,Matara,12,0,0.374,13.36,63.0,99.45,0.0
MAT_06,Matara,13,0,0.411,12.4,59.7,99.41,0.0
MAT_06,Matara,14,0,0.285,12.12,56.2,99.6,0.0
MAT_06,Matara,15,0,0.394,13.18,53.3,99.04,0.0
MAT_06,Matara,16,0,0.419,11.15,65.6,98.95,0.0
MAT_06,Matara,17,0,0.43,12.28,64.9,99.9,0.0
MAT_06,Matara,18,0,0.243,13.23,53.4,99.52,0.0
MAT_06,Matara,19,0,0.367,12.9,57.0,99.61,0.0
MAT_06,Matara,20,0,0.293,13.56,59.0,99.06,0.0
MAT_06,Matara,21,0,0.475,12.78,68.3,99.72,0.0
MAT_06,Matara,22,0,0.332,12.77,61.1,99.79,0.0
MAT_06,Matara,23,0,0.406,12.92,59.9,99.4,0.0
MAT_06,Matara,24,0,0.458,12.82,59.1,99.27,0.0
MAT_06,Matara,25,0,0.346,11.98,57.7,99.79,0.0
MAT_06,Matara,26,0,0.367,13.24,50.7,99.55,0.0
MAT_07,Matara,1,0,0.442,13.06,42.5,97.89,0.0
MAT_07,Matara,2,0,0.441,14.22,47.2,97.91,0.0
MAT_07,Matara,3,0,0.441,13.22,49.8,98.4,0.0
MAT_07,Matara,4,0,0.248,13.58,42.3,97.9,0.0
MAT_07,Matara,5,0,0.416,13.49,39.8,98.43,0.0
MAT_07,Matara,6,0,0.473,13.28,42.9,98.01,0.0
MAT_07,Matara,7,0,0.489,12.34,50.6,98.21,0.0
MAT_07,Matara,8,0,0.422,12.22,45.8,98.41,0.0
MAT_07,Matara,9,0,0.347,13.55,46.7,98.09,0.0
MAT_07,Matara,10,0,0.479,11.93,47.7,98.66,0.0
MAT_07,Matara,11,0,0.514,13.48,45.1,98.09,0.0
MAT_07,Matara,12,0,0.409,13.57,43.1,98.44,0.0
MAT_07,Matara,13,0,0.555,13.21,41.0,97.92,0.0
MAT_07,Matara,14,0,0.474,13.21,49.9,98.12,0.0
MAT_07,Matara,15,0,0.477,13.15,43.4,98.15,0.0
MAT_07,Matara,16,0,0.356,14.44,46.0,98.41,0.0
MAT_07,Matara,17,0,0.395,12.62,45.4,98.53,0.0
MAT_07,Matara,18,0,0.396,12.73,47.0,98.38,0.0
MAT_07,Matara,19,0,0.526,13.46,48.9,98.43,0.0
MAT_07,Matara,20,0,0.358,12.67,42.0,97.92,0.0
MAT_07,Matara,21,0,0.475,13.42,46.7,97.6,0.0
MAT_07,Matara,22,0,0.551,12.71,54.6,97.89,0.0
MAT_07,Matara,23,0,0.379,11.93,47.8,97.98,0.0
MAT_07,Matara,24,0,0.363,12.42,49.5,98.43,0.0
MAT_07,Matara,25,0,0.536,12.84,47.2,97.93,0.0
MAT_07,Matara,26,0,0.407,12.94,48.2,98.51,0.0
MAT_08,Matara,1,1,0.555,13.35,58.2,98.61,0.0
MAT_08,Matara,2,1,0.573,13.78,62.2,98.39,0.0
MAT_08,Matara,3,1,0.572,12.18,57.6,98.39,0.0
MAT_08,Matara,4,1,0.615,13.18,51.7,98.29,0.0
MAT_08,Matara,5,1,0.56,12.05,65.0,98.82,0.0
MAT_08,Matara,6,1,0.645,12.15,55.8,98.21,0.0
MAT_08,Matara,7,1,0.636,12.6,62.1,98.52,0.0
MAT_08,Matara,8,1,0.58,12.41,60.5,98.2,0.0
MAT_08,Matara,9,1,0.633,12.3,52.7,98.05,0.0
MAT_08,Matara,10,1,0.581,13.18,63.7,98.66,0.0
MAT_08,Matara,11,1,0.706,12.28,60.8,98.46,0.0
MAT_08,Matara,12,1,0.558,11.9,48.7,98.89,0.0
MAT_08,Matara,13,1,0.55,11.83,52.3,98.52,0.0
MAT_08,Matara,14,1,0.695,13.56,50.3,98.48,0.0
MAT_08,Matara,15,1,0.527,12.9,58.1,98.41,0.0
MAT_08,Matara,16,1,0.593,12.02,63.4,98.71,0.0
MAT_08,Matara,17,1,0.629,10.71,56.7,99.09,0.0
MAT_08,Matara,18,1,0.668,11.2,55.7,98.27,0.0
MAT_08,Matara,19,1,0.691,12.46,53.9,98.58,0.0
MAT_08,Matara,20,1,0.432,11.66,57.1,98.78,0.0
MAT_08,Matara,21,1,0.472,12.08,61.0,98.21,0.0
MAT_08,Matara,22,1,0.603,12.35,63.8,98.51,0.0
MAT_08,Matara,23,1,0.578,12.82,51.7,98.51,0.0
MAT_08,Matara,24,1,0.561,12.23,60.4,98.71,0.0
MAT_08,Matara,25,1,0.544,12.39,62.9,98.36,0.0
MAT_08,Matara,26,1,0.597,12.19,56.7,98.16,0.0
MAT_09,Matara,1,0,0.61,13.21,61.3,98.22,0.0
MAT_09,Matara,2,0,0.693,12.31,57.3,98.0,0.0
MAT_09,Matara,3,0,0.702,12.07,63.3,98.09,0.0
MAT_09,Matara,4,0,0.649,12.94,57.4,98.09,0.0
MAT_09,Matara,5,0,0.646,13.02,54.7,98.13,0.0
MAT_09,Matara,6,0,0.648,13.01,56.9,98.62,0.0
MAT_09,Matara,7,0,0.638,12.34,56.7,97.84,0.0
MAT_09,Matara,8,0,0.585,12.17,61.9,98.16,0.0
MAT_09,Matara,9,0,0.618,13.22,63.5,98.48,0.0
MAT_09,Matara,10,0,0.596,12.19,64.6,98.23,0.0
MAT_09,Matara,11,0,0.631,12.92,61.4,98.02,0.0
MAT_09,Matara,12,0,0.661,13.04,52.7,98.17,0.0
MAT_09,Matara,13,0,0.581,11.9,55.1,98.28,0.0
MAT_09,Matara,14,0,0.628,12.1,57.5,97.88,0.0
MAT_09,Matara,15,0,0.673,13.17,57.0,98.11,0.0
MAT_09,Matara,16,0,0.67,11.27,59.5,98.94,0.0
MAT_09,Matara,17,0,0.64,12.42,60.3,98.58,0.0
MAT_09,Matara,18,0,0.706,11.19,59.6,98.81,0.0
MAT_09,Matara,19,0,0.685,11.79,58.5,97.84,0.0
MAT_09,Matara,20,0,0.721,11.91,57.6,97.95,0.0
MAT_09,Matara,21,0,0.615,13.38,57.8,98.03,0.0
MAT_09,Matara,22,0,0.579,11.36,52.3,98.19,0.0
MAT_09,Matara,23,0,0.706,12.15,63.6,97.99,0.0
MAT_09,Matara,24,0,0.633,11.84,61.3,98.69,0.0
MAT_09,Matara,25,0,0.542,12.28,62.4,97.8,0.0
MAT_09,Matara,26,0,0.682,13.22,57.7,98.3,0.0
MAT_10,Matara,1,0,0.614,19.41,43.6,98.1,0.0
MAT_10,Matara,2,0,0.713,21.1,42.7,98.12,0.0
MAT_10,Matara,3,0,0.757,19.71,49.0,98.27,0.0
MAT_10,Matara,4,0,0.682,18.5,36.7,97.77,0.0
MAT_10,Matara,5,0,0.719,18.75,48.2,98.23,0.0
MAT_10,Matara,6,0,0.682,19.06,45.7,98.03,0.0
MAT_10,Matara,7,0,0.637,20.28,44.6,98.17,0.0
MAT_10,Matara,8,0,0.735,19.57,44.7,98.02,0.0
MAT_10,Matara,9,0,0.821,19.22,49.4,98.18,0.0
MAT_10,Matara,10,0,0.745,20.01,47.8,98.02,0.0
MAT_10,Matara,11,0,0.761,20.67,42.2,98.24,0.0
MAT_10,Matara,12,0,0.665,19.36,50.0,97.98,0.0
MAT_10,Matara,13,0,0.64,20.53,45.7,98.76,0.0
MAT_10,Matara,14,0,0.67,19.64,40.6,98.26,0.0
MAT_10,Matara,15,0,0.59,19.98,44.5,98.21,0.0
MAT_10,Matara,16,0,0.673,19.03,46.1,97.93,0.0
MAT_10,Matara,17,0,0.727,20.81,49.1,97.85,0.0
MAT_10,Matara,18,0,0.664,19.82,42.9,97.88,0.0
MAT_10,Matara,19,0,0.72,19.56,50.9,98.16,0.0
MAT_10,Matara,20,0,0.767,18.81,39.1,98.41,0.0
MAT_10,Matara,21,0,0.762,18.99,43.3,97.88,0.0
MAT_10,Matara,22,0,0.686,20.07,41.5,98.17,0.0
MAT_10,Matara,23,0,0.629,19.18,50.2,98.25,0.0
MAT_10,Matara,24,0,0.636,19.38,36.8,97.97,0.0
MAT_10,Matara,25,0,0.778,19.48,50.8,98.2,0.0
MAT_10,Matara,26,0,0.694,19.95,32.5,98.28,0.0
MAT_11,Matara,1,1,0.518,18.21,52.9,97.86,0.0
MAT_11,Matara,2,1,0.431,19.29,57.9,97.86,0.0
MAT_11,Matara,3,1,0.497,19.02,59.7,98.16,0.0
MAT_11,Matara,4,1,0.48,18.46,61.5,97.78,0.0
MAT_11,Matara,5,1,0.445,19.4,63.0,97.8,0.0
MAT_11,Matara,6,1,0.416,19.24,59.7,97.89,0.0
MAT_11,Matara,7,1,0.424,18.56,56.5,97.64,0.0
MAT_11,Matara,8,1,0.451,18.52,55.0,98.03,0.0
MAT_11,Matara,9,1,0.52,18.95,55.4,98.0,0.0
MAT_11,Matara,10,1,0.448,17.62,59.2,97.84,0.0
MAT_11,Matara,11,1,0.599,19.24,59.4,97.87,0.0
MAT_11,Matara,12,1,0.453,17.76,49.6,97.59,0.0
MAT_11,Matara,13,1,0.44,17.1,54.4,97.74,0.0
MAT_11,Matara,14,1,0.43,17.97,55.2,98.24,0.0
MAT_11,Matara,15,1,0.483,18.03,56.3,97.8,0.0
MAT_11,Matara,16,1,0.397,17.9,60.6,97.7,0.0
MAT_11,Matara,17,1,0.377,18.34,57.0,97.31,0.0
MAT_11,Matara,18,1,0.441,18.88,58.3,98.36,0.0
MAT_11,Matara,19,1,0.518,19.23,67.7,98.0,0.0
MAT_11,Matara,20,1,0.453,18.95,54.3,97.83,0.0
MAT_11,Matara,21,1,0.404,18.6,53.9,97.63,0.0
MAT_11,Matara,22,1,0.468,18.28,48.8,97.44,0.0
MAT_11,Matara,23,1,0.374,17.83,58.2,97.86,0.0
MAT_11,Matara,24,1,0.507,18.82,60.8,97.96,0.0
MAT_11,Matara,25,1,0.456,19.02,60.2,97.9,0.0
MAT_11,Matara,26,1,0.519,16.96,55.4,97.73,0.0
MAT_12,Matara,1,0,0.597,18.39,18.9,99.75,0.0
MAT_12,Matara,2,0,0.652,19.22,23.4,99.58,0.0
MAT_12,Matara,3,0,0.61,19.6,13.8,99.35,0.0
MAT_12,Matara,4,0,0.612,17.93,24.1,99.56,0.0
MAT_12,Matara,5,0,0.572,18.62,27.7,99.53,0.0
MAT_12,Matara,6,0,0.584,18.49,25.1,99.15,0.0
MAT_12,Matara,7,0,0.639,18.32,30.2,99.74,0.0
MAT_12,Matara,8,0,0.682,17.98,23.7,99.28,0.0
MAT_12,Matara,9,0,0.569,19.34,31.1,99.3,0.0
MAT_12,Matara,10,0,0.584,18.54,27.5,99.15,0.0
MAT_12,Matara,11,0,0.515,18.88,17.4,99.48,0.0
MAT_12,Matara,12,0,0.621,18.84,24.6,99.5,0.0
MAT_12,Matara,13,0,0.662,18.76,22.6,99.6,0.0
MAT_12,Matara,14,0,0.634,19.62,28.3,99.89,0.0
MAT_12,Matara,15,0,0.575,18.27,24.2,99.55,0.0
MAT_12,Matara,16,0,0.551,19.35,28.7,99.51,0.0
MAT_12,Matara,17,0,0.65,18.72,28.0,99.25,0.0
MAT_12,Matara,18,0,0.603,18.55,27.6,99.43,0.0
MAT_12,Matara,19,0,0.461,17.94,24.9,99.6,0.0
MAT_12,Matara,20,0,0.712,18.94,25.5,99.58,0.0
MAT_12,Matara,21,0,0.678,18.23,24.6,99.32,0.0
MAT_12,Matara,22,0,0.697,18.82,22.3,99.56,0.0
MAT_12,Matara,23,0,0.642,18.44,23.0,99.42,0.0
MAT_12,Matara,24,0,0.632,18.37,23.3,99.25,0.0
MAT_12,Matara,25,0,0.616,18.48,23.9,99.64,0.0
MAT_12,Matara,26,0,0.656,19.01,27.4,99.53,0.0
JAF_01,Jaffna,1,0,0.313,10.79,39.6,98.5,0.0
JAF_01,Jaffna,2,0,0.32,11.13,38.0,98.96,0.0
JAF_01,Jaffna,3,0,0.346,11.66,40.6,98.16,0.0
JAF_01,Jaffna,4,0,0.489,13.25,25.5,98.59,0.0
JAF_01,Jaffna,5,0,0.327,11.63,34.6,98.82,0.0
JAF_01,Jaffna,6,0,0.364,11.24,35.6,98.74,0.0
JAF_01,Jaffna,7,0,0.3,10.8,44.3,98.45,0.0
JAF_01,Jaffna,8,0,0.362,11.55,38.5,99.06,0.0
JAF_01,Jaffna,9,0,0.405,10.87,30.8,98.51,0.0
JAF_01,Jaffna,10,0,0.355,10.75,39.6,98.34,0.0
JAF_01,Jaffna,11,0,0.46,12.88,35.3,98.72,0.0
JAF_01,Jaffna,12,0,0.297,12.16,34.3,98.34,0.0
JAF_01,Jaffna,13,0,0.353,11.51,35.0,98.85,0.0
JAF_01,Jaffna,14,0,0.324,12.83,31.0,99.02,0.0
JAF_01,Jaffna,15,0,0.31,11.79,34.3,98.53,0.0
JAF_01,Jaffna,16,0,0.419,12.69,41.1,98.51,0.0
JAF_01,Jaffna,17,0,0.382,11.32,32.3,98.33,0.0
JAF_01,Jaffna,18,0,0.344,11.94,28.6,98.6,0.0
JAF_01,Jaffna,19,0,0.462,12.46,33.9,98.26,0.0
JAF_01,Jaffna,20,0,0.398,10.4,40.7,98.56,0.0
JAF_01,Jaffna,21,0,0.48,10.75,40.0,98.59,0.0
JAF_01,Jaffna,22,0,0.351,10.96,38.7,98.78,0.0
JAF_01,Jaffna,23,0,0.478,12.39,33.9,98.36,0.0
JAF_01,Jaffna,24,0,0.289,12.67,33.2,98.98,0.0
JAF_01,Jaffna,25,0,0.402,11.98,35.1,98.78,0.0
JAF_01,Jaffna,26,0,0.37,11.56,39.1,98.58,0.0
JAF_02,Jaffna,1,0,0.442,16.99,46.7,98.85,0.0
JAF_02,Jaffna,2,0,0.32,16.89,41.8,98.78,0.0
JAF_02,Jaffna,3,0,0.451,16.03,50.2,98.59,0.0
JAF_02,Jaffna,4,0,0.369,17.3,43.3,98.88,0.0
JAF_02,Jaffna,5,0,0.268,16.71,40.1,98.92,0.0
JAF_02,Jaffna,6,0,0.264,16.99,47.8,98.93,0.0
JAF_02,Jaffna,7,0,0.269,16.98,41.7,98.67,0.0
JAF_02,Jaffna,8,0,0.233,15.67,37.3,98.79,0.0
JAF_02,Jaffna,9,0,0.383,15.83,44.6,98.76,0.0
JAF_02,Jaffna,10,0,0.342,17.21,41.8,99.04,0.0
JAF_02,Jaffna,11,0,0.244,16.97,41.3,99.2,0.0
JAF_02,Jaffna,12,0,0.331,16.43,45.9,98.83,0.0
JAF_02,Jaffna,13,0,0.404,15.6,46.3,98.84,0.0
JAF_02,Jaffna,14,0,0.359,15.78,43.4,98.67,0.0
JAF_02,Jaffna,15,0,0.353,16.09,41.0,98.93,0.0
JAF_02,Jaffna,16,0,0.346,15.69,42.7,98.69,0.0
JAF_02,Jaffna,17,0,0.479,16.7,44.3,99.24,0.0
JAF_02,Jaffna,18,0,0.219,14.52,41.6,98.6,0.0
JAF_02,Jaffna,19,0,0.324,16.18,46.8,98.66,0.0
JAF_02,Jaffna,20,0,0.362,16.07,44.6,98.81,0.0
JAF_02,Jaffna,21,0,0.421,16.0,50.3,98.74,0.0
JAF_02,Jaffna,22,0,0.383,16.02,41.9,99.1,0.0
JAF_02,Jaffna,23,0,0.32,14.46,30.9,99.26,0.0
JAF_02,Jaffna,24,0,0.412,17.19,43.1,98.62,0.0
JAF_02,Jaffna,25,0,0.313,16.07,39.1,99.35,0.0
JAF_02,Jaffna,26,0,0.473,16.35,43.1,98.62,0.0
JAF_03,Jaffna,1,1,0.706,13.83,44.6,98.91,0.0
JAF_03,Jaffna,2,1,0.736,14.58,39.7,98.63,0.0
JAF_03,Jaffna,3,1,0.712,14.17,38.3,98.94,0.0
JAF_03,Jaffna,4,1,0.674,13.67,39.3,99.14,0.0
JAF_03,Jaffna,5,1,0.644,14.56,40.9,98.91,0.0
JAF_03,Jaffna,6,1,0.605,14.68,44.2,98.67,0.0
JAF_03,Jaffna,7,1,0.644,13.87,44.0,98.91,0.0
JAF_03,Jaffna,8,1,0.615,14.75,35.4,98.68,0.0
JAF_03,Jaffna,9,1,0.579,14.06,45.7,98.75,0.0
JAF_03,Jaffna,10,1,0.694,14.2,43.3,98.68,0.0
JAF_03,Jaffna,11,1,0.669,14.73,49.6,99.09,0.0
JAF_03,Jaffna,12,1,0.631,15.11,48.8,98.53,0.0
JAF_03,Jaffna,13,1,0.616,14.56,38.6,98.85,0.0
JAF_03,Jaffna,14,1,0.588,15.54,34.6,98.89,0.0
JAF_03,Jaffna,15,1,0.729,14.68,36.3,98.6,0.0
JAF_03,Jaffna,16,1,0.653,14.24,41.1,98.59,0.0
JAF_03,Jaffna,17,1,0.715,14.77,41.0,99.3,0.0
JAF_03,Jaffna,18,1,0.64,14.26,38.0,98.89,0.0
JAF_03,Jaffna,19,1,0.661,14.2,32.1,98.8,0.0
JAF_03,Jaffna,20,1,0.688,14.78,45.0,99.43,0.0
JAF_03,Jaffna,21,1,0.712,15.53,43.3,99.36,0.0
JAF_03,Jaffna,22,1,0.778,15.27,43.1,98.89,0.0
JAF_03,Jaffna,23,1,0.664,14.5,42.7,98.76,0.0
JAF_03,Jaffna,24,1,0.655,13.29,47.1,98.88,0.0
JAF_03,Jaffna,25,1,0.694,15.57,41.4,99.3,0.0
JAF_03,Jaffna,26,1,0.592,16.14,44.6,98.99,0.0
JAF_04,Jaffna,1,0,0.681,12.64,33.9,99.9,0.0
JAF_04,Jaffna,2,0,0.616,11.19,35.4,99.34,0.0
JAF_04,Jaffna,3,0,0.674,10.79,43.2,99.45,0.0
JAF_04,Jaffna,4,0,0.577,11.14,41.6,99.54,0.0
JAF_04,Jaffna,5,0,0.652,11.88,44.6,99.53,0.0
JAF_04,Jaffna,6,0,0.587,11.51,42.1,99.25,0.0
JAF_04,Jaffna,7,0,0.596,11.03,39.4,99.42,0.0
JAF_04,Jaffna,8,0,0.692,10.5,33.9,99.53,0.0
JAF_04,Jaffna,9,0,0.639,10.59,37.8,99.51,0.0
JAF_04,Jaffna,10,0,0.626,11.55,37.6,99.9,0.0
JAF_04,Jaffna,11,0,0.679,10.98,40.6,99.64,0.0
JAF_04,Jaffna,12,0,0.722,11.1,43.3,99.62,0.0
JAF_04,Jaffna,13,0,0.739,12.24,41.0,99.55,0.0
JAF_04,Jaffna,14,0,0.68,11.35,47.0,99.63,0.0
JAF_04,Jaffna,15,0,0.625,11.19,35.4,99.75,0.0
JAF_04,Jaffna,16,0,0.6,12.12,35.1,99.64,0.0
JAF_04,Jaffna,17,0,0.719,10.17,48.3,99.5,0.0
JAF_04,Jaffna,18,0,0.658,11.8,43.2,99.68,0.0
JAF_04,Jaffna,19,0,0.709,11.77,47.3,99.74,0.0
JAF_04,Jaffna,20,0,0.767,12.0,33.0,99.9,0.0
JAF_04,Jaffna,21,0,0.615,12.36,40.4,99.88,0.0
JAF_04,Jaffna,22,0,0.608,11.84,39.2,99.9,0.0
JAF_04,Jaffna,23,0,0.676,12.02,31.6,99.59,0.0
JAF_04,Jaffna,24,0,0.674,11.6,44.1,99.52,0.0
JAF_04,Jaffna,25,0,0.652,12.17,31.1,99.76,0.0
JAF_04,Jaffna,26,0,0.629,10.91,41.6,99.9,0.0
JAF_05,Jaffna,1,1,0.533,13.14,58.7,99.07,0.0
JAF_05,Jaffna,2,1,0.615,14.89,50.1,99.2,0.0
JAF_05,Jaffna,3,1,0.585,14.38,60.3,98.88,0.0
JAF_05,Jaffna,4,1,0.63,14.77,54.6,99.17,0.0
JAF_05,Jaffna,5,1,0.621,14.36,57.7,99.35,0.0
JAF_05,Jaffna,6,1,0.537,14.74,60.1,99.25,0.0
JAF_05,Jaffna,7,1,0.506,14.08,56.2,98.92,0.0
JAF_05,Jaffna,8,1,0.574,13.3,57.8,99.25,0.0
JAF_05,Jaffna,9,1,0.497,14.36,55.2,99.34,0.0
JAF_05,Jaffna,10,1,0.572,13.67,52.3,99.07,0.0
JAF_05,Jaffna,11,1,0.597,14.24,54.6,99.1,0.0
JAF_05,Jaffna,12,1,0.574,15.65,52.3,99.07,0.0
JAF_05,Jaffna,13,1,0.793,14.4,49.9,99.42,0.0
JAF_05,Jaffna,14,1,0.541,14.69,54.5,99.1,0.0
JAF_05,Jaffna,15,1,0.692,14.49,59.3,99.32,0.0
JAF_05,Jaffna,16,1,0.569,14.52,60.2,99.24,0.0
JAF_05,Jaffna,17,1,1.845,13.16,56.9,98.27,0.0
JAF_05,Jaffna,18,1,2.887,10.4,56.4,97.26,0.0
JAF_05,Jaffna,19,1,3.996,9.86,57.5,96.4,0.0
JAF_05,Jaffna,20,1,4.06,9.75,51.9,96.66,0.0
JAF_05,Jaffna,21,1,4.012,9.6,56.0,96.09,0.0
JAF_05,Jaffna,22,1,4.113,10.48,59.2,96.18,0.0
JAF_05,Jaffna,23,1,4.058,9.7,56.6,96.3,0.0
JAF_05,Jaffna,24,1,3.994,9.8,58.2,96.36,0.0
JAF_05,Jaffna,25,1,3.984,10.08,53.8,96.07,0.0
JAF_05,Jaffna,26,1,3.989,9.01,61.4,95.97,0.0
JAF_06,Jaffna,1,1,0.384,17.81,34.5,98.26,0.0
JAF_06,Jaffna,2,1,0.43,18.22,33.8,98.48,0.0
JAF_06,Jaffna,3,1,0.334,17.09,37.3,98.36,0.0
JAF_06,Jaffna,4,1,0.295,16.88,30.3,98.38,0.0
JAF_06,Jaffna,5,1,0.347,17.24,39.2,98.45,0.0
JAF_06,Jaffna,6,1,0.387,17.65,33.4,98.5,0.0
JAF_06,Jaffna,7,1,0.276,18.09,32.8,98.7,0.0
JAF_06,Jaffna,8,1,0.332,18.4,32.1,98.3,0.0
JAF_06,Jaffna,9,1,0.375,18.47,43.2,98.48,0.0
JAF_06,Jaffna,10,1,0.462,17.59,41.0,98.23,0.0
JAF_06,Jaffna,11,1,0.377,16.36,32.1,98.58,0.0
JAF_06,Jaffna,12,1,0.273,18.02,40.2,98.34,0.0
JAF_06,Jaffna,13,1,0.294,17.48,32.7,98.44,0.0
JAF_06,Jaffna,14,1,0.358,17.58,43.3,98.29,0.0
JAF_06,Jaffna,15,1,0.436,17.14,36.9,98.76,0.0
JAF_06,Jaffna,16,1,1.973,17.23,34.6,96.84,0.0
JAF_06,Jaffna,17,1,3.681,17.16,31.1,95.63,230.0
JAF_06,Jaffna,18,1,5.203,15.45,21.5,93.85,0.0
JAF_06,Jaffna,19,1,5.246,15.87,21.8,93.89,295.0
JAF_06,Jaffna,20,1,5.293,14.24,27.8,93.9,0.0
JAF_06,Jaffna,21,1,5.254,15.81,32.7,93.79,0.0
JAF_06,Jaffna,22,1,5.239,15.34,24.7,93.94,248.0
JAF_06,Jaffna,23,1,5.254,15.28,23.2,93.86,390.0
JAF_06,Jaffna,24,1,5.264,15.37,18.3,93.82,67.0
JAF_06,Jaffna,25,1,5.239,16.15,25.7,94.04,0.0
JAF_06,Jaffna,26,1,5.218,15.08,21.8,93.93,241.0
JAF_07,Jaffna,1,0,0.16,11.3,58.9,99.47,0.0
JAF_07,Jaffna,2,0,0.124,13.06,61.6,99.67,0.0
JAF_07,Jaffna,3,0,0.111,12.37,69.8,98.93,0.0
JAF_07,Jaffna,4,0,0.091,10.95,58.1,99.35,0.0
JAF_07,Jaffna,5,0,0.108,11.6,65.3,98.72,0.0
JAF_07,Jaffna,6,0,0.197,11.36,65.2,99.34,0.0
JAF_07,Jaffna,7,0,0.202,11.5,54.5,99.2,0.0
JAF_07,Jaffna,8,0,0.132,10.95,63.6,99.09,0.0
JAF_07,Jaffna,9,0,0.05,11.97,60.8,99.08,0.0
JAF_07,Jaffna,10,0,0.092,12.31,62.9,99.2,0.0
JAF_07,Jaffna,11,0,0.094,11.84,68.4,99.34,0.0
JAF_07,Jaffna,12,0,0.161,11.93,57.5,98.96,0.0
JAF_07,Jaffna,13,0,0.108,11.13,58.8,98.71,0.0
JAF_07,Jaffna,14,0,0.05,11.41,62.8,98.98,0.0
JAF_07,Jaffna,15,0,0.125,11.31,67.4,99.14,0.0
JAF_07,Jaffna,16,0,0.162,11.69,57.4,99.16,0.0
JAF_07,Jaffna,17,0,0.05,11.5,60.1,99.28,0.0
JAF_07,Jaffna,18,0,0.05,11.58,65.3,99.41,0.0
JAF_07,Jaffna,19,0,0.074,11.58,63.8,99.57,0.0
JAF_07,Jaffna,20,0,0.05,11.02,74.2,99.11,0.0
JAF_07,Jaffna,21,0,0.05,11.22,52.0,99.24,0.0
JAF_07,Jaffna,22,0,0.169,11.02,61.1,99.41,0.0
JAF_07,Jaffna,23,0,0.05,10.77,62.1,98.99,0.0
JAF_07,Jaffna,24,0,0.102,10.81,63.9,99.14,0.0
JAF_07,Jaffna,25,0,0.153,11.69,63.9,98.82,0.0
JAF_07,Jaffna,26,0,0.15,11.37,62.4,99.44,0.0
JAF_08,Jaffna,1,0,0.414,18.08,59.8,99.42,0.0
JAF_08,Jaffna,2,0,0.298,17.76,64.9,98.85,0.0
JAF_08,Jaffna,3,0,0.343,18.67,63.6,99.44,0.0
JAF_08,Jaffna,4,0,0.417,18.02,53.4,98.85,0.0
JAF_08,Jaffna,5,0,0.395,17.08,61.5,99.21,0.0
JAF_08,Jaffna,6,0,0.437,17.67,60.2,99.11,0.0
JAF_08,Jaffna,7,0,0.37,17.92,67.0,98.93,0.0
JAF_08,Jaffna,8,0,0.356,18.28,61.2,99.34,0.0
JAF_08,Jaffna,9,0,0.358,18.49,63.6,99.22,0.0
JAF_08,Jaffna,10,0,0.311,17.63,67.7,99.29,0.0
JAF_08,Jaffna,11,0,0.288,18.12,53.3,98.98,0.0
JAF_08,Jaffna,12,0,0.407,17.94,63.2,98.37,0.0
JAF_08,Jaffna,13,0,0.326,18.22,64.6,99.37,0.0
JAF_08,Jaffna,14,0,0.337,17.91,57.4,99.08,0.0
JAF_08,Jaffna,15,0,0.274,16.9,58.4,99.5,0.0
JAF_08,Jaffna,16,0,0.333,18.15,60.7,98.68,0.0
JAF_08,Jaffna,17,0,0.405,16.71,60.6,99.11,0.0
JAF_08,Jaffna,18,0,0.363,17.58,55.4,98.93,0.0
JAF_08,Jaffna,19,0,0.304,17.55,66.7,98.82,0.0
JAF_08,Jaffna,20,0,0.367,18.11,66.6,99.09,0.0
JAF_08,Jaffna,21,0,0.397,17.91,64.5,98.75,0.0
JAF_08,Jaffna,22,0,0.191,18.24,64.5,99.25,0.0
JAF_08,Jaffna,23,0,0.318,18.91,60.9,99.23,0.0
JAF_08,Jaffna,24,0,0.385,19.04,61.5,98.96,0.0
JAF_08,Jaffna,25,0,0.259,18.94,64.5,99.24,0.0
JAF_08,Jaffna,26,0,0.536,18.21,57.6,99.08,0.0
JAF_09,Jaffna,1,1,0.331,13.34,41.8,98.31,0.0
JAF_09,Jaffna,2,1,0.33,13.88,39.3,98.36,0.0
JAF_09,Jaffna,3,1,0.359,13.57,37.9,98.57,0.0
JAF_09,Jaffna,4,1,0.285,13.71,40.4,98.04,0.0
JAF_09,Jaffna,5,1,0.265,13.26,36.8,97.82,0.0
JAF_09,Jaffna,6,1,0.274,13.63,43.8,98.33,0.0
JAF_09,Jaffna,7,1,0.158,13.86,36.5,98.3,0.0
JAF_09,Jaffna,8,1,0.313,13.36,38.4,98.18,0.0
JAF_09,Jaffna,9,1,0.394,13.46,43.1,98.42,0.0
JAF_09,Jaffna,10,1,0.354,12.4,43.2,98.07,0.0
JAF_09,Jaffna,11,1,0.356,12.89,34.0,98.68,0.0
JAF_09,Jaffna,12,1,0.256,14.16,39.2,98.08,0.0
JAF_09,Jaffna,13,1,0.311,12.69,38.7,97.92,0.0
JAF_09,Jaffna,14,1,0.29,14.03,39.8,97.82,0.0
JAF_09,Jaffna,15,1,0.365,13.47,36.6,98.38,0.0
JAF_09,Jaffna,16,1,0.303,12.77,46.2,98.18,0.0
JAF_09,Jaffna,17,1,0.309,13.23,43.5,98.06,0.0
JAF_09,Jaffna,18,1,0.221,13.06,44.1,98.4,0.0
JAF_09,Jaffna,19,1,0.298,14.29,41.8,98.12,0.0
JAF_09,Jaffna,20,1,0.304,13.67,35.4,98.19,0.0
JAF_09,Jaffna,21,1,0.332,12.46,38.0,98.11,0.0
JAF_09,Jaffna,22,1,0.375,12.36,37.2,98.07,0.0
JAF_09,Jaffna,23,1,0.371,13.44,46.0,98.35,0.0
JAF_09,Jaffna,24,1,0.289,13.61,37.4,98.4,0.0
JAF_09,Jaffna,25,1,0.234,12.98,40.6,98.5,0.0
JAF_09,Jaffna,26,1,0.181,14.3,38.2,97.72,0.0
JAF_10,Jaffna,1,1,0.134,10.05,47.3,98.4,0.0
JAF_10,Jaffna,2,1,0.068,10.2,48.0,98.52,0.0
JAF_10,Jaffna,3,1,0.078,11.08,52.3,98.61,0.0
JAF_10,Jaffna,4,1,0.194,11.15,41.3,98.56,0.0
JAF_10,Jaffna,5,1,0.05,10.4,41.2,98.45,0.0
JAF_10,Jaffna,6,1,0.075,10.35,45.9,98.52,0.0
JAF_10,Jaffna,7,1,0.05,10.08,37.7,98.61,0.0
JAF_10,Jaffna,8,1,0.15,10.68,40.6,98.62,0.0
JAF_10,Jaffna,9,1,0.092,9.84,46.7,98.76,0.0
JAF_10,Jaffna,10,1,0.177,10.16,48.5,98.43,0.0
JAF_10,Jaffna,11,1,0.159,10.22,42.8,97.95,0.0
JAF_10,Jaffna,12,1,0.102,10.58,42.1,98.99,0.0
JAF_10,Jaffna,13,1,0.05,10.19,40.1,98.41,0.0
JAF_10,Jaffna,14,1,0.182,11.41,40.9,98.37,0.0
JAF_10,Jaffna,15,1,0.051,11.31,48.2,98.53,0.0
JAF_10,Jaffna,16,1,0.05,9.74,44.4,98.69,0.0
JAF_10,Jaffna,17,1,0.05,10.33,50.2,98.5,0.0
JAF_10,Jaffna,18,1,0.209,10.91,39.4,98.48,0.0
JAF_10,Jaffna,19,1,0.112,9.95,39.9,98.93,0.0
JAF_10,Jaffna,20,1,1.156,9.73,42.7,97.59,0.0
JAF_10,Jaffna,21,1,2.344,7.29,47.3,96.13,0.0
JAF_10,Jaffna,22,1,3.432,4.73,44.8,95.89,0.0
JAF_10,Jaffna,23,1,3.443,5.43,41.1,95.51,0.0
JAF_10,Jaffna,24,1,3.416,4.99,45.7,95.76,0.0
JAF_10,Jaffna,25,1,3.388,6.53,46.6,95.54,0.0
JAF_10,Jaffna,26,1,3.289,6.29,41.9,95.53,0.0
JAF_11,Jaffna,1,1,0.513,18.92,41.3,98.93,0.0
JAF_11,Jaffna,2,1,0.581,18.13,39.1,99.63,0.0
JAF_11,Jaffna,3,1,0.452,18.15,44.9,99.05,0.0
JAF_11,Jaffna,4,1,0.506,18.07,42.6,98.71,0.0
JAF_11,Jaffna,5,1,0.646,18.05,45.9,98.9,0.0
JAF_11,Jaffna,6,1,0.496,17.91,37.3,98.95,0.0
JAF_11,Jaffna,7,1,0.493,18.89,38.7,98.84,0.0
JAF_11,Jaffna,8,1,0.463,19.05,40.0,99.13,0.0
JAF_11,Jaffna,9,1,0.575,18.1,38.0,98.65,0.0
JAF_11,Jaffna,10,1,0.569,17.43,45.1,99.02,0.0
JAF_11,Jaffna,11,1,0.54,18.47,39.8,98.74,0.0
JAF_11,Jaffna,12,1,0.56,17.81,32.5,99.15,0.0
JAF_11,Jaffna,13,1,0.455,18.47,49.1,98.99,0.0
JAF_11,Jaffna,14,1,0.577,18.28,49.9,98.72,0.0
JAF_11,Jaffna,15,1,0.517,18.59,42.7,99.28,0.0
JAF_11,Jaffna,16,1,0.491,19.43,52.0,99.06,0.0
JAF_11,Jaffna,17,1,0.55,18.9,38.8,98.66,0.0
JAF_11,Jaffna,18,1,0.592,18.35,42.6,98.99,0.0
JAF_11,Jaffna,19,1,0.374,18.07,40.5,99.22,0.0
JAF_11,Jaffna,20,1,0.577,18.53,45.1,98.61,0.0
JAF_11,Jaffna,21,1,0.553,18.56,48.5,99.52,0.0
JAF_11,Jaffna,22,1,0.416,17.95,40.5,99.03,0.0
JAF_11,Jaffna,23,1,0.518,18.04,47.6,98.71,0.0
JAF_11,Jaffna,24,1,0.455,17.57,42.1,98.68,0.0
JAF_11,Jaffna,25,1,0.514,18.09,40.4,99.21,0.0
JAF_11,Jaffna,26,1,0.514,18.82,42.7,98.98,0.0
JAF_12,Jaffna,1,1,0.417,14.13,56.7,98.33,0.0
JAF_12,Jaffna,2,1,0.462,13.79,47.4,98.16,0.0
JAF_12,Jaffna,3,1,0.288,13.65,55.7,98.31,0.0
JAF_12,Jaffna,4,1,0.342,14.25,50.9,98.72,0.0
JAF_12,Jaffna,5,1,0.327,13.69,56.4,98.26,0.0
JAF_12,Jaffna,6,1,0.494,14.17,56.6,98.58,0.0
JAF_12,Jaffna,7,1,0.34,14.04,56.2,98.46,0.0
JAF_12,Jaffna,8,1,0.287,13.8,43.1,98.46,0.0
JAF_12,Jaffna,9,1,0.356,14.38,46.5,98.04,0.0
JAF_12,Jaffna,10,1,0.343,14.08,53.7,98.46,0.0
JAF_12,Jaffna,11,1,0.507,14.47,57.7,98.1,0.0
JAF_12,Jaffna,12,1,0.271,14.27,46.9,98.32,0.0
JAF_12,Jaffna,13,1,0.324,13.31,60.2,98.18,0.0
JAF_12,Jaffna,14,1,0.273,15.02,50.3,98.58,0.0
JAF_12,Jaffna,15,1,0.327,14.16,54.6,98.46,0.0
JAF_12,Jaffna,16,1,0.417,14.43,55.4,98.5,0.0
JAF_12,Jaffna,17,1,0.383,14.4,47.5,98.46,0.0
JAF_12,Jaffna,18,1,0.374,14.23,58.4,97.96,0.0
JAF_12,Jaffna,19,1,0.47,14.47,54.5,98.21,0.0
JAF_12,Jaffna,20,1,0.271,14.4,54.6,98.48,0.0
JAF_12,Jaffna,21,1,0.359,13.17,47.1,98.83,0.0
JAF_12,Jaffna,22,1,0.306,15.34,49.5,98.27,0.0
JAF_12,Jaffna,23,1,0.409,13.99,59.6,98.33,0.0
JAF_12,Jaffna,24,1,0.399,14.32,55.9,98.71,0.0
JAF_12,Jaffna,25,1,0.363,15.52,50.8,98.5,0.0
JAF_12,Jaffna,26,1,0.401,13.84,54.1,98.31,0.0
KUR_01,Kurunegala,1,0,0.308,15.51,43.3,99.21,0.0
KUR_01,Kurunegala,2,0,0.246,15.08,43.9,99.06,0.0
KUR_01,Kurunegala,3,0,0.251,15.69,46.9,98.63,0.0
KUR_01,Kurunegala,4,0,0.405,16.16,44.1,98.6,0.0
KUR_01,Kurunegala,5,0,0.219,15.49,42.7,98.5,0.0
KUR_01,Kurunegala,6,0,0.229,15.67,39.1,98.59,0.0
KUR_01,Kurunegala,7,0,0.257,14.92,50.5,98.7,0.0
KUR_01,Kurunegala,8,0,0.4,16.37,42.8,98.92,0.0
KUR_01,Kurunegala,9,0,0.243,15.88,43.9,98.32,0.0
KUR_01,Kurunegala,10,0,0.367,16.0,49.6,98.6,0.0
KUR_01,Kurunegala,11,0,0.338,15.75,47.1,98.68,0.0
KUR_01,Kurunegala,12,0,0.343,15.94,39.4,98.52,0.0
KUR_01,Kurunegala,13,0,0.248,15.6,52.5,98.43,0.0
KUR_01,Kurunegala,14,0,0.338,15.88,37.6,98.42,0.0
KUR_01,Kurunegala,15,0,0.352,13.69,42.0,98.82,0.0
KUR_01,Kurunegala,16,0,0.391,15.66,49.4,98.6,0.0
KUR_01,Kurunegala,17,0,0.364,15.24,46.4,98.39,0.0
KUR_01,Kurunegala,18,0,0.406,16.34,51.4,98.45,0.0
KUR_01,Kurunegala,19,0,0.273,16.2,48.1,98.63,0.0
KUR_01,Kurunegala,20,0,0.293,15.69,41.6,98.71,0.0
KUR_01,Kurunegala,21,0,0.413,16.41,48.7,98.2,0.0
KUR_01,Kurunegala,22,0,0.342,16.71,42.4,98.53,0.0
KUR_01,Kurunegala,23,0,0.415,15.8,55.8,98.37,0.0
KUR_01,Kurunegala,24,0,0.271,16.17,41.1,98.5,0.0
KUR_01,Kurunegala,25,0,0.327,16.05,48.4,98.66,0.0
KUR_01,Kurunegala,26,0,0.306,16.16,62.0,98.72,0.0
KUR_02,Kurunegala,1,1,0.571,11.87,35.1,98.15,0.0
KUR_02,Kurunegala,2,1,0.544,11.1,28.8,98.63,0.0
KUR_02,Kurunegala,3,1,0.525,9.67,32.4,98.42,0.0
KUR_02,Kurunegala,4,1,0.508,10.82,32.4,98.63,0.0
KUR_02,Kurunegala,5,1,0.436,11.45,31.3,98.11,0.0
KUR_02,Kurunegala,6,1,0.509,11.28,39.4,98.32,0.0
KUR_02,Kurunegala,7,1,0.416,11.94,29.6,98.76,0.0
KUR_02,Kurunegala,8,1,0.543,11.64,33.0,98.25,0.0
KUR_02,Kurunegala,9,1,0.451,10.35,31.9,98.61,0.0
KUR_02,Kurunegala,10,1,0.503,10.5,38.4,98.56,0.0
KUR_02,Kurunegala,11,1,0.555,11.47,39.9,98.57,0.0
KUR_02,Kurunegala,12,1,0.523,10.35,35.2,98.44,0.0
KUR_02,Kurunegala,13,1,0.449,11.39,38.3,98.55,0.0
KUR_02,Kurunegala,14,1,0.453,10.68,40.1,98.54,0.0
KUR_02,Kurunegala,15,1,0.403,11.01,28.7,98.46,0.0
KUR_02,Kurunegala,16,1,0.452,10.78,42.1,98.16,0.0
KUR_02,Kurunegala,17,1,0.506,12.44,40.0,98.44,0.0
KUR_02,Kurunegala,18,1,0.396,10.31,34.1,98.28,0.0
KUR_02,Kurunegala,19,1,0.421,10.93,35.3,98.57,0.0
KUR_02,Kurunegala,20,1,0.39,10.72,35.1,98.4,0.0
KUR_02,Kurunegala,21,1,0.574,11.26,29.3,98.55,0.0
KUR_02,Kurunegala,22,1,0.497,11.05,30.9,98.89,0.0
KUR_02,Kurunegala,23,1,0.4,11.52,36.5,98.6,0.0
KUR_02,Kurunegala,24,1,0.566,11.46,33.5,98.73,0.0
KUR_02,Kurunegala,25,1,0.426,11.22,30.5,98.19,0.0
KUR_02,Kurunegala,26,1,0.467,11.35,28.9,98.57,0.0
KUR_03,Kurunegala,1,0,0.411,17.83,38.8,97.96,0.0
KUR_03,Kurunegala,2,0,0.275,17.05,41.1,97.54,0.0
KUR_03,Kurunegala,3,0,0.269,18.33,41.5,97.5,0.0
KUR_03,Kurunegala,4,0,0.298,17.28,46.5,98.04,0.0
KUR_03,Kurunegala,5,0,0.31,18.17,34.0,97.65,0.0
KUR_03,Kurunegala,6,0,0.342,18.1,39.0,97.88,0.0
KUR_03,Kurunegala,7,0,0.34,17.73,38.2,97.71,0.0
KUR_03,Kurunegala,8,0,0.349,18.07,40.2,97.52,0.0
KUR_03,Kurunegala,9,0,0.275,18.07,45.3,97.85,0.0
KUR_03,Kurunegala,10,0,0.311,17.96,34.9,98.14,0.0
KUR_03,Kurunegala,11,0,0.346,17.43,38.8,97.68,0.0
KUR_03,Kurunegala,12,0,0.414,17.71,40.0,97.96,0.0
KUR_03,Kurunegala,13,0,0.291,17.94,40.5,97.42,0.0
KUR_03,Kurunegala,14,0,0.35,17.8,39.9,97.82,0.0
KUR_03,Kurunegala,15,0,0.351,18.63,34.7,97.73,0.0
KUR_03,Kurunegala,16,0,0.375,18.12,41.3,98.5,0.0
KUR_03,Kurunegala,17,0,0.372,18.51,38.2,97.57,0.0
KUR_03,Kurunegala,18,0,0.316,18.25,41.1,97.91,0.0
KUR_03,Kurunegala,19,0,0.322,17.6,38.7,97.99,0.0
KUR_03,Kurunegala,20,0,0.386,17.22,42.5,97.65,0.0
KUR_03,Kurunegala,21,0,0.363,17.71,45.7,97.71,0.0
KUR_03,Kurunegala,22,0,0.346,18.19,35.9,97.8,0.0
KUR_03,Kurunegala,23,0,0.319,17.52,37.7,98.09,0.0
KUR_03,Kurunegala,24,0,0.299,18.17,40.7,97.46,0.0
KUR_03,Kurunegala,25,0,0.366,16.98,41.9,97.69,0.0
KUR_03,Kurunegala,26,0,0.336,17.05,39.9,98.05,0.0
KUR_04,Kurunegala,1,1,0.369,13.34,49.3,98.47,0.0
KUR_04,Kurunegala,2,1,0.378,12.58,52.1,98.88,0.0
KUR_04,Kurunegala,3,1,0.351,12.46,53.4,98.64,0.0
KUR_04,Kurunegala,4,1,0.472,14.26,56.4,99.25,0.0
KUR_04,Kurunegala,5,1,0.332,13.62,49.5,98.55,0.0
KUR_04,Kurunegala,6,1,0.427,13.6,49.8,98.63,0.0
KUR_04,Kurunegala,7,1,0.302,11.83,53.7,98.53,0.0
KUR_04,Kurunegala,8,1,0.354,12.42,44.2,99.0,0.0
KUR_04,Kurunegala,9,1,0.317,13.42,44.8,98.75,0.0
KUR_04,Kurunegala,10,1,0.194,11.61,57.1,99.46,0.0
KUR_04,Kurunegala,11,1,0.343,12.43,48.7,99.15,0.0
KUR_04,Kurunegala,12,1,0.306,13.06,49.9,98.79,0.0
KUR_04,Kurunegala,13,1,0.305,13.1,46.0,99.05,0.0
KUR_04,Kurunegala,14,1,0.309,13.0,55.4,98.89,0.0
KUR_04,Kurunegala,15,1,0.392,11.85,48.0,98.94,0.0
KUR_04,Kurunegala,16,1,0.452,11.75,49.5,99.3,0.0
KUR_04,Kurunegala,17,1,0.29,12.79,51.2,98.98,0.0
KUR_04,Kurunegala,18,1,0.431,13.19,55.2,98.85,0.0
KUR_04,Kurunegala,19,1,0.293,12.79,45.3,99.06,0.0
KUR_04,Kurunegala,20,1,0.314,12.52,51.9,98.65,0.0
KUR_04,Kurunegala,21,1,0.383,12.63,54.5,98.84,0.0
KUR_04,Kurunegala,22,1,0.375,13.03,52.9,98.96,0.0
KUR_04,Kurunegala,23,1,0.237,13.53,49.6,99.13,0.0
KUR_04,Kurunegala,24,1,0.378,12.46,46.3,99.1,0.0
KUR_04,Kurunegala,25,1,0.319,13.48,49.2,99.19,0.0
KUR_04,Kurunegala,26,1,0.362,13.09,48.4,98.99,0.0
KUR_05,Kurunegala,1,1,0.689,14.41,51.8,98.46,0.0
KUR_05,Kurunegala,2,1,0.607,14.54,54.3,98.82,0.0
KUR_05,Kurunegala,3,1,0.55,14.95,50.6,98.39,0.0
KUR_05,Kurunegala,4,1,0.697,15.24,52.0,98.81,0.0
KUR_05,Kurunegala,5,1,0.663,15.2,53.8,98.3,0.0
KUR_05,Kurunegala,6,1,0.738,15.0,48.9,98.38,0.0
KUR_05,Kurunegala,7,1,0.647,14.19,52.2,98.82,0.0
KUR_05,Kurunegala,8,1,0.583,13.69,52.4,98.5,0.0
KUR_05,Kurunegala,9,1,0.626,13.55,49.9,98.81,0.0
KUR_05,Kurunegala,10,1,0.653,13.89,46.2,98.64,0.0
KUR_05,Kurunegala,11,1,0.651,14.6,48.9,98.71,0.0
KUR_05,Kurunegala,12,1,0.707,14.48,44.4,98.68,0.0
KUR_05,Kurunegala,13,1,0.74,13.59,51.0,98.58,0.0
KUR_05,Kurunegala,14,1,0.623,14.48,55.5,98.65,0.0
KUR_05,Kurunegala,15,1,0.694,14.29,49.5,98.47,0.0
KUR_05,Kurunegala,16,1,0.508,14.52,59.1,98.75,0.0
KUR_05,Kurunegala,17,1,0.658,14.11,49.9,98.88,0.0
KUR_05,Kurunegala,18,1,0.738,15.25,54.1,98.64,0.0
KUR_05,Kurunegala,19,1,0.63,13.91,45.1,98.35,0.0
KUR_05,Kurunegala,20,1,0.62,14.18,45.0,98.62,0.0
KUR_05,Kurunegala,21,1,0.598,13.66,49.4,98.55,0.0
KUR_05,Kurunegala,22,1,0.58,14.92,43.3,98.14,0.0
KUR_05,Kurunegala,23,1,0.617,14.42,52.5,98.5,0.0
KUR_05,Kurunegala,24,1,0.562,14.35,49.1,99.02,0.0
KUR_05,Kurunegala,25,1,0.598,14.33,60.8,98.58,0.0
KUR_05,Kurunegala,26,1,0.65,14.75,53.8,98.7,0.0
KUR_06,Kurunegala,1,0,0.495,15.27,33.0,98.76,0.0
KUR_06,Kurunegala,2,0,0.534,15.65,33.4,98.71,0.0
KUR_06,Kurunegala,3,0,0.608,14.82,43.8,98.88,0.0
KUR_06,Kurunegala,4,0,0.492,14.58,40.3,99.17,0.0
KUR_06,Kurunegala,5,0,0.415,14.55,40.2,98.8,0.0
KUR_06,Kurunegala,6,0,0.448,15.37,40.9,98.72,0.0
KUR_06,Kurunegala,7,0,0.49,14.04,32.9,98.86,0.0
KUR_06,Kurunegala,8,0,0.479,14.18,33.6,98.56,0.0
KUR_06,Kurunegala,9,0,0.504,13.58,32.5,98.36,0.0
KUR_06,Kurunegala,10,0,0.502,13.68,36.6,99.24,0.0
KUR_06,Kurunegala,11,0,0.578,13.68,37.7,98.58,0.0
KUR_06,Kurunegala,12,0,0.406,14.69,41.4,98.98,0.0
KUR_06,Kurunegala,13,0,0.434,15.18,27.5,98.64,0.0
KUR_06,Kurunegala,14,0,0.428,14.81,35.7,98.79,0.0
KUR_06,Kurunegala,15,0,0.467,14.77,38.7,98.87,0.0
KUR_06,Kurunegala,16,0,0.46,15.0,39.8,98.69,0.0
KUR_06,Kurunegala,17,0,0.474,15.46,32.1,99.28,0.0
KUR_06,Kurunegala,18,0,0.397,14.55,32.7,99.37,0.0
KUR_06,Kurunegala,19,0,0.447,14.46,35.0,98.85,0.0
KUR_06,Kurunegala,20,0,0.457,14.68,22.4,98.84,0.0
KUR_06,Kurunegala,21,0,0.478,15.38,41.7,98.78,0.0
KUR_06,Kurunegala,22,0,0.526,14.1,39.6,98.68,0.0
KUR_06,Kurunegala,23,0,0.406,14.65,42.1,98.87,0.0
KUR_06,Kurunegala,24,0,0.567,14.31,40.7,98.66,0.0
KUR_06,Kurunegala,25,0,0.491,14.89,39.2,98.89,0.0
KUR_06,Kurunegala,26,0,0.433,15.29,43.4,98.68,0.0
KUR_07,Kurunegala,1,0,0.177,15.74,45.6,98.52,0.0
KUR_07,Kurunegala,2,0,0.119,15.08,40.3,98.23,0.0
KUR_07,Kurunegala,3,0,0.099,16.18,42.4,98.42,0.0
KUR_07,Kurunegala,4,0,0.211,15.91,42.1,98.66,0.0
KUR_07,Kurunegala,5,0,0.05,15.65,41.8,98.41,0.0
KUR_07,Kurunegala,6,0,0.195,16.25,40.0,98.89,0.0
KUR_07,Kurunegala,7,0,0.261,15.73,38.9,97.8,0.0
KUR_07,Kurunegala,8,0,0.173,14.99,40.6,98.55,0.0
KUR_07,Kurunegala,9,0,0.235,16.64,39.6,99.08,0.0
KUR_07,Kurunegala,10,0,0.207,15.01,37.4,98.42,0.0
KUR_07,Kurunegala,11,0,0.229,15.23,38.5,98.47,0.0
KUR_07,Kurunegala,12,0,0.166,16.29,42.3,98.8,0.0
KUR_07,Kurunegala,13,0,0.173,16.52,34.2,98.16,0.0
KUR_07,Kurunegala,14,0,0.12,15.8,44.5,98.36,0.0
KUR_07,Kurunegala,15,0,0.164,15.67,42.0,98.39,0.0
KUR_07,Kurunegala,16,0,0.161,14.99,37.4,98.8,0.0
KUR_07,Kurunegala,17,0,0.199,15.35,44.6,98.36,0.0
KUR_07,Kurunegala,18,0,0.278,16.64,39.9,98.13,0.0
KUR_07,Kurunegala,19,0,0.33,16.03,38.4,98.75,0.0
KUR_07,Kurunegala,20,0,0.235,16.58,37.0,98.59,0.0
KUR_07,Kurunegala,21,0,0.122,16.2,39.6,98.58,0.0
KUR_07,Kurunegala,22,0,0.184,15.65,36.2,98.71,0.0
KUR_07,Kurunegala,23,0,0.282,15.46,41.9,98.62,0.0
KUR_07,Kurunegala,24,0,0.194,14.88,34.5,98.31,0.0
KUR_07,Kurunegala,25,0,0.065,16.64,41.2,98.5,0.0
KUR_07,Kurunegala,26,0,0.062,14.7,39.7,99.0,0.0
KUR_08,Kurunegala,1,0,0.311,17.6,37.9,98.91,0.0
KUR_08,Kurunegala,2,0,0.311,17.59,38.9,98.75,0.0
KUR_08,Kurunegala,3,0,0.36,16.44,37.8,98.53,0.0
KUR_08,Kurunegala,4,0,0.41,16.62,31.8,98.22,0.0
KUR_08,Kurunegala,5,0,0.249,17.12,33.2,98.71,0.0
KUR_08,Kurunegala,6,0,0.36,16.71,39.5,98.68,0.0
KUR_08,Kurunegala,7,0,0.19,16.55,39.5,99.05,0.0
KUR_08,Kurunegala,8,0,0.453,15.93,36.4,98.25,0.0
KUR_08,Kurunegala,9,0,0.443,17.35,39.2,98.68,0.0
KUR_08,Kurunegala,10,0,0.435,17.47,42.4,98.75,0.0
KUR_08,Kurunegala,11,0,0.331,17.21,41.0,98.59,0.0
KUR_08,Kurunegala,12,0,0.331,17.43,44.4,98.45,0.0
KUR_08,Kurunegala,13,0,0.336,16.96,39.7,98.51,0.0
KUR_08,Kurunegala,14,0,0.465,17.0,39.9,99.08,0.0
KUR_08,Kurunegala,15,0,0.325,16.69,32.7,98.6,0.0
KUR_08,Kurunegala,16,0,0.263,17.19,39.4,98.57,0.0
KUR_08,Kurunegala,17,0,0.346,17.2,33.2,98.69,0.0
KUR_08,Kurunegala,18,0,0.394,15.68,40.5,98.22,0.0
KUR_08,Kurunegala,19,0,0.345,16.05,43.5,98.35,0.0
KUR_08,Kurunegala,20,0,0.253,16.83,36.1,98.26,0.0
KUR_08,Kurunegala,21,0,0.384,15.55,33.6,98.49,0.0
KUR_08,Kurunegala,22,0,0.4,17.52,42.2,98.6,0.0
KUR_08,Kurunegala,23,0,0.207,16.98,43.6,98.95,0.0
KUR_08,Kurunegala,24,0,0.38,16.03,35.7,99.12,0.0
KUR_08,Kurunegala,25,0,0.267,16.06,41.5,98.53,0.0
KUR_08,Kurunegala,26,0,0.281,17.66,39.6,98.54,0.0
KUR_09,Kurunegala,1,1,0.259,20.69,49.5,99.11,0.0
KUR_09,Kurunegala,2,1,0.323,19.75,39.5,99.64,0.0
KUR_09,Kurunegala,3,1,0.209,19.54,40.5,99.45,0.0
KUR_09,Kurunegala,4,1,0.285,19.21,50.0,99.7,0.0
KUR_09,Kurunegala,5,1,0.397,19.73,41.5,99.9,0.0
KUR_09,Kurunegala,6,1,0.255,19.72,46.6,99.27,0.0
KUR_09,Kurunegala,7,1,0.332,20.17,48.8,99.8,0.0
KUR_09,Kurunegala,8,1,0.368,19.76,40.2,99.9,0.0
KUR_09,Kurunegala,9,1,0.198,18.97,45.9,99.9,0.0
KUR_09,Kurunegala,10,1,0.301,20.42,35.7,99.45,0.0
KUR_09,Kurunegala,11,1,0.177,20.29,37.5,99.26,0.0
KUR_09,Kurunegala,12,1,0.32,20.46,43.0,99.72,0.0
KUR_09,Kurunegala,13,1,0.322,19.69,39.3,99.72,0.0
KUR_09,Kurunegala,14,1,0.326,20.36,44.9,99.29,0.0
KUR_09,Kurunegala,15,1,0.331,19.82,41.8,99.5,0.0
KUR_09,Kurunegala,16,1,0.248,20.36,38.0,99.33,0.0
KUR_09,Kurunegala,17,1,0.27,20.79,47.9,99.17,0.0
KUR_09,Kurunegala,18,1,0.371,20.63,39.0,98.95,0.0
KUR_09,Kurunegala,19,1,0.285,20.5,50.0,99.36,0.0
KUR_09,Kurunegala,20,1,0.395,18.49,42.2,99.47,0.0
KUR_09,Kurunegala,21,1,0.359,20.6,47.5,99.24,0.0
KUR_09,Kurunegala,22,1,0.341,20.13,37.0,99.06,0.0
KUR_09,Kurunegala,23,1,0.352,19.72,38.5,99.53,0.0
KUR_09,Kurunegala,24,1,0.311,19.77,37.5,99.9,0.0
KUR_09,Kurunegala,25,1,0.35,19.62,42.5,99.67,0.0
KUR_09,Kurunegala,26,1,0.222,20.02,38.4,99.56,0.0
KUR_10,Kurunegala,1,0,0.251,11.87,66.2,98.1,0.0
KUR_10,Kurunegala,2,0,0.299,11.81,70.5,98.48,0.0
KUR_10,Kurunegala,3,0,0.152,10.99,61.0,98.83,0.0
KUR_10,Kurunegala,4,0,0.123,11.32,71.1,98.64,0.0
KUR_10,Kurunegala,5,0,0.34,10.61,59.0,99.0,0.0
KUR_10,Kurunegala,6,0,0.292,11.65,60.9,98.67,0.0
KUR_10,Kurunegala,7,0,0.218,12.31,76.3,98.76,0.0
KUR_10,Kurunegala,8,0,0.248,10.07,58.7,99.03,0.0
KUR_10,Kurunegala,9,0,0.225,11.37,68.0,99.01,0.0
KUR_10,Kurunegala,10,0,0.274,11.35,65.7,98.48,0.0
KUR_10,Kurunegala,11,0,0.252,11.84,66.1,99.17,0.0
KUR_10,Kurunegala,12,0,0.313,12.28,61.1,98.77,0.0
KUR_10,Kurunegala,13,0,0.243,11.83,68.1,98.65,0.0
KUR_10,Kurunegala,14,0,0.431,12.45,70.1,98.83,0.0
KUR_10,Kurunegala,15,0,0.392,10.73,70.9,98.39,0.0
KUR_10,Kurunegala,16,0,0.253,11.93,70.3,98.35,0.0
KUR_10,Kurunegala,17,0,0.256,11.65,64.6,98.85,0.0
KUR_10,Kurunegala,18,0,0.493,11.84,62.5,98.32,0.0
KUR_10,Kurunegala,19,0,0.267,11.03,67.3,98.75,0.0
KUR_10,Kurunegala,20,0,0.259,12.78,62.5,98.61,0.0
KUR_10,Kurunegala,21,0,0.325,12.13,70.5,98.75,0.0
KUR_10,Kurunegala,22,0,0.349,11.19,69.1,98.87,0.0
KUR_10,Kurunegala,23,0,0.377,10.59,61.8,98.85,0.0
KUR_10,Kurunegala,24,0,0.127,11.89,69.6,98.5,0.0
KUR_10,Kurunegala,25,0,0.261,10.95,63.3,98.52,0.0
KUR_10,Kurunegala,26,0,0.245,11.15,64.3,98.57,0.0
KUR_11,Kurunegala,1,1,0.618,12.75,49.2,98.47,0.0
KUR_11,Kurunegala,2,1,0.605,13.15,43.0,98.13,0.0
KUR_11,Kurunegala,3,1,0.777,13.21,48.3,98.56,0.0
KUR_11,Kurunegala,4,1,0.74,13.02,49.1,97.99,0.0
KUR_11,Kurunegala,5,1,0.738,13.78,43.0,98.24,0.0
KUR_11,Kurunegala,6,1,0.705,13.8,51.8,98.32,0.0
KUR_11,Kurunegala,7,1,0.694,14.04,45.0,97.87,0.0
KUR_11,Kurunegala,8,1,0.521,13.43,45.2,98.3,0.0
KUR_11,Kurunegala,9,1,0.594,13.09,50.4,97.94,0.0
KUR_11,Kurunegala,10,1,0.737,13.14,48.3,98.34,0.0
KUR_11,Kurunegala,11,1,0.77,13.53,45.2,98.08,0.0
KUR_11,Kurunegala,12,1,0.751,12.86,47.8,98.1,0.0
KUR_11,Kurunegala,13,1,0.706,12.87,41.1,98.33,0.0
KUR_11,Kurunegala,14,1,0.77,12.4,49.9,98.47,0.0
KUR_11,Kurunegala,15,1,0.748,13.23,44.7,98.22,0.0
KUR_11,Kurunegala,16,1,0.727,13.53,47.8,97.93,0.0
KUR_11,Kurunegala,17,1,0.738,13.76,49.3,98.22,0.0
KUR_11,Kurunegala,18,1,0.813,13.1,53.6,98.01,0.0
KUR_11,Kurunegala,19,1,0.779,14.22,47.3,98.61,0.0
KUR_11,Kurunegala,20,1,0.741,12.95,47.0,98.48,0.0
KUR_11,Kurunegala,21,1,0.768,12.84,47.9,98.25,0.0
KUR_11,Kurunegala,22,1,0.682,14.89,49.4,98.18,0.0
KUR_11,Kurunegala,23,1,0.784,13.26,52.5,97.78,0.0
KUR_11,Kurunegala,24,1,0.685,14.1,54.8,98.0,0.0
KUR_11,Kurunegala,25,1,0.659,13.82,46.0,98.13,0.0
KUR_11,Kurunegala,26,1,0.765,13.15,40.6,97.87,0.0
KUR_12,Kurunegala,1,1,0.388,9.81,36.3,97.55,0.0
KUR_12,Kurunegala,2,1,0.56,9.38,39.0,97.39,0.0
KUR_12,Kurunegala,3,1,0.52,7.7,38.4,97.61,0.0
KUR_12,Kurunegala,4,1,0.412,10.17,44.9,97.27,0.0
KUR_12,Kurunegala,5,1,0.577,8.8,45.3,97.66,0.0
KUR_12,Kurunegala,6,1,0.421,9.41,40.0,97.68,0.0
KUR_12,Kurunegala,7,1,0.396,9.51,37.1,97.32,0.0
KUR_12,Kurunegala,8,1,0.402,8.97,38.5,97.73,0.0
KUR_12,Kurunegala,9,1,0.459,10.84,31.3,97.74,0.0
KUR_12,Kurunegala,10,1,0.452,10.14,43.0,97.58,0.0
KUR_12,Kurunegala,11,1,0.462,9.21,42.6,97.16,0.0
KUR_12,Kurunegala,12,1,0.498,9.64,38.2,97.57,0.0
KUR_12,Kurunegala,13,1,0.442,10.43,53.1,97.93,0.0
KUR_12,Kurunegala,14,1,0.417,10.03,42.8,97.39,0.0
KUR_12,Kurunegala,15,1,0.376,9.62,43.4,97.22,0.0
KUR_12,Kurunegala,16,1,0.408,10.0,40.3,97.98,0.0
KUR_12,Kurunegala,17,1,0.367,11.07,34.0,97.12,0.0
KUR_12,Kurunegala,18,1,0.448,8.97,40.0,97.61,0.0
KUR_12,Kurunegala,19,1,0.44,9.15,41.9,97.55,0.0
KUR_12,Kurunegala,20,1,0.518,9.55,36.3,97.2,0.0
KUR_12,Kurunegala,21,1,0.441,8.89,34.7,97.76,0.0
KUR_12,Kurunegala,22,1,0.345,10.5,40.8,97.61,0.0
KUR_12,Kurunegala,23,1,0.389,10.11,40.1,97.45,0.0
KUR_12,Kurunegala,24,1,0.463,8.65,33.6,97.35,0.0
KUR_12,Kurunegala,25,1,0.472,9.65,44.3,97.4,0.0
KUR_12,Kurunegala,26,1,0.486,9.59,36.4,97.72,0.0
ANU_01,Anuradhapura,1,1,0.362,12.91,41.3,98.25,0.0
ANU_01,Anuradhapura,2,1,0.426,13.3,45.3,98.38,0.0
ANU_01,Anuradhapura,3,1,0.406,13.25,35.0,98.71,0.0
ANU_01,Anuradhapura,4,1,0.328,12.02,42.5,99.05,0.0
ANU_01,Anuradhapura,5,1,0.541,13.29,46.0,98.04,0.0
ANU_01,Anuradhapura,6,1,0.45,12.53,41.3,98.55,0.0
ANU_01,Anuradhapura,7,1,0.412,13.39,36.8,98.53,0.0
ANU_01,Anuradhapura,8,1,0.388,12.62,45.8,98.23,0.0
ANU_01,Anuradhapura,9,1,0.451,12.74,41.9,98.39,0.0
ANU_01,Anuradhapura,10,1,0.431,12.4,44.6,98.44,0.0
ANU_01,Anuradhapura,11,1,0.404,13.82,46.2,98.41,0.0
ANU_01,Anuradhapura,12,1,0.45,12.25,42.8,98.43,0.0
ANU_01,Anuradhapura,13,1,0.366,13.1,42.5,98.42,0.0
ANU_01,Anuradhapura,14,1,0.407,14.64,41.9,97.99,0.0
ANU_01,Anuradhapura,15,1,0.345,13.32,49.9,98.34,0.0
ANU_01,Anuradhapura,16,1,0.517,13.31,43.8,98.44,0.0
ANU_01,Anuradhapura,17,1,0.452,13.39,46.1,98.34,0.0
ANU_01,Anuradhapura,18,1,0.43,14.05,45.6,98.73,0.0
ANU_01,Anuradhapura,19,1,0.473,13.03,45.0,98.73,0.0
ANU_01,Anuradhapura,20,1,0.484,13.02,41.8,98.61,0.0
ANU_01,Anuradhapura,21,1,0.437,12.68,55.3,98.12,0.0
ANU_01,Anuradhapura,22,1,0.498,12.35,45.1,99.15,0.0
ANU_01,Anuradhapura,23,1,0.383,12.43,44.5,98.3,0.0
ANU_01,Anuradhapura,24,1,0.494,12.54,47.2,98.18,0.0
ANU_01,Anuradhapura,25,1,0.332,12.73,38.3,98.89,0.0
ANU_01,Anuradhapura,26,1,0.349,12.24,46.2,98.36,0.0
ANU_02,Anuradhapura,1,1,0.265,19.31,29.7,98.41,0.0
ANU_02,Anuradhapura,2,1,0.282,19.1,39.1,98.27,0.0
ANU_02,Anuradhapura,3,1,0.237,19.11,25.8,98.24,0.0
ANU_02,Anuradhapura,4,1,0.179,19.56,27.1,98.64,0.0
ANU_02,Anuradhapura,5,1,0.19,19.27,29.4,98.71,0.0
ANU_02,Anuradhapura,6,1,0.25,19.74,25.2,98.18,0.0
ANU_02,Anuradhapura,7,1,0.161,20.59,33.1,98.25,0.0
ANU_02,Anuradhapura,8,1,0.204,19.31,27.4,98.58,0.0
ANU_02,Anuradhapura,9,1,0.22,21.05,36.0,98.79,0.0
ANU_02,Anuradhapura,10,1,0.278,19.55,33.4,98.38,0.0
ANU_02,Anuradhapura,11,1,0.335,20.05,32.0,98.49,0.0
ANU_02,Anuradhapura,12,1,0.342,18.94,38.3,98.42,0.0
ANU_02,Anuradhapura,13,1,0.153,19.35,24.4,98.63,0.0
ANU_02,Anuradhapura,14,1,0.175,19.91,35.5,98.29,0.0
ANU_02,Anuradhapura,15,1,0.221,19.02,29.4,99.11,0.0
ANU_02,Anuradhapura,16,1,1.947,17.46,29.2,97.0,0.0
ANU_02,Anuradhapura,17,1,3.57,15.19,34.4,95.31,0.0
ANU_02,Anuradhapura,18,1,5.168,13.48,28.3,94.28,0.0
ANU_02,Anuradhapura,19,1,5.224,12.16,33.4,93.68,0.0
ANU_02,Anuradhapura,20,1,5.267,13.11,40.4,94.37,0.0
ANU_02,Anuradhapura,21,1,5.162,12.04,30.0,93.79,0.0
ANU_02,Anuradhapura,22,1,5.335,13.25,36.7,94.03,0.0
ANU_02,Anuradhapura,23,1,5.214,13.24,37.4,94.18,0.0
ANU_02,Anuradhapura,24,1,5.162,14.23,31.8,93.98,0.0
ANU_02,Anuradhapura,25,1,5.055,13.64,33.4,94.12,0.0
ANU_02,Anuradhapura,26,1,5.201,12.91,31.5,94.21,0.0
ANU_03,Anuradhapura,1,0,0.458,14.04,50.2,98.29,0.0
ANU_03,Anuradhapura,2,0,0.418,13.79,62.8,98.52,0.0
ANU_03,Anuradhapura,3,0,0.578,15.31,58.0,98.35,0.0
ANU_03,Anuradhapura,4,0,0.502,13.9,53.8,98.41,0.0
ANU_03,Anuradhapura,5,0,0.599,14.52,49.7,98.34,0.0
ANU_03,Anuradhapura,6,0,0.512,14.26,60.9,99.22,0.0
ANU_03,Anuradhapura,7,0,0.512,13.65,58.7,98.37,0.0
ANU_03,Anuradhapura,8,0,0.531,13.65,45.8,98.58,0.0
ANU_03,Anuradhapura,9,0,0.529,14.66,56.4,98.23,0.0
ANU_03,Anuradhapura,10,0,0.524,12.64,51.5,98.7,0.0
ANU_03,Anuradhapura,11,0,0.525,14.45,48.5,98.48,0.0
ANU_03,Anuradhapura,12,0,0.511,14.47,59.0,98.71,0.0
ANU_03,Anuradhapura,13,0,0.632,13.68,61.7,98.28,0.0
ANU_03,Anuradhapura,14,0,0.475,14.35,50.3,98.69,0.0
ANU_03,Anuradhapura,15,0,0.546,14.54,56.1,98.56,0.0
ANU_03,Anuradhapura,16,0,0.57,13.5,53.5,98.66,0.0
ANU_03,Anuradhapura,17,0,0.538,13.65,56.0,98.94,0.0
ANU_03,Anuradhapura,18,0,0.513,13.62,49.5,98.53,0.0
ANU_03,Anuradhapura,19,0,0.579,14.4,56.8,98.78,0.0
ANU_03,Anuradhapura,20,0,0.583,14.57,60.3,98.94,0.0
ANU_03,Anuradhapura,21,0,0.529,13.1,59.0,98.74,0.0
ANU_03,Anuradhapura,22,0,0.634,14.67,64.1,98.7,0.0
ANU_03,Anuradhapura,23,0,0.553,13.07,57.6,98.41,0.0
ANU_03,Anuradhapura,24,0,0.552,13.93,58.2,98.52,0.0
ANU_03,Anuradhapura,25,0,0.596,12.27,57.1,98.85,0.0
ANU_03,Anuradhapura,26,0,0.652,14.34,63.1,98.59,0.0
ANU_04,Anuradhapura,1,1,0.482,15.88,42.5,97.91,0.0
ANU_04,Anuradhapura,2,1,0.481,16.34,39.4,97.73,0.0
ANU_04,Anuradhapura,3,1,0.508,15.05,46.1,98.46,0.0
ANU_04,Anuradhapura,4,1,0.548,16.32,46.8,98.62,0.0
ANU_04,Anuradhapura,5,1,0.31,15.6,47.4,97.97,0.0
ANU_04,Anuradhapura,6,1,0.525,15.85,44.5,97.98,0.0
ANU_04,Anuradhapura,7,1,0.419,15.55,45.0,97.86,0.0
ANU_04,Anuradhapura,8,1,0.508,16.27,48.4,97.77,0.0
ANU_04,Anuradhapura,9,1,0.348,15.87,55.6,98.37,0.0
ANU_04,Anuradhapura,10,1,0.417,16.13,46.9,97.71,0.0
ANU_04,Anuradhapura,11,1,0.533,15.78,43.6,98.06,0.0
ANU_04,Anuradhapura,12,1,0.519,15.42,37.1,98.13,0.0
ANU_04,Anuradhapura,13,1,0.328,15.7,48.7,98.2,0.0
ANU_04,Anuradhapura,14,1,0.513,16.25,53.6,97.91,0.0
ANU_04,Anuradhapura,15,1,0.474,15.61,47.8,98.04,0.0
ANU_04,Anuradhapura,16,1,0.554,15.56,49.6,98.2,0.0
ANU_04,Anuradhapura,17,1,0.448,16.2,45.0,98.14,0.0
ANU_04,Anuradhapura,18,1,0.438,15.46,42.6,97.63,0.0
ANU_04,Anuradhapura,19,1,0.501,15.14,43.1,98.21,0.0
ANU_04,Anuradhapura,20,1,0.501,14.81,43.6,98.17,0.0
ANU_04,Anuradhapura,21,1,0.454,16.68,40.7,97.54,0.0
ANU_04,Anuradhapura,22,1,0.499,15.55,36.9,98.01,0.0
ANU_04,Anuradhapura,23,1,0.524,15.12,53.3,97.84,0.0
ANU_04,Anuradhapura,24,1,0.456,15.15,44.1,98.02,0.0
ANU_04,Anuradhapura,25,1,0.361,17.57,42.0,97.93,0.0
ANU_04,Anuradhapura,26,1,0.509,16.97,48.5,97.75,0.0
ANU_05,Anuradhapura,1,0,0.523,10.0,50.8,97.88,0.0
ANU_05,Anuradhapura,2,0,0.432,10.65,63.8,97.58,0.0
ANU_05,Anuradhapura,3,0,0.542,7.76,54.9,97.73,0.0
ANU_05,Anuradhapura,4,0,0.535,8.88,54.5,96.82,0.0
ANU_05,Anuradhapura,5,0,0.505,8.48,60.2,97.75,0.0
ANU_05,Anuradhapura,6,0,0.451,9.92,54.9,97.52,0.0
ANU_05,Anuradhapura,7,0,0.411,9.98,49.2,97.0,0.0
ANU_05,Anuradhapura,8,0,0.473,9.48,56.8,97.29,0.0
ANU_05,Anuradhapura,9,0,0.593,9.7,56.7,97.5,0.0
ANU_05,Anuradhapura,10,0,0.54,9.95,57.5,97.64,0.0
ANU_05,Anuradhapura,11,0,0.37,8.54,55.4,97.41,0.0
ANU_05,Anuradhapura,12,0,0.515,9.62,58.0,97.14,0.0
ANU_05,Anuradhapura,13,0,0.479,8.8,57.3,96.99,0.0
ANU_05,Anuradhapura,14,0,0.501,8.73,54.2,97.68,0.0
ANU_05,Anuradhapura,15,0,0.494,8.62,53.0,97.08,0.0
ANU_05,Anuradhapura,16,0,0.378,9.68,58.0,97.57,0.0
ANU_05,Anuradhapura,17,0,0.516,9.6,54.6,97.19,0.0
ANU_05,Anuradhapura,18,0,1.012,8.19,61.0,97.07,0.0
ANU_05,Anuradhapura,19,0,1.59,10.19,67.7,96.61,0.0
ANU_05,Anuradhapura,20,0,2.071,7.49,80.3,96.45,0.0
ANU_05,Anuradhapura,21,0,2.129,7.6,80.0,95.89,0.0
ANU_05,Anuradhapura,22,0,2.117,7.49,82.0,96.38,0.0
ANU_05,Anuradhapura,23,0,2.142,7.57,74.8,96.37,0.0
ANU_05,Anuradhapura,24,0,2.114,8.17,87.0,96.19,0.0
ANU_05,Anuradhapura,25,0,2.095,7.71,83.1,96.16,0.0
ANU_05,Anuradhapura,26,0,2.122,8.06,83.7,96.15,0.0
ANU_06,Anuradhapura,1,0,0.223,16.0,36.6,98.78,0.0
ANU_06,Anuradhapura,2,0,0.1,16.45,35.7,98.45,0.0
ANU_06,Anuradhapura,3,0,0.171,15.83,36.7,98.63,0.0
ANU_06,Anuradhapura,4,0,0.268,14.61,29.9,98.23,0.0
ANU_06,Anuradhapura,5,0,0.165,16.59,42.3,98.81,0.0
ANU_06,Anuradhapura,6,0,0.18,15.55,35.9,98.36,0.0
ANU_06,Anuradhapura,7,0,0.184,16.55,29.8,98.56,0.0
ANU_06,Anuradhapura,8,0,0.219,15.86,31.5,98.77,0.0
ANU_06,Anuradhapura,9,0,0.255,16.86,33.5,98.74,0.0
ANU_06,Anuradhapura,10,0,0.31,15.36,28.7,98.81,0.0
ANU_06,Anuradhapura,11,0,0.283,15.9,33.6,98.39,0.0
ANU_06,Anuradhapura,12,0,0.215,16.43,29.1,98.69,0.0
ANU_06,Anuradhapura,13,0,0.195,15.27,35.0,98.86,0.0
ANU_06,Anuradhapura,14,0,0.244,15.1,27.4,98.82,0.0
ANU_06,Anuradhapura,15,0,0.188,16.79,41.6,99.25,0.0
ANU_06,Anuradhapura,16,0,0.162,16.03,37.5,98.94,0.0
ANU_06,Anuradhapura,17,0,0.197,16.45,34.0,98.78,0.0
ANU_06,Anuradhapura,18,0,0.126,16.07,33.0,98.87,0.0
ANU_06,Anuradhapura,19,0,0.233,15.8,33.8,98.95,0.0
ANU_06,Anuradhapura,20,0,0.206,14.81,36.3,98.55,0.0
ANU_06,Anuradhapura,21,0,0.139,15.07,35.2,98.73,0.0
ANU_06,Anuradhapura,22,0,0.09,15.46,38.7,98.64,0.0
ANU_06,Anuradhapura,23,0,0.209,16.31,37.2,99.01,0.0
ANU_06,Anuradhapura,24,0,0.052,16.73,36.6,99.37,0.0
ANU_06,Anuradhapura,25,0,0.171,14.63,34.1,98.68,0.0
ANU_06,Anuradhapura,26,0,0.258,16.33,33.7,98.69,0.0
ANU_07,Anuradhapura,1,0,0.513,12.55,39.0,99.14,0.0
ANU_07,Anuradhapura,2,0,0.515,13.43,39.5,99.07,0.0
ANU_07,Anuradhapura,3,0,0.446,14.57,35.7,99.33,0.0
ANU_07,Anuradhapura,4,0,0.58,14.38,42.8,99.4,0.0
ANU_07,Anuradhapura,5,0,0.567,14.66,41.3,98.87,0.0
ANU_07,Anuradhapura,6,0,0.491,14.25,37.1,99.73,0.0
ANU_07,Anuradhapura,7,0,0.519,13.88,44.1,99.28,0.0
ANU_07,Anuradhapura,8,0,0.534,14.37,33.7,99.25,0.0
ANU_07,Anuradhapura,9,0,0.573,13.87,45.4,98.93,0.0
ANU_07,Anuradhapura,10,0,0.422,14.3,43.0,99.28,0.0
ANU_07,Anuradhapura,11,0,0.547,14.28,36.3,99.15,0.0
ANU_07,Anuradhapura,12,0,0.535,14.38,34.9,99.28,0.0
ANU_07,Anuradhapura,13,0,0.509,14.08,39.5,99.19,0.0
ANU_07,Anuradhapura,14,0,0.598,13.51,38.4,98.93,0.0
ANU_07,Anuradhapura,15,0,0.48,14.14,40.9,99.48,0.0
ANU_07,Anuradhapura,16,0,0.556,15.09,36.6,98.92,0.0
ANU_07,Anuradhapura,17,0,0.46,13.41,35.7,99.35,0.0
ANU_07,Anuradhapura,18,0,0.598,14.76,41.6,99.86,0.0
ANU_07,Anuradhapura,19,0,0.502,12.85,43.8,98.87,0.0
ANU_07,Anuradhapura,20,0,0.478,14.15,39.2,99.28,0.0
ANU_07,Anuradhapura,21,0,0.452,13.83,43.6,99.33,0.0
ANU_07,Anuradhapura,22,0,0.473,13.09,36.3,99.42,0.0
ANU_07,Anuradhapura,23,0,0.544,13.35,30.7,99.43,0.0
ANU_07,Anuradhapura,24,0,0.469,14.25,36.6,99.08,0.0
ANU_07,Anuradhapura,25,0,0.532,15.25,42.6,99.36,0.0
ANU_07,Anuradhapura,26,0,0.545,12.78,35.1,98.7,0.0
ANU_08,Anuradhapura,1,0,0.8,18.55,46.8,98.26,0.0
ANU_08,Anuradhapura,2,0,0.775,18.43,42.1,98.46,0.0
ANU_08,Anuradhapura,3,0,0.616,18.39,49.9,98.57,0.0
ANU_08,Anuradhapura,4,0,0.739,18.52,53.4,98.61,0.0
ANU_08,Anuradhapura,5,0,0.875,18.13,45.5,98.44,0.0
ANU_08,Anuradhapura,6,0,0.68,17.44,50.3,98.22,0.0
ANU_08,Anuradhapura,7,0,0.702,17.66,47.6,98.85,0.0
ANU_08,Anuradhapura,8,0,0.83,17.82,48.5,98.51,0.0
ANU_08,Anuradhapura,9,0,0.64,18.04,52.4,98.57,0.0
ANU_08,Anuradhapura,10,0,0.827,18.72,45.1,98.6,0.0
ANU_08,Anuradhapura,11,0,0.644,18.95,42.6,98.36,0.0
ANU_08,Anuradhapura,12,0,0.657,18.88,54.0,99.04,0.0
ANU_08,Anuradhapura,13,0,0.724,18.42,52.3,98.41,0.0
ANU_08,Anuradhapura,14,0,0.582,18.73,45.1,98.68,0.0
ANU_08,Anuradhapura,15,0,0.699,18.62,52.9,98.9,0.0
ANU_08,Anuradhapura,16,0,0.704,18.21,49.5,98.55,0.0
ANU_08,Anuradhapura,17,0,0.68,20.04,49.8,98.81,0.0
ANU_08,Anuradhapura,18,0,0.65,19.08,52.1,98.89,0.0
ANU_08,Anuradhapura,19,0,0.705,19.09,54.2,98.77,0.0
ANU_08,Anuradhapura,20,0,0.685,19.01,45.5,98.52,0.0
ANU_08,Anuradhapura,21,0,0.689,17.43,52.4,98.45,0.0
ANU_08,Anuradhapura,22,0,0.664,18.34,49.3,98.61,0.0
ANU_08,Anuradhapura,23,0,0.688,18.44,47.3,98.5,0.0
ANU_08,Anuradhapura,24,0,0.757,17.21,48.3,98.58,0.0
ANU_08,Anuradhapura,25,0,0.717,17.6,47.1,98.67,0.0
ANU_08,Anuradhapura,26,0,0.756,18.67,44.4,98.57,0.0
ANU_09,Anuradhapura,1,0,0.549,11.65,39.9,98.73,0.0
ANU_09,Anuradhapura,2,0,0.626,11.03,42.8,98.37,0.0
ANU_09,Anuradhapura,3,0,0.505,12.0,40.8,97.99,0.0
ANU_09,Anuradhapura,4,0,0.68,10.9,42.0,99.0,0.0
ANU_09,Anuradhapura,5,0,0.566,11.28,38.1,98.18,0.0
ANU_09,Anuradhapura,6,0,0.564,11.6,44.2,98.47,0.0
ANU_09,Anuradhapura,7,0,0.575,10.28,44.8,98.63,0.0
ANU_09,Anuradhapura,8,0,0.692,11.38,39.2,98.58,0.0
ANU_09,Anuradhapura,9,0,0.554,11.64,43.1,98.28,0.0
ANU_09,Anuradhapura,10,0,0.476,11.54,48.5,98.61,0.0
ANU_09,Anuradhapura,11,0,0.623,11.99,44.0,98.39,0.0
ANU_09,Anuradhapura,12,0,0.586,12.1,45.1,98.78,0.0
ANU_09,Anuradhapura,13,0,0.546,11.26,42.5,98.58,0.0
ANU_09,Anuradhapura,14,0,0.644,9.97,43.1,98.57,0.0
ANU_09,Anuradhapura,15,0,0.492,11.78,40.1,98.5,0.0
ANU_09,Anuradhapura,16,0,0.685,11.98,45.3,98.69,0.0
ANU_09,Anuradhapura,17,0,0.564,12.58,46.2,98.41,0.0
ANU_09,Anuradhapura,18,0,0.49,11.72,42.8,98.24,0.0
ANU_09,Anuradhapura,19,0,0.6,11.22,45.1,98.7,0.0
ANU_09,Anuradhapura,20,0,0.538,11.76,41.0,98.49,0.0
ANU_09,Anuradhapura,21,0,0.542,12.06,41.9,98.94,0.0
ANU_09,Anuradhapura,22,0,0.681,10.93,31.3,98.85,0.0
ANU_09,Anuradhapura,23,0,0.554,10.86,40.6,98.49,0.0
ANU_09,Anuradhapura,24,0,0.652,11.47,48.1,98.72,0.0
ANU_09,Anuradhapura,25,0,0.555,11.14,45.2,98.8,0.0
ANU_09,Anuradhapura,26,0,0.634,11.22,43.7,98.74,0.0
ANU_10,Anuradhapura,1,0,0.315,11.19,32.1,98.63,0.0
ANU_10,Anuradhapura,2,0,0.365,11.29,27.9,98.55,0.0
ANU_10,Anuradhapura,3,0,0.387,11.16,32.5,98.71,0.0
ANU_10,Anuradhapura,4,0,0.336,11.04,38.5,98.45,0.0
ANU_10,Anuradhapura,5,0,0.436,11.79,33.4,98.34,0.0
ANU_10,Anuradhapura,6,0,0.446,12.25,37.9,98.13,0.0
ANU_10,Anuradhapura,7,0,0.475,11.33,30.5,98.39,0.0
ANU_10,Anuradhapura,8,0,0.446,11.87,32.5,98.64,0.0
ANU_10,Anuradhapura,9,0,0.405,11.21,30.7,98.53,0.0
ANU_10,Anuradhapura,10,0,0.391,10.72,36.9,98.31,0.0
ANU_10,Anuradhapura,11,0,0.492,10.71,32.8,98.26,0.0
ANU_10,Anuradhapura,12,0,0.338,11.26,40.6,98.47,0.0
ANU_10,Anuradhapura,13,0,0.349,10.45,26.6,98.3,0.0
ANU_10,Anuradhapura,14,0,0.358,11.41,24.4,98.41,0.0
ANU_10,Anuradhapura,15,0,0.458,12.52,25.9,98.23,0.0
ANU_10,Anuradhapura,16,0,0.345,11.64,28.6,98.85,0.0
ANU_10,Anuradhapura,17,0,0.399,11.48,39.9,98.43,0.0
ANU_10,Anuradhapura,18,0,0.42,11.1,28.0,98.28,0.0
ANU_10,Anuradhapura,19,0,0.527,11.93,34.6,98.19,0.0
ANU_10,Anuradhapura,20,0,0.451,10.73,27.3,98.29,0.0
ANU_10,Anuradhapura,21,0,0.514,12.69,31.7,98.26,0.0
ANU_10,Anuradhapura,22,0,0.298,11.6,34.2,98.63,0.0
ANU_10,Anuradhapura,23,0,0.451,11.43,35.7,98.26,0.0
ANU_10,Anuradhapura,24,0,0.428,11.24,35.4,98.53,0.0
ANU_10,Anuradhapura,25,0,0.4,12.03,27.2,98.17,0.0
ANU_10,Anuradhapura,26,0,0.38,10.68,31.9,98.34,0.0
ANU_11,Anuradhapura,1,0,0.677,15.59,56.9,98.4,0.0
ANU_11,Anuradhapura,2,0,0.53,14.67,48.0,99.26,0.0
ANU_11,Anuradhapura,3,0,0.669,14.49,52.9,99.07,0.0
ANU_11,Anuradhapura,4,0,0.567,14.26,54.3,98.84,0.0
ANU_11,Anuradhapura,5,0,0.671,15.59,61.6,98.81,0.0
ANU_11,Anuradhapura,6,0,0.695,14.47,50.1,98.64,0.0
ANU_11,Anuradhapura,7,0,0.585,14.49,53.5,98.7,0.0
ANU_11,Anuradhapura,8,0,0.671,15.9,50.5,98.49,0.0
ANU_11,Anuradhapura,9,0,0.586,15.33,56.6,98.63,0.0
ANU_11,Anuradhapura,10,0,0.676,15.44,57.3,98.61,0.0
ANU_11,Anuradhapura,11,0,0.65,14.73,56.4,98.68,0.0
ANU_11,Anuradhapura,12,0,0.689,15.02,61.5,99.15,0.0
ANU_11,Anuradhapura,13,0,0.661,14.57,61.5,98.93,0.0
ANU_11,Anuradhapura,14,0,0.79,15.06,60.2,98.88,0.0
ANU_11,Anuradhapura,15,0,0.627,14.72,58.6,98.94,0.0
ANU_11,Anuradhapura,16,0,0.703,15.06,55.5,98.73,0.0
ANU_11,Anuradhapura,17,0,0.554,15.87,55.2,99.05,0.0
ANU_11,Anuradhapura,18,0,0.65,15.05,56.9,98.61,0.0
ANU_11,Anuradhapura,19,0,0.575,15.91,57.8,99.09,0.0
ANU_11,Anuradhapura,20,0,0.716,14.62,59.1,98.82,0.0
ANU_11,Anuradhapura,21,0,0.564,14.76,59.7,98.69,0.0
ANU_11,Anuradhapura,22,0,0.614,14.77,65.8,98.35,0.0
ANU_11,Anuradhapura,23,0,0.663,14.72,54.8,98.74,0.0
ANU_11,Anuradhapura,24,0,0.673,15.31,58.1,99.08,0.0
ANU_11,Anuradhapura,25,0,0.709,15.36,55.2,98.93,0.0
ANU_11,Anuradhapura,26,0,0.663,14.38,51.1,98.31,0.0
ANU_12,Anuradhapura,1,0,0.482,14.64,30.5,99.5,0.0
ANU_12,Anuradhapura,2,0,0.427,14.41,29.0,99.08,0.0
ANU_12,Anuradhapura,3,0,0.527,15.03,35.5,98.8,0.0
ANU_12,Anuradhapura,4,0,0.468,16.13,25.1,99.29,0.0
ANU_12,Anuradhapura,5,0,0.436,14.86,29.6,99.01,0.0
ANU_12,Anuradhapura,6,0,0.453,15.58,27.8,99.08,0.0
ANU_12,Anuradhapura,7,0,0.522,15.71,24.5,99.01,0.0
ANU_12,Anuradhapura,8,0,0.403,15.6,29.7,99.53,0.0
ANU_12,Anuradhapura,9,0,0.44,14.72,32.3,99.19,0.0
ANU_12,Anuradhapura,10,0,0.471,14.34,26.4,99.58,0.0
ANU_12,Anuradhapura,11,0,0.417,15.76,19.3,99.19,0.0
ANU_12,Anuradhapura,12,0,0.449,16.32,24.0,99.5,0.0
ANU_12,Anuradhapura,13,0,0.523,14.84,27.1,99.37,0.0
ANU_12,Anuradhapura,14,0,0.371,15.0,33.7,99.46,0.0
ANU_12,Anuradhapura,15,0,0.45,15.34,31.0,99.53,0.0
ANU_12,Anuradhapura,16,0,0.426,16.2,33.9,99.5,0.0
ANU_12,Anuradhapura,17,0,0.409,14.66,27.3,99.35,0.0
ANU_12,Anuradhapura,18,0,0.354,15.57,33.8,99.48,0.0
ANU_12,Anuradhapura,19,0,0.419,14.8,29.8,99.29,0.0
ANU_12,Anuradhapura,20,0,0.486,15.64,33.0,99.05,0.0
ANU_12,Anuradhapura,21,0,0.473,15.06,28.2,99.55,0.0
ANU_12,Anuradhapura,22,0,0.518,16.11,30.3,99.3,0.0
ANU_12,Anuradhapura,23,0,0.445,14.23,34.0,99.25,0.0
ANU_12,Anuradhapura,24,0,0.49,15.68,23.7,99.1,0.0
ANU_12,Anuradhapura,25,0,0.553,15.45,26.3,99.3,0.0
ANU_12,Anuradhapura,26,0,0.525,15.84,22.8,99.74,0.0
BAT_01,Batticaloa,1,1,0.571,15.98,28.6,99.15,0.0
BAT_01,Batticaloa,2,1,0.525,15.17,31.9,99.69,0.0
BAT_01,Batticaloa,3,1,0.6,14.86,25.1,99.38,0.0
BAT_01,Batticaloa,4,1,0.602,14.93,29.8,99.18,0.0
BAT_01,Batticaloa,5,1,0.589,13.1,19.2,99.55,0.0
BAT_01,Batticaloa,6,1,0.563,13.95,31.8,99.69,0.0
BAT_01,Batticaloa,7,1,0.617,15.26,30.5,99.41,0.0
BAT_01,Batticaloa,8,1,0.6,13.33,32.3,98.73,0.0
BAT_01,Batticaloa,9,1,0.55,14.12,25.3,99.22,0.0
BAT_01,Batticaloa,10,1,0.696,14.77,25.8,99.22,0.0
BAT_01,Batticaloa,11,1,0.509,14.53,27.5,98.85,0.0
BAT_01,Batticaloa,12,1,0.591,14.37,32.4,99.32,0.0
BAT_01,Batticaloa,13,1,0.563,15.3,28.5,99.52,0.0
BAT_01,Batticaloa,14,1,0.553,14.52,22.7,99.22,0.0
BAT_01,Batticaloa,15,1,0.513,13.74,33.5,99.18,0.0
BAT_01,Batticaloa,16,1,0.628,15.01,28.4,99.59,0.0
BAT_01,Batticaloa,17,1,0.617,14.17,31.5,99.8,0.0
BAT_01,Batticaloa,18,1,0.547,13.53,24.4,99.59,0.0
BAT_01,Batticaloa,19,1,0.653,13.78,20.0,99.17,0.0
BAT_01,Batticaloa,20,1,0.618,14.06,29.2,99.21,0.0
BAT_01,Batticaloa,21,1,0.646,14.31,30.9,99.38,0.0
BAT_01,Batticaloa,22,1,0.617,14.38,24.8,99.43,0.0
BAT_01,Batticaloa,23,1,0.633,14.8,30.2,99.1,0.0
BAT_01,Batticaloa,24,1,0.537,13.84,29.3,99.31,0.0
BAT_01,Batticaloa,25,1,0.518,13.43,20.1,98.56,0.0
BAT_01,Batticaloa,26,1,0.577,15.5,35.7,99.09,0.0
BAT_02,Batticaloa,1,0,0.486,11.09,25.6,97.77,0.0
BAT_02,Batticaloa,2,0,0.405,9.89,20.9,97.92,0.0
BAT_02,Batticaloa,3,0,0.451,9.57,26.7,97.45,0.0
BAT_02,Batticaloa,4,0,0.571,10.34,29.7,98.03,0.0
BAT_02,Batticaloa,5,0,0.414,10.74,29.2,97.79,0.0
BAT_02,Batticaloa,6,0,0.493,9.89,29.2,97.64,0.0
BAT_02,Batticaloa,7,0,0.492,11.24,29.6,97.85,0.0
BAT_02,Batticaloa,8,0,0.51,11.11,32.9,97.75,0.0
BAT_02,Batticaloa,9,0,0.481,11.25,25.0,97.43,0.0
BAT_02,Batticaloa,10,0,0.501,10.57,22.1,97.89,0.0
BAT_02,Batticaloa,11,0,0.557,9.71,31.0,97.13,0.0
BAT_02,Batticaloa,12,0,0.447,11.8,25.6,97.78,0.0
BAT_02,Batticaloa,13,0,0.517,9.66,27.2,97.78,0.0
BAT_02,Batticaloa,14,0,0.583,9.95,25.4,97.53,0.0
BAT_02,Batticaloa,15,0,0.409,11.37,27.0,97.62,0.0
BAT_02,Batticaloa,16,0,0.44,10.35,25.0,97.45,0.0
BAT_02,Batticaloa,17,0,0.455,10.48,23.9,97.8,0.0
BAT_02,Batticaloa,18,0,0.485,10.36,26.4,98.3,0.0
BAT_02,Batticaloa,19,0,0.598,10.06,23.3,97.5,0.0
BAT_02,Batticaloa,20,0,0.534,10.45,27.9,98.26,0.0
BAT_02,Batticaloa,21,0,0.47,11.12,29.0,97.61,0.0
BAT_02,Batticaloa,22,0,0.535,10.18,32.3,97.61,0.0
BAT_02,Batticaloa,23,0,0.442,10.04,23.2,97.66,0.0
BAT_02,Batticaloa,24,0,0.325,10.55,24.9,97.96,0.0
BAT_02,Batticaloa,25,0,0.496,10.27,25.1,97.7,0.0
BAT_02,Batticaloa,26,0,0.56,10.2,24.1,97.48,0.0
BAT_03,Batticaloa,1,1,0.238,15.14,41.4,99.67,0.0
BAT_03,Batticaloa,2,1,0.25,15.69,42.1,99.59,0.0
BAT_03,Batticaloa,3,1,0.255,15.38,43.9,99.8,0.0
BAT_03,Batticaloa,4,1,0.366,14.63,49.5,98.78,0.0
BAT_03,Batticaloa,5,1,0.283,14.18,44.5,99.17,0.0
BAT_03,Batticaloa,6,1,0.23,15.8,39.2,99.41,0.0
BAT_03,Batticaloa,7,1,0.212,16.25,48.4,99.2,0.0
BAT_03,Batticaloa,8,1,0.214,16.23,49.5,99.27,0.0
BAT_03,Batticaloa,9,1,0.226,15.16,44.5,99.07,0.0
BAT_03,Batticaloa,10,1,0.202,16.13,45.1,99.47,0.0
BAT_03,Batticaloa,11,1,0.251,16.63,46.7,99.77,0.0
BAT_03,Batticaloa,12,1,0.207,15.14,46.7,99.3,0.0
BAT_03,Batticaloa,13,1,0.23,15.83,43.4,99.5,0.0
BAT_03,Batticaloa,14,1,0.285,14.8,51.0,99.52,0.0
BAT_03,Batticaloa,15,1,0.233,14.09,45.1,99.59,0.0
BAT_03,Batticaloa,16,1,0.347,15.64,51.1,99.2,0.0
BAT_03,Batticaloa,17,1,0.235,16.03,43.1,99.74,0.0
BAT_03,Batticaloa,18,1,0.287,15.46,45.3,99.25,0.0
BAT_03,Batticaloa,19,1,0.349,15.68,48.0,99.39,0.0
BAT_03,Batticaloa,20,1,0.245,15.4,48.2,99.68,0.0
BAT_03,Batticaloa,21,1,0.196,14.42,47.0,99.06,0.0
BAT_03,Batticaloa,22,1,0.223,14.99,48.6,99.9,0.0
BAT_03,Batticaloa,23,1,0.126,16.66,45.7,99.58,0.0
BAT_03,Batticaloa,24,1,0.158,15.9,46.8,99.48,0.0
BAT_03,Batticaloa,25,1,0.126,15.34,50.0,99.44,0.0
BAT_03,Batticaloa,26,1,0.313,15.98,44.1,99.9,0.0
BAT_04,Batticaloa,1,0,0.375,15.61,51.6,98.86,0.0
BAT_04,Batticaloa,2,0,0.442,14.02,42.7,99.13,0.0
BAT_04,Batticaloa,3,0,0.415,13.22,49.4,99.02,0.0
BAT_04,Batticaloa,4,0,0.556,15.25,50.1,98.66,0.0
BAT_04,Batticaloa,5,0,0.332,14.65,47.8,98.61,0.0
BAT_04,Batticaloa,6,0,0.445,14.05,41.3,99.11,0.0
BAT_04,Batticaloa,7,0,0.569,14.63,46.4,98.4,0.0
BAT_04,Batticaloa,8,0,0.495,15.69,39.2,98.76,0.0
BAT_04,Batticaloa,9,0,0.489,14.95,51.9,99.16,0.0
BAT_04,Batticaloa,10,0,0.442,15.03,45.6,98.49,0.0
BAT_04,Batticaloa,11,0,0.473,15.03,46.2,98.43,0.0
BAT_04,Batticaloa,12,0,0.429,14.36,41.9,98.73,0.0
BAT_04,Batticaloa,13,0,0.481,15.22,41.9,98.5,0.0
BAT_04,Batticaloa,14,0,0.55,14.53,45.4,98.6,0.0
BAT_04,Batticaloa,15,0,0.524,15.33,49.7,98.66,0.0
BAT_04,Batticaloa,16,0,0.404,15.78,48.7,98.53,0.0
BAT_04,Batticaloa,17,0,0.542,14.31,50.9,99.02,0.0
BAT_04,Batticaloa,18,0,0.401,14.98,48.4,99.3,0.0
BAT_04,Batticaloa,19,0,0.412,15.49,45.4,98.34,0.0
BAT_04,Batticaloa,20,0,0.449,14.63,41.1,98.73,0.0
BAT_04,Batticaloa,21,0,0.514,14.77,43.1,98.61,0.0
BAT_04,Batticaloa,22,0,0.456,14.76,49.7,98.72,0.0
BAT_04,Batticaloa,23,0,0.372,14.29,46.0,98.93,0.0
BAT_04,Batticaloa,24,0,0.534,15.69,45.8,98.84,0.0
BAT_04,Batticaloa,25,0,0.369,14.89,41.0,98.63,0.0
BAT_04,Batticaloa,26,0,0.638,14.81,41.8,98.75,0.0
BAT_05,Batticaloa,1,0,0.359,12.93,72.6,98.58,0.0
BAT_05,Batticaloa,2,0,0.523,12.11,72.7,99.62,0.0
BAT_05,Batticaloa,3,0,0.406,12.45,69.6,99.04,0.0
BAT_05,Batticaloa,4,0,0.394,12.86,68.7,99.16,0.0
BAT_05,Batticaloa,5,0,0.451,11.73,69.7,99.25,0.0
BAT_05,Batticaloa,6,0,0.374,11.06,69.2,99.4,0.0
BAT_05,Batticaloa,7,0,0.391,12.7,78.7,99.72,0.0
BAT_05,Batticaloa,8,0,0.432,11.91,68.8,99.35,0.0
BAT_05,Batticaloa,9,0,0.413,12.5,73.8,99.32,0.0
BAT_05,Batticaloa,10,0,0.425,12.76,74.9,99.34,0.0
BAT_05,Batticaloa,11,0,0.328,11.49,68.6,99.41,0.0
BAT_05,Batticaloa,12,0,0.409,11.15,69.3,99.41,0.0
BAT_05,Batticaloa,13,0,0.324,12.26,70.1,99.17,0.0
BAT_05,Batticaloa,14,0,0.381,12.24,67.9,99.29,0.0
BAT_05,Batticaloa,15,0,0.406,11.54,64.7,98.96,0.0
BAT_05,Batticaloa,16,0,0.353,11.21,69.9,99.76,0.0
BAT_05,Batticaloa,17,0,0.295,11.83,79.9,99.45,0.0
BAT_05,Batticaloa,18,0,0.356,11.91,73.1,99.77,0.0
BAT_05,Batticaloa,19,0,0.346,11.55,65.8,99.37,0.0
BAT_05,Batticaloa,20,0,0.293,11.72,67.7,99.62,0.0
BAT_05,Batticaloa,21,0,0.347,12.24,64.9,99.38,0.0
BAT_05,Batticaloa,22,0,0.305,11.75,80.2,99.58,0.0
BAT_05,Batticaloa,23,0,0.37,13.92,67.7,99.64,0.0
BAT_05,Batticaloa,24,0,0.286,11.86,65.9,99.41,0.0
BAT_05,Batticaloa,25,0,0.381,11.82,75.7,99.2,0.0
BAT_05,Batticaloa,26,0,0.397,12.49,65.4,99.16,0.0
BAT_06,Batticaloa,1,1,0.477,15.96,61.4,98.43,0.0
BAT_06,Batticaloa,2,1,0.491,15.8,59.4,98.56,0.0
BAT_06,Batticaloa,3,1,0.276,15.78,57.9,98.75,0.0
BAT_06,Batticaloa,4,1,0.431,15.8,62.3,98.3,0.0
BAT_06,Batticaloa,5,1,0.433,16.2,60.8,98.34,0.0
BAT_06,Batticaloa,6,1,0.397,15.45,62.7,98.53,0.0
BAT_06,Batticaloa,7,1,0.372,16.59,65.5,98.69,0.0
BAT_06,Batticaloa,8,1,0.476,16.52,71.2,98.37,0.0
BAT_06,Batticaloa,9,1,0.395,15.22,69.5,98.89,0.0
BAT_06,Batticaloa,10,1,0.402,15.7,61.2,98.75,0.0
BAT_06,Batticaloa,11,1,0.38,14.96,71.1,98.53,0.0
BAT_06,Batticaloa,12,1,0.485,16.02,64.3,98.07,0.0
BAT_06,Batticaloa,13,1,0.407,16.2,53.4,98.37,0.0
BAT_06,Batticaloa,14,1,0.436,15.96,60.3,98.2,0.0
BAT_06,Batticaloa,15,1,0.348,16.23,61.3,98.11,0.0
BAT_06,Batticaloa,16,1,0.461,15.96,60.6,97.91,0.0
BAT_06,Batticaloa,17,1,0.499,15.4,62.7,98.25,0.0
BAT_06,Batticaloa,18,1,0.434,16.83,64.6,98.73,0.0
BAT_06,Batticaloa,19,1,0.477,16.38,55.4,98.37,0.0
BAT_06,Batticaloa,20,1,0.444,16.87,60.5,98.52,0.0
BAT_06,Batticaloa,21,1,0.471,16.83,61.9,98.66,0.0
BAT_06,Batticaloa,22,1,0.355,15.17,53.3,98.65,0.0
BAT_06,Batticaloa,23,1,0.498,16.68,59.8,98.31,0.0
BAT_06,Batticaloa,24,1,0.45,17.0,69.3,98.65,0.0
BAT_06,Batticaloa,25,1,0.477,16.94,61.5,98.35,0.0
BAT_06,Batticaloa,26,1,0.45,15.55,61.8,98.17,0.0
BAT_07,Batticaloa,1,0,0.522,15.54,67.8,97.52,0.0
BAT_07,Batticaloa,2,0,0.579,15.44,57.1,97.74,0.0
BAT_07,Batticaloa,3,0,0.641,16.73,64.2,96.8,0.0
BAT_07,Batticaloa,4,0,0.519,16.19,61.1,97.32,0.0
BAT_07,Batticaloa,5,0,0.527,16.48,64.4,97.58,0.0
BAT_07,Batticaloa,6,0,0.555,16.02,57.2,97.43,0.0
BAT_07,Batticaloa,7,0,0.442,14.97,61.3,98.05,0.0
BAT_07,Batticaloa,8,0,0.485,15.17,63.5,97.9,0.0
BAT_07,Batticaloa,9,0,0.606,16.33,61.2,97.33,0.0
BAT_07,Batticaloa,10,0,0.598,15.52,65.5,97.06,0.0
BAT_07,Batticaloa,11,0,0.647,15.94,61.7,97.05,0.0
BAT_07,Batticaloa,12,0,0.535,16.63,61.7,97.53,0.0
BAT_07,Batticaloa,13,0,0.541,15.9,57.1,97.48,0.0
BAT_07,Batticaloa,14,0,0.616,16.11,59.0,97.37,0.0
BAT_07,Batticaloa,15,0,0.626,15.79,61.4,97.94,0.0
BAT_07,Batticaloa,16,0,0.536,16.56,58.0,97.62,0.0
BAT_07,Batticaloa,17,0,0.636,15.61,57.7,96.97,0.0
BAT_07,Batticaloa,18,0,0.557,16.23,58.3,97.48,0.0
BAT_07,Batticaloa,19,0,0.505,15.77,58.0,97.44,0.0
BAT_07,Batticaloa,20,0,0.563,15.2,59.9,97.23,0.0
BAT_07,Batticaloa,21,0,0.515,16.56,61.1,96.91,0.0
BAT_07,Batticaloa,22,0,0.556,16.46,59.5,97.83,0.0
BAT_07,Batticaloa,23,0,0.542,16.22,66.7,97.57,0.0
BAT_07,Batticaloa,24,0,0.511,15.35,67.3,97.26,0.0
BAT_07,Batticaloa,25,0,0.652,15.66,63.2,97.11,0.0
BAT_07,Batticaloa,26,0,0.557,15.39,63.5,97.48,0.0
BAT_08,Batticaloa,1,0,0.508,13.03,33.8,98.71,0.0
BAT_08,Batticaloa,2,0,0.415,12.59,36.1,98.75,0.0
BAT_08,Batticaloa,3,0,0.414,13.44,29.7,98.51,0.0
BAT_08,Batticaloa,4,0,0.446,13.82,24.0,98.52,0.0
BAT_08,Batticaloa,5,0,0.522,14.17,34.1,98.52,0.0
BAT_08,Batticaloa,6,0,0.607,12.41,33.0,98.85,0.0
BAT_08,Batticaloa,7,0,0.462,13.64,29.9,98.9,0.0
BAT_08,Batticaloa,8,0,0.404,13.43,30.3,99.02,0.0
BAT_08,Batticaloa,9,0,0.512,13.97,33.9,98.7,0.0
BAT_08,Batticaloa,10,0,0.562,13.7,33.8,98.15,0.0
BAT_08,Batticaloa,11,0,0.456,14.06,26.9,98.95,0.0
BAT_08,Batticaloa,12,0,0.557,12.79,23.9,98.59,0.0
BAT_08,Batticaloa,13,0,0.639,12.71,28.7,98.48,0.0
BAT_08,Batticaloa,14,0,0.588,13.08,29.4,99.08,0.0
BAT_08,Batticaloa,15,0,0.55,12.67,27.0,99.02,0.0
BAT_08,Batticaloa,16,0,0.516,12.3,24.8,98.45,0.0
BAT_08,Batticaloa,17,0,0.44,12.0,27.5,98.5,0.0
BAT_08,Batticaloa,18,0,0.487,14.24,30.8,98.69,0.0
BAT_08,Batticaloa,19,0,0.545,13.08,33.5,98.8,0.0
BAT_08,Batticaloa,20,0,0.522,14.88,35.6,98.46,0.0
BAT_08,Batticaloa,21,0,0.537,12.75,33.7,98.38,0.0
BAT_08,Batticaloa,22,0,0.448,13.43,35.9,98.85,0.0
BAT_08,Batticaloa,23,0,0.566,13.45,32.6,98.6,0.0
BAT_08,Batticaloa,24,0,0.564,13.84,31.7,98.7,0.0
BAT_08,Batticaloa,25,0,0.61,13.21,32.2,98.85,0.0
BAT_08,Batticaloa,26,0,0.509,12.73,33.4,98.72,0.0
BAT_09,Batticaloa,1,0,0.676,16.66,35.9,99.12,0.0
BAT_09,Batticaloa,2,0,0.655,16.9,37.9,99.43,0.0
BAT_09,Batticaloa,3,0,0.707,16.3,39.4,98.91,0.0
BAT_09,Batticaloa,4,0,0.773,17.2,41.3,99.2,0.0
BAT_09,Batticaloa,5,0,0.679,16.62,37.8,98.97,0.0
BAT_09,Batticaloa,6,0,0.788,16.9,32.7,99.58,0.0
BAT_09,Batticaloa,7,0,0.714,15.89,32.9,99.48,0.0
BAT_09,Batticaloa,8,0,0.817,17.16,41.5,99.41,0.0
BAT_09,Batticaloa,9,0,0.741,16.75,38.4,99.29,0.0
BAT_09,Batticaloa,10,0,0.663,16.99,42.1,99.06,0.0
BAT_09,Batticaloa,11,0,0.689,16.84,33.7,98.78,0.0
BAT_09,Batticaloa,12,0,0.777,16.28,36.3,98.96,0.0
BAT_09,Batticaloa,13,0,0.785,17.06,35.3,98.82,0.0
BAT_09,Batticaloa,14,0,0.687,16.89,37.0,99.14,0.0
BAT_09,Batticaloa,15,0,0.721,17.01,36.1,99.22,0.0
BAT_09,Batticaloa,16,0,0.649,18.08,35.1,99.16,0.0
BAT_09,Batticaloa,17,0,0.742,16.3,36.3,99.11,0.0
BAT_09,Batticaloa,18,0,0.653,16.81,29.7,99.55,0.0
BAT_09,Batticaloa,19,0,0.755,16.93,29.3,98.91,0.0
BAT_09,Batticaloa,20,0,0.791,19.04,41.0,99.37,0.0
BAT_09,Batticaloa,21,0,0.739,16.04,40.2,98.84,0.0
BAT_09,Batticaloa,22,0,0.635,15.79,40.2,99.1,0.0
BAT_09,Batticaloa,23,0,0.714,16.54,31.8,98.94,0.0
BAT_09,Batticaloa,24,0,0.671,15.71,34.2,98.84,0.0
BAT_09,Batticaloa,25,0,0.743,16.95,31.1,99.04,0.0
BAT_09,Batticaloa,26,0,0.819,15.96,38.0,99.14,0.0
BAT_10,Batticaloa,1,0,0.524,16.01,42.7,98.39,0.0
BAT_10,Batticaloa,2,0,0.585,15.13,33.8,98.18,0.0
BAT_10,Batticaloa,3,0,0.563,15.05,32.6,98.69,0.0
BAT_10,Batticaloa,4,0,0.673,15.77,37.9,98.19,0.0
BAT_10,Batticaloa,5,0,0.646,15.36,40.1,99.13,0.0
BAT_10,Batticaloa,6,0,0.554,13.54,34.2,98.77,0.0
BAT_10,Batticaloa,7,0,0.605,14.54,32.7,98.56,0.0
BAT_10,Batticaloa,8,0,0.528,15.58,36.7,98.49,0.0
BAT_10,Batticaloa,9,0,0.558,15.43,38.6,98.7,0.0
BAT_10,Batticaloa,10,0,0.614,15.22,34.3,98.46,0.0
BAT_10,Batticaloa,11,0,0.579,16.51,33.0,98.54,0.0
BAT_10,Batticaloa,12,0,0.609,15.09,42.7,98.57,0.0
BAT_10,Batticaloa,13,0,0.589,15.76,45.6,99.0,0.0
BAT_10,Batticaloa,14,0,0.595,15.24,38.6,98.68,0.0
BAT_10,Batticaloa,15,0,0.552,15.83,39.2,98.64,0.0
BAT_10,Batticaloa,16,0,0.527,15.31,30.8,98.5,0.0
BAT_10,Batticaloa,17,0,0.569,15.44,45.9,98.79,0.0
BAT_10,Batticaloa,18,0,0.69,15.66,42.9,99.11,0.0
BAT_10,Batticaloa,19,0,0.559,14.79,41.1,98.65,0.0
BAT_10,Batticaloa,20,0,0.616,15.12,36.0,99.05,0.0
BAT_10,Batticaloa,21,0,0.537,15.68,40.5,98.25,0.0
BAT_10,Batticaloa,22,0,0.553,14.87,40.7,98.55,0.0
BAT_10,Batticaloa,23,0,0.598,14.39,47.7,98.66,0.0
BAT_10,Batticaloa,24,0,0.633,14.94,35.8,99.12,0.0
BAT_10,Batticaloa,25,0,0.488,15.44,33.5,98.55,0.0
BAT_10,Batticaloa,26,0,0.565,14.68,38.5,98.0,0.0
BAT_11,Batticaloa,1,0,0.484,15.75,29.3,99.9,0.0
BAT_11,Batticaloa,2,0,0.509,14.41,32.6,99.86,0.0
BAT_11,Batticaloa,3,0,0.414,14.48,19.0,99.73,0.0
BAT_11,Batticaloa,4,0,0.313,13.29,27.1,99.38,0.0
BAT_11,Batticaloa,5,0,0.405,14.35,27.1,99.43,0.0
BAT_11,Batticaloa,6,0,0.46,14.21,28.1,99.36,0.0
BAT_11,Batticaloa,7,0,0.395,14.92,30.2,99.46,0.0
BAT_11,Batticaloa,8,0,0.373,13.67,23.7,99.31,0.0
BAT_11,Batticaloa,9,0,0.398,14.65,23.2,99.64,0.0
BAT_11,Batticaloa,10,0,0.393,14.9,23.9,99.52,0.0
BAT_11,Batticaloa,11,0,0.355,13.58,28.4,99.63,0.0
BAT_11,Batticaloa,12,0,0.409,15.03,31.7,99.25,0.0
BAT_11,Batticaloa,13,0,0.445,14.4,24.5,99.74,0.0
BAT_11,Batticaloa,14,0,0.302,15.14,28.4,99.44,0.0
BAT_11,Batticaloa,15,0,0.371,13.24,25.1,99.54,0.0
BAT_11,Batticaloa,16,0,0.326,14.73,31.4,99.65,0.0
BAT_11,Batticaloa,17,0,1.539,13.02,20.1,98.56,385.0
BAT_11,Batticaloa,18,0,2.676,13.2,12.9,97.77,0.0
BAT_11,Batticaloa,19,0,3.786,12.68,26.6,96.63,146.0
BAT_11,Batticaloa,20,0,3.901,11.79,17.0,96.46,102.0
BAT_11,Batticaloa,21,0,3.89,12.32,10.5,96.89,276.0
BAT_11,Batticaloa,22,0,3.86,12.77,6.5,96.75,66.0
BAT_11,Batticaloa,23,0,3.79,12.42,8.9,96.63,0.0
BAT_11,Batticaloa,24,0,3.819,13.13,12.1,96.94,201.0
BAT_11,Batticaloa,25,0,3.743,11.62,16.4,96.4,299.0
BAT_11,Batticaloa,26,0,3.756,12.62,12.6,96.58,348.0
BAT_12,Batticaloa,1,1,0.598,15.34,48.0,98.69,0.0
BAT_12,Batticaloa,2,1,0.65,14.63,46.6,98.67,0.0
BAT_12,Batticaloa,3,1,0.616,14.58,52.2,99.25,0.0
BAT_12,Batticaloa,4,1,0.64,15.73,39.4,98.39,0.0
BAT_12,Batticaloa,5,1,0.569,14.83,44.8,98.33,0.0
BAT_12,Batticaloa,6,1,0.657,16.1,50.7,99.01,0.0
BAT_12,Batticaloa,7,1,0.602,14.3,45.9,99.27,0.0
BAT_12,Batticaloa,8,1,0.567,14.53,50.0,99.04,0.0
BAT_12,Batticaloa,9,1,0.537,14.65,43.6,98.76,0.0
BAT_12,Batticaloa,10,1,0.654,14.32,49.9,98.77,0.0
BAT_12,Batticaloa,11,1,0.728,15.0,45.2,98.89,0.0
BAT_12,Batticaloa,12,1,0.568,13.73,44.6,98.68,0.0
BAT_12,Batticaloa,13,1,0.492,14.76,37.3,98.66,0.0
BAT_12,Batticaloa,14,1,0.603,14.86,43.9,98.72,0.0
BAT_12,Batticaloa,15,1,0.541,14.81,45.8,98.52,0.0
BAT_12,Batticaloa,16,1,0.604,14.96,44.9,99.35,0.0
BAT_12,Batticaloa,17,1,0.58,14.64,43.9,98.5,0.0
BAT_12,Batticaloa,18,1,0.629,14.39,43.3,98.61,0.0
BAT_12,Batticaloa,19,1,0.529,13.75,43.7,98.96,0.0
BAT_12,Batticaloa,20,1,0.6,15.74,48.6,98.87,0.0
BAT_12,Batticaloa,21,1,0.701,14.75,45.8,98.74,0.0
BAT_12,Batticaloa,22,1,0.681,14.81,43.0,98.89,0.0
BAT_12,Batticaloa,23,1,0.539,15.12,47.2,98.7,0.0
BAT_12,Batticaloa,24,1,0.622,13.91,46.2,98.63,0.0
BAT_12,Batticaloa,25,1,0.76,14.9,43.2,98.4,0.0
BAT_12,Batticaloa,26,1,0.666,14.59,42.4,98.83,0.0
NEG_01,Negombo,1,1,0.492,16.06,47.3,98.26,0.0
NEG_01,Negombo,2,1,0.434,16.7,50.3,98.4,0.0
NEG_01,Negombo,3,1,0.547,15.91,43.2,98.79,0.0
NEG_01,Negombo,4,1,0.463,15.48,43.1,98.68,0.0
NEG_01,Negombo,5,1,0.473,16.62,42.6,98.61,0.0
NEG_01,Negombo,6,1,0.558,16.07,47.6,98.48,0.0
NEG_01,Negombo,7,1,0.457,15.96,44.5,98.4,0.0
NEG_01,Negombo,8,1,0.458,16.26,41.2,98.35,0.0
NEG_01,Negombo,9,1,0.599,15.77,48.9,98.72,0.0
NEG_01,Negombo,10,1,0.559,16.02,33.6,98.43,0.0
NEG_01,Negombo,11,1,0.533,16.37,37.1,98.7,0.0
NEG_01,Negombo,12,1,0.474,16.29,44.2,98.9,0.0
NEG_01,Negombo,13,1,0.605,16.42,47.7,98.62,0.0
NEG_01,Negombo,14,1,0.71,15.42,42.1,98.94,0.0
NEG_01,Negombo,15,1,0.586,16.44,47.0,98.19,0.0
NEG_01,Negombo,16,1,0.636,16.03,49.2,98.2,0.0
NEG_01,Negombo,17,1,0.556,15.81,46.5,98.79,0.0
NEG_01,Negombo,18,1,1.629,14.31,52.7,97.89,0.0
NEG_01,Negombo,19,1,2.703,14.34,62.2,96.84,0.0
NEG_01,Negombo,20,1,3.746,14.11,76.8,95.64,0.0
NEG_01,Negombo,21,1,3.744,13.1,69.5,96.27,0.0
NEG_01,Negombo,22,1,3.724,12.87,65.7,96.68,0.0
NEG_01,Negombo,23,1,3.736,11.98,74.8,96.0,0.0
NEG_01,Negombo,24,1,3.706,12.2,78.8,96.21,0.0
NEG_01,Negombo,25,1,3.61,12.19,72.1,96.58,0.0
NEG_01,Negombo,26,1,3.876,13.39,71.0,96.16,0.0
NEG_02,Negombo,1,1,0.663,13.98,33.9,97.99,0.0
NEG_02,Negombo,2,1,0.581,13.67,35.7,98.17,0.0
NEG_02,Negombo,3,1,0.649,13.77,41.0,98.11,0.0
NEG_02,Negombo,4,1,0.683,14.12,32.3,98.3,0.0
NEG_02,Negombo,5,1,0.675,12.75,36.1,98.32,0.0
NEG_02,Negombo,6,1,0.711,12.83,35.5,98.65,0.0
NEG_02,Negombo,7,1,0.802,14.31,30.7,98.42,0.0
NEG_02,Negombo,8,1,0.648,13.71,32.4,97.88,0.0
NEG_02,Negombo,9,1,0.657,13.98,36.6,98.41,0.0
NEG_02,Negombo,10,1,0.69,13.78,37.6,98.24,0.0
NEG_02,Negombo,11,1,0.682,14.59,36.0,98.32,0.0
NEG_02,Negombo,12,1,0.684,13.41,33.7,98.36,0.0
NEG_02,Negombo,13,1,0.647,13.45,32.3,98.34,0.0
NEG_02,Negombo,14,1,0.712,13.41,27.4,98.46,0.0
NEG_02,Negombo,15,1,0.685,12.95,38.5,97.96,0.0
NEG_02,Negombo,16,1,0.74,13.51,26.4,98.35,0.0
NEG_02,Negombo,17,1,0.653,13.21,32.5,98.28,0.0
NEG_02,Negombo,18,1,0.648,12.43,40.5,98.25,0.0
NEG_02,Negombo,19,1,0.633,12.86,38.5,97.98,0.0
NEG_02,Negombo,20,1,0.685,13.19,33.3,98.03,0.0
NEG_02,Negombo,21,1,0.64,13.55,36.4,98.11,0.0
NEG_02,Negombo,22,1,0.672,14.07,28.8,98.31,0.0
NEG_02,Negombo,23,1,0.62,12.91,36.5,98.17,0.0
NEG_02,Negombo,24,1,0.604,14.34,39.1,97.82,0.0
NEG_02,Negombo,25,1,0.589,13.9,34.3,98.68,0.0
NEG_02,Negombo,26,1,0.714,13.72,31.4,98.43,0.0
NEG_03,Negombo,1,0,0.258,18.22,47.8,98.04,0.0
NEG_03,Negombo,2,0,0.181,17.89,49.7,98.47,0.0
NEG_03,Negombo,3,0,0.164,17.73,54.6,97.96,0.0
NEG_03,Negombo,4,0,0.261,17.39,45.8,97.57,0.0
NEG_03,Negombo,5,0,0.234,17.3,50.0,97.83,0.0
NEG_03,Negombo,6,0,0.243,17.62,49.3,97.89,0.0
NEG_03,Negombo,7,0,0.208,17.95,53.8,98.05,0.0
NEG_03,Negombo,8,0,0.235,17.82,41.3,97.99,0.0
NEG_03,Negombo,9,0,0.247,17.33,46.5,97.92,0.0
NEG_03,Negombo,10,0,0.331,18.55,45.8,97.89,0.0
NEG_03,Negombo,11,0,0.242,18.38,50.1,98.05,0.0
NEG_03,Negombo,12,0,0.304,17.54,54.9,98.02,0.0
NEG_03,Negombo,13,0,0.22,17.76,54.4,97.92,0.0
NEG_03,Negombo,14,0,0.328,17.52,46.4,98.19,0.0
NEG_03,Negombo,15,0,0.219,18.39,50.9,97.8,0.0
NEG_03,Negombo,16,0,0.267,17.56,50.9,98.49,0.0
NEG_03,Negombo,17,0,0.249,18.21,49.6,98.03,0.0
NEG_03,Negombo,18,0,0.261,17.38,50.8,97.95,0.0
NEG_03,Negombo,19,0,0.217,18.5,49.9,97.97,0.0
NEG_03,Negombo,20,0,0.352,16.79,54.6,97.8,0.0
NEG_03,Negombo,21,0,0.284,17.54,45.8,98.35,0.0
NEG_03,Negombo,22,0,0.383,17.76,50.8,98.04,0.0
NEG_03,Negombo,23,0,0.375,16.63,51.0,97.84,0.0
NEG_03,Negombo,24,0,0.13,17.68,56.9,97.86,0.0
NEG_03,Negombo,25,0,0.319,18.61,49.4,98.05,0.0
NEG_03,Negombo,26,0,0.168,17.46,53.1,98.04,0.0
NEG_04,Negombo,1,0,0.603,14.11,73.2,98.2,0.0
NEG_04,Negombo,2,0,0.51,15.58,74.0,98.6,0.0
NEG_04,Negombo,3,0,0.461,14.35,72.6,98.29,0.0
NEG_04,Negombo,4,0,0.49,14.27,77.3,98.21,0.0
NEG_04,Negombo,5,0,0.587,14.85,75.1,98.44,0.0
NEG_04,Negombo,6,0,0.452,15.07,80.2,98.36,0.0
NEG_04,Negombo,7,0,0.556,15.26,73.7,98.35,0.0
NEG_04,Negombo,8,0,0.534,15.3,67.1,98.36,0.0
NEG_04,Negombo,9,0,0.49,14.61,77.7,98.12,0.0
NEG_04,Negombo,10,0,0.418,15.32,66.8,97.82,0.0
NEG_04,Negombo,11,0,0.556,14.94,74.4,98.19,0.0
NEG_04,Negombo,12,0,0.418,14.13,71.4,97.98,0.0
NEG_04,Negombo,13,0,0.52,14.57,73.2,98.34,0.0
NEG_04,Negombo,14,0,0.525,15.15,71.1,98.34,0.0
NEG_04,Negombo,15,0,0.516,13.39,75.1,98.34,0.0
NEG_04,Negombo,16,0,0.535,14.07,71.2,98.03,0.0
NEG_04,Negombo,17,0,0.546,14.0,68.8,98.43,0.0
NEG_04,Negombo,18,0,0.464,14.29,76.1,98.54,0.0
NEG_04,Negombo,19,0,0.545,15.36,71.6,98.25,0.0
NEG_04,Negombo,20,0,0.463,14.95,70.4,98.19,0.0
NEG_04,Negombo,21,0,0.537,15.56,74.1,98.75,0.0
NEG_04,Negombo,22,0,0.459,13.74,75.4,98.11,0.0
NEG_04,Negombo,23,0,0.485,13.78,68.9,97.92,0.0
NEG_04,Negombo,24,0,0.475,14.61,72.9,98.61,0.0
NEG_04,Negombo,25,0,0.542,13.87,74.9,98.33,0.0
NEG_04,Negombo,26,0,0.496,14.83,73.3,98.13,0.0
NEG_05,Negombo,1,0,0.321,17.37,40.6,97.87,0.0
NEG_05,Negombo,2,0,0.435,16.3,36.6,97.9,0.0
NEG_05,Negombo,3,0,0.385,17.69,35.5,97.61,0.0
NEG_05,Negombo,4,0,0.444,18.3,33.9,97.66,0.0
NEG_05,Negombo,5,0,0.414,18.09,29.9,98.02,0.0
NEG_05,Negombo,6,0,0.384,17.72,32.6,97.74,0.0
NEG_05,Negombo,7,0,0.516,16.73,36.8,98.31,0.0
NEG_05,Negombo,8,0,0.466,16.78,29.7,97.69,0.0
NEG_05,Negombo,9,0,0.434,17.71,29.8,97.66,0.0
NEG_05,Negombo,10,0,0.376,17.47,42.8,97.65,0.0
NEG_05,Negombo,11,0,0.366,16.9,37.4,97.87,0.0
NEG_05,Negombo,12,0,0.371,17.36,31.7,97.95,0.0
NEG_05,Negombo,13,0,0.586,17.91,34.5,97.71,0.0
NEG_05,Negombo,14,0,0.344,18.02,37.6,97.76,0.0
NEG_05,Negombo,15,0,0.497,17.59,37.9,97.95,0.0
NEG_05,Negombo,16,0,0.414,17.01,34.3,98.09,0.0
NEG_05,Negombo,17,0,0.394,17.84,30.5,98.07,0.0
NEG_05,Negombo,18,0,0.443,16.86,34.0,98.11,0.0
NEG_05,Negombo,19,0,0.349,16.94,34.6,98.41,0.0
NEG_05,Negombo,20,0,0.384,17.88,35.9,97.73,0.0
NEG_05,Negombo,21,0,0.434,17.31,33.4,97.46,0.0
NEG_05,Negombo,22,0,0.423,18.12,35.1,98.15,0.0
NEG_05,Negombo,23,0,0.459,17.54,32.3,97.76,0.0
NEG_05,Negombo,24,0,0.336,17.42,35.4,98.31,0.0
NEG_05,Negombo,25,0,0.456,17.06,29.1,97.83,0.0
NEG_05,Negombo,26,0,0.473,17.45,37.0,97.83,0.0
NEG_06,Negombo,1,0,0.543,10.2,65.9,97.94,0.0
NEG_06,Negombo,2,0,0.614,11.19,66.2,98.25,0.0
NEG_06,Negombo,3,0,0.556,10.99,66.6,97.68,0.0
NEG_06,Negombo,4,0,0.561,10.65,64.7,97.92,0.0
NEG_06,Negombo,5,0,0.602,10.33,53.1,98.24,0.0
NEG_06,Negombo,6,0,0.533,9.85,60.4,97.74,0.0
NEG_06,Negombo,7,0,0.517,9.9,62.1,97.95,0.0
NEG_06,Negombo,8,0,0.672,10.84,69.3,97.73,0.0
NEG_06,Negombo,9,0,0.557,10.6,62.2,97.71,0.0
NEG_06,Negombo,10,0,0.602,11.0,65.1,97.52,0.0
NEG_06,Negombo,11,0,0.533,9.48,65.2,97.89,0.0
NEG_06,Negombo,12,0,0.534,10.49,66.5,97.89,0.0
NEG_06,Negombo,13,0,0.478,10.2,66.5,98.22,0.0
NEG_06,Negombo,14,0,0.534,10.68,68.4,97.77,0.0
NEG_06,Negombo,15,0,0.619,11.07,70.4,97.94,0.0
NEG_06,Negombo,16,0,0.692,9.98,73.4,98.01,0.0
NEG_06,Negombo,17,0,0.631,10.16,68.2,98.18,0.0
NEG_06,Negombo,18,0,0.485,10.25,56.3,97.78,0.0
NEG_06,Negombo,19,0,0.501,10.22,76.5,98.25,0.0
NEG_06,Negombo,20,0,0.464,10.68,68.1,97.74,0.0
NEG_06,Negombo,21,0,0.561,10.51,59.5,97.56,0.0
NEG_06,Negombo,22,0,0.561,10.41,62.0,97.62,0.0
NEG_06,Negombo,23,0,0.545,10.88,64.5,98.23,0.0
NEG_06,Negombo,24,0,0.509,10.46,63.4,97.97,0.0
NEG_06,Negombo,25,0,0.503,11.5,58.1,98.25,0.0
NEG_06,Negombo,26,0,0.556,10.68,70.2,98.04,0.0
NEG_07,Negombo,1,1,0.322,15.52,67.4,97.49,0.0
NEG_07,Negombo,2,1,0.323,15.9,64.0,98.17,0.0
NEG_07,Negombo,3,1,0.335,15.68,67.0,98.07,0.0
NEG_07,Negombo,4,1,0.352,15.64,68.8,97.97,0.0
NEG_07,Negombo,5,1,0.279,15.89,70.6,98.12,0.0
NEG_07,Negombo,6,1,0.334,16.47,64.4,97.74,0.0
NEG_07,Negombo,7,1,0.333,16.96,68.9,97.91,0.0
NEG_07,Negombo,8,1,0.44,15.89,77.2,97.85,0.0
NEG_07,Negombo,9,1,0.287,15.96,67.3,97.78,0.0
NEG_07,Negombo,10,1,0.504,16.25,70.1,97.86,0.0
NEG_07,Negombo,11,1,0.313,16.68,61.6,97.69,0.0
NEG_07,Negombo,12,1,0.333,16.87,66.8,98.08,0.0
NEG_07,Negombo,13,1,0.349,16.84,61.9,98.16,0.0
NEG_07,Negombo,14,1,0.336,16.62,65.0,97.98,0.0
NEG_07,Negombo,15,1,0.342,15.46,63.2,97.83,0.0
NEG_07,Negombo,16,1,0.356,15.61,67.0,97.51,0.0
NEG_07,Negombo,17,1,0.326,16.67,71.1,97.96,0.0
NEG_07,Negombo,18,1,0.362,15.56,74.8,98.5,0.0
NEG_07,Negombo,19,1,0.358,17.61,65.6,97.67,0.0
NEG_07,Negombo,20,1,0.305,15.93,77.5,97.91,0.0
NEG_07,Negombo,21,1,0.296,15.52,72.8,98.23,0.0
NEG_07,Negombo,22,1,0.319,14.93,63.8,98.41,0.0
NEG_07,Negombo,23,1,0.389,16.1,75.8,98.47,0.0
NEG_07,Negombo,24,1,0.346,16.05,65.9,97.91,0.0
NEG_07,Negombo,25,1,0.259,15.17,61.4,98.25,0.0
NEG_07,Negombo,26,1,0.254,17.23,65.4,98.41,0.0
NEG_08,Negombo,1,1,0.405,10.22,53.4,99.44,0.0
NEG_08,Negombo,2,1,0.441,10.3,59.4,99.35,0.0
NEG_08,Negombo,3,1,0.362,11.27,56.1,99.76,0.0
NEG_08,Negombo,4,1,0.402,10.57,57.8,99.49,0.0
NEG_08,Negombo,5,1,0.399,10.12,62.0,99.7,0.0
NEG_08,Negombo,6,1,0.529,10.59,53.0,99.87,0.0
NEG_08,Negombo,7,1,0.387,11.64,66.6,99.45,0.0
NEG_08,Negombo,8,1,0.442,10.07,60.7,99.75,0.0
NEG_08,Negombo,9,1,0.466,10.97,61.0,99.9,0.0
NEG_08,Negombo,10,1,0.377,9.46,55.0,99.9,0.0
NEG_08,Negombo,11,1,0.394,10.52,58.5,99.47,0.0
NEG_08,Negombo,12,1,0.352,10.71,60.3,99.69,0.0
NEG_08,Negombo,13,1,0.419,10.17,54.9,99.19,0.0
NEG_08,Negombo,14,1,0.58,11.31,66.0,99.41,0.0
NEG_08,Negombo,15,1,0.399,9.94,55.4,99.43,0.0
NEG_08,Negombo,16,1,0.478,10.93,56.8,99.5,0.0
NEG_08,Negombo,17,1,0.444,10.09,61.0,99.68,0.0
NEG_08,Negombo,18,1,0.422,10.58,58.1,99.44,0.0
NEG_08,Negombo,19,1,0.331,9.49,60.2,99.79,0.0
NEG_08,Negombo,20,1,0.316,10.59,63.8,99.12,0.0
NEG_08,Negombo,21,1,0.383,11.42,62.9,99.11,0.0
NEG_08,Negombo,22,1,1.598,8.67,72.1,98.57,0.0
NEG_08,Negombo,23,1,2.714,7.49,78.0,97.75,0.0
NEG_08,Negombo,24,1,3.863,5.8,88.7,97.1,0.0
NEG_08,Negombo,25,1,3.78,7.1,86.0,97.09,0.0
NEG_08,Negombo,26,1,3.923,6.7,91.3,96.98,0.0
NEG_09,Negombo,1,0,0.568,14.43,50.4,98.69,0.0
NEG_09,Negombo,2,0,0.532,13.54,44.4,99.38,0.0
NEG_09,Negombo,3,0,0.555,15.96,52.2,98.87,0.0
NEG_09,Negombo,4,0,0.505,14.82,58.2,99.27,0.0
NEG_09,Negombo,5,0,0.611,14.13,46.8,98.67,0.0
NEG_09,Negombo,6,0,0.672,15.8,51.4,98.81,0.0
NEG_09,Negombo,7,0,0.688,14.23,50.8,99.0,0.0
NEG_09,Negombo,8,0,0.543,14.44,47.7,99.24,0.0
NEG_09,Negombo,9,0,0.71,14.89,49.5,98.73,0.0
NEG_09,Negombo,10,0,0.595,14.49,50.2,98.99,0.0
NEG_09,Negombo,11,0,0.571,14.71,49.9,98.8,0.0
NEG_09,Negombo,12,0,0.568,15.28,43.5,99.28,0.0
NEG_09,Negombo,13,0,0.603,15.19,53.5,98.71,0.0
NEG_09,Negombo,14,0,0.54,14.2,49.6,99.06,0.0
NEG_09,Negombo,15,0,0.56,15.18,41.1,98.79,0.0
NEG_09,Negombo,16,0,0.665,14.72,47.3,98.72,0.0
NEG_09,Negombo,17,0,0.413,14.21,54.8,98.74,0.0
NEG_09,Negombo,18,0,0.567,13.42,44.1,99.18,0.0
NEG_09,Negombo,19,0,0.632,14.04,48.1,98.88,0.0
NEG_09,Negombo,20,0,0.523,13.62,50.0,99.03,0.0
NEG_09,Negombo,21,0,0.63,15.34,44.4,98.9,0.0
NEG_09,Negombo,22,0,0.579,14.77,49.8,98.72,0.0
NEG_09,Negombo,23,0,0.414,15.52,51.9,98.51,0.0
NEG_09,Negombo,24,0,0.623,14.55,48.9,98.69,0.0
NEG_09,Negombo,25,0,0.627,14.34,46.2,99.17,0.0
NEG_09,Negombo,26,0,0.584,14.73,53.4,98.72,0.0
NEG_10,Negombo,1,0,0.417,15.54,17.5,98.73,0.0
NEG_10,Negombo,2,0,0.314,15.27,14.7,98.37,0.0
NEG_10,Negombo,3,0,0.456,15.52,22.5,98.53,0.0
NEG_10,Negombo,4,0,0.319,15.41,22.6,99.14,0.0
NEG_10,Negombo,5,0,0.373,15.33,18.4,98.66,0.0
NEG_10,Negombo,6,0,0.395,15.07,22.0,98.84,0.0
NEG_10,Negombo,7,0,0.475,15.38,28.5,98.91,0.0
NEG_10,Negombo,8,0,0.45,14.93,23.1,98.7,0.0
NEG_10,Negombo,9,0,0.417,15.77,24.5,98.97,0.0
NEG_10,Negombo,10,0,0.351,15.83,28.0,98.92,0.0
NEG_10,Negombo,11,0,0.393,15.72,20.4,98.8,0.0
NEG_10,Negombo,12,0,0.402,14.5,25.9,98.44,0.0
NEG_10,Negombo,13,0,0.359,15.32,21.0,98.78,0.0
NEG_10,Negombo,14,0,0.388,14.8,26.2,98.56,0.0
NEG_10,Negombo,15,0,0.522,15.23,19.3,98.51,0.0
NEG_10,Negombo,16,0,0.453,15.05,18.5,98.97,0.0
NEG_10,Negombo,17,0,0.36,15.69,27.7,98.82,0.0
NEG_10,Negombo,18,0,0.528,14.26,20.7,98.69,0.0
NEG_10,Negombo,19,0,0.52,16.37,29.1,98.56,0.0
NEG_10,Negombo,20,0,0.344,14.8,20.8,99.13,0.0
NEG_10,Negombo,21,0,0.37,15.23,27.1,98.34,0.0
NEG_10,Negombo,22,0,0.388,14.64,22.8,98.61,0.0
NEG_10,Negombo,23,0,0.346,15.43,24.8,98.7,0.0
NEG_10,Negombo,24,0,0.407,14.77,26.7,98.7,0.0
NEG_10,Negombo,25,0,0.355,14.82,23.0,99.22,0.0
NEG_10,Negombo,26,0,0.381,14.61,27.6,98.64,0.0
NEG_11,Negombo,1,0,0.472,13.77,61.3,98.75,0.0
NEG_11,Negombo,2,0,0.474,13.08,68.3,97.81,0.0
NEG_11,Negombo,3,0,0.391,12.45,63.9,97.78,0.0
NEG_11,Negombo,4,0,0.526,13.24,68.7,98.45,0.0
NEG_11,Negombo,5,0,0.512,13.74,62.8,98.07,0.0
NEG_11,Negombo,6,0,0.421,12.58,60.5,98.23,0.0
NEG_11,Negombo,7,0,0.362,12.79,60.8,98.32,0.0
NEG_11,Negombo,8,0,0.587,13.04,57.0,97.73,0.0
NEG_11,Negombo,9,0,0.531,12.4,64.1,98.54,0.0
NEG_11,Negombo,10,0,0.397,13.26,65.8,98.44,0.0
NEG_11,Negombo,11,0,0.364,12.41,55.5,98.32,0.0
NEG_11,Negombo,12,0,0.515,11.31,59.4,98.39,0.0
NEG_11,Negombo,13,0,0.499,13.01,59.2,97.92,0.0
NEG_11,Negombo,14,0,0.489,12.96,63.1,98.36,0.0
NEG_11,Negombo,15,0,0.495,13.58,59.2,97.83,0.0
NEG_11,Negombo,16,0,0.518,13.0,62.6,97.87,0.0
NEG_11,Negombo,17,0,0.597,13.35,59.5,97.95,0.0
NEG_11,Negombo,18,0,0.554,12.26,69.7,98.03,0.0
NEG_11,Negombo,19,0,0.593,12.81,67.0,98.0,0.0
NEG_11,Negombo,20,0,0.491,13.41,63.3,98.46,0.0
NEG_11,Negombo,21,0,0.46,12.98,65.6,98.01,0.0
NEG_11,Negombo,22,0,0.524,12.79,61.5,98.21,0.0
NEG_11,Negombo,23,0,0.442,12.77,61.2,98.16,0.0
NEG_11,Negombo,24,0,0.584,13.53,61.8,98.0,0.0
NEG_11,Negombo,25,0,0.44,14.11,56.6,98.21,0.0
NEG_11,Negombo,26,0,0.511,12.74,56.6,97.99,0.0
NEG_12,Negombo,1,1,0.414,12.45,64.9,98.28,0.0
NEG_12,Negombo,2,1,0.444,12.65,61.1,98.42,0.0
NEG_12,Negombo,3,1,0.3,11.66,58.2,98.74,0.0
NEG_12,Negombo,4,1,0.316,11.73,57.6,98.5,0.0
NEG_12,Negombo,5,1,0.353,12.58,65.4,98.91,0.0
NEG_12,Negombo,6,1,0.494,11.68,57.8,98.77,0.0
NEG_12,Negombo,7,1,0.346,13.17,62.1,98.99,0.0
NEG_12,Negombo,8,1,0.436,13.29,59.6,98.57,0.0
NEG_12,Negombo,9,1,0.355,11.75,67.1,98.78,0.0
NEG_12,Negombo,10,1,0.353,13.44,58.7,98.13,0.0
NEG_12,Negombo,11,1,0.434,11.89,60.5,98.65,0.0
NEG_12,Negombo,12,1,0.397,13.16,63.6,98.73,0.0
NEG_12,Negombo,13,1,0.326,12.83,55.2,98.98,0.0
NEG_12,Negombo,14,1,0.289,12.45,56.0,98.41,0.0
NEG_12,Negombo,15,1,0.374,12.34,65.8,98.65,0.0
NEG_12,Negombo,16,1,0.346,12.58,66.1,98.82,0.0
NEG_12,Negombo,17,1,0.305,12.25,63.2,98.68,0.0
NEG_12,Negombo,18,1,0.31,13.1,57.7,98.92,0.0
NEG_12,Negombo,19,1,0.405,11.98,59.1,98.46,0.0
NEG_12,Negombo,20,1,0.383,12.53,56.7,98.25,0.0
NEG_12,Negombo,21,1,0.406,12.83,61.7,98.66,0.0
NEG_12,Negombo,22,1,0.336,12.77,71.4,98.89,0.0
NEG_12,Negombo,23,1,0.356,12.34,49.8,98.86,0.0
NEG_12,Negombo,24,1,0.421,12.33,55.5,98.3,0.0
NEG_12,Negombo,25,1,0.4,12.6,64.0,98.62,0.0
NEG_12,Negombo,26,1,0.431,12.88,64.6,98.07,0.0
RAT_01,Ratnapura,1,1,0.455,13.11,66.5,99.9,0.0
RAT_01,Ratnapura,2,1,0.215,13.69,61.1,99.74,0.0
RAT_01,Ratnapura,3,1,0.327,14.04,60.4,99.8,0.0
RAT_01,Ratnapura,4,1,0.207,13.51,58.7,99.33,0.0
RAT_01,Ratnapura,5,1,0.287,13.49,52.8,99.72,0.0
RAT_01,Ratnapura,6,1,0.258,14.71,58.9,99.9,0.0
RAT_01,Ratnapura,7,1,0.27,12.43,60.7,99.64,0.0
RAT_01,Ratnapura,8,1,0.257,12.92,58.3,99.9,0.0
RAT_01,Ratnapura,9,1,0.333,14.5,64.9,99.29,0.0
RAT_01,Ratnapura,10,1,0.206,12.47,60.6,99.63,0.0
RAT_01,Ratnapura,11,1,0.248,13.42,59.6,99.43,0.0
RAT_01,Ratnapura,12,1,0.202,13.55,62.8,99.79,0.0
RAT_01,Ratnapura,13,1,0.23,12.26,61.8,99.62,0.0
RAT_01,Ratnapura,14,1,0.208,12.52,52.3,99.56,0.0
RAT_01,Ratnapura,15,1,0.263,12.83,58.8,99.74,0.0
RAT_01,Ratnapura,16,1,0.411,12.53,58.7,99.84,0.0
RAT_01,Ratnapura,17,1,0.215,13.61,61.1,99.82,0.0
RAT_01,Ratnapura,18,1,1.75,10.42,55.3,98.95,0.0
RAT_01,Ratnapura,19,1,3.111,10.23,64.3,96.89,0.0
RAT_01,Ratnapura,20,1,4.493,8.72,57.4,96.81,0.0
RAT_01,Ratnapura,21,1,4.457,6.77,61.6,95.97,0.0
RAT_01,Ratnapura,22,1,4.515,8.41,57.6,96.53,0.0
RAT_01,Ratnapura,23,1,4.502,7.59,59.4,96.28,0.0
RAT_01,Ratnapura,24,1,4.423,7.88,60.2,95.89,0.0
RAT_01,Ratnapura,25,1,4.311,8.23,52.1,95.9,0.0
RAT_01,Ratnapura,26,1,4.339,7.09,61.7,96.1,0.0
RAT_02,Ratnapura,1,0,0.472,10.93,28.1,98.67,0.0
RAT_02,Ratnapura,2,0,0.408,10.61,31.3,98.88,0.0
RAT_02,Ratnapura,3,0,0.56,10.79,35.5,98.54,0.0
RAT_02,Ratnapura,4,0,0.488,11.6,38.7,99.2,0.0
RAT_02,Ratnapura,5,0,0.388,10.9,42.3,99.02,0.0
RAT_02,Ratnapura,6,0,0.281,11.35,33.1,99.09,0.0
RAT_02,Ratnapura,7,0,0.438,10.03,36.5,98.92,0.0
RAT_02,Ratnapura,8,0,0.436,11.42,41.5,98.97,0.0
RAT_02,Ratnapura,9,0,0.415,11.77,44.4,99.09,0.0
RAT_02,Ratnapura,10,0,0.426,11.34,36.5,98.87,0.0
RAT_02,Ratnapura,11,0,0.544,10.63,40.1,98.83,0.0
RAT_02,Ratnapura,12,0,0.325,10.97,33.3,99.01,0.0
RAT_02,Ratnapura,13,0,0.419,10.47,41.4,99.14,0.0
RAT_02,Ratnapura,14,0,0.509,11.22,35.3,99.04,0.0
RAT_02,Ratnapura,15,0,0.379,11.16,34.8,98.5,0.0
RAT_02,Ratnapura,16,0,0.421,10.81,34.5,98.95,0.0
RAT_02,Ratnapura,17,0,0.49,10.57,34.1,98.67,0.0
RAT_02,Ratnapura,18,0,0.364,10.72,34.7,99.01,0.0
RAT_02,Ratnapura,19,0,0.433,10.44,40.7,99.1,0.0
RAT_02,Ratnapura,20,0,0.36,11.81,36.8,98.82,0.0
RAT_02,Ratnapura,21,0,0.435,11.06,37.7,98.91,0.0
RAT_02,Ratnapura,22,0,0.394,9.86,37.6,98.77,0.0
RAT_02,Ratnapura,23,0,0.461,11.37,34.1,99.12,0.0
RAT_02,Ratnapura,24,0,0.426,11.18,34.9,99.28,0.0
RAT_02,Ratnapura,25,0,0.371,10.89,30.5,99.05,0.0
RAT_02,Ratnapura,26,0,0.379,10.8,33.4,98.88,0.0
RAT_03,Ratnapura,1,1,0.265,9.45,49.9,97.52,0.0
RAT_03,Ratnapura,2,1,0.248,7.25,49.6,97.55,0.0
RAT_03,Ratnapura,3,1,0.307,8.36,51.3,97.36,0.0
RAT_03,Ratnapura,4,1,0.27,10.24,47.9,97.37,0.0
RAT_03,Ratnapura,5,1,0.321,8.25,48.3,97.38,0.0
RAT_03,Ratnapura,6,1,0.284,8.87,43.4,97.28,0.0
RAT_03,Ratnapura,7,1,0.292,8.63,51.4,97.02,0.0
RAT_03,Ratnapura,8,1,0.239,8.52,48.1,97.67,0.0
RAT_03,Ratnapura,9,1,0.33,8.09,58.1,97.01,0.0
RAT_03,Ratnapura,10,1,0.277,9.21,42.1,97.06,0.0
RAT_03,Ratnapura,11,1,0.24,8.79,51.4,97.1,0.0
RAT_03,Ratnapura,12,1,0.267,9.31,51.2,97.13,0.0
RAT_03,Ratnapura,13,1,0.284,9.77,50.6,96.99,0.0
RAT_03,Ratnapura,14,1,0.16,7.81,48.1,97.09,0.0
RAT_03,Ratnapura,15,1,0.242,8.88,47.7,96.89,0.0
RAT_03,Ratnapura,16,1,0.312,9.49,45.5,97.18,0.0
RAT_03,Ratnapura,17,1,0.161,7.78,47.6,97.4,0.0
RAT_03,Ratnapura,18,1,0.228,8.18,50.1,97.13,0.0
RAT_03,Ratnapura,19,1,0.228,9.86,48.9,97.15,0.0
RAT_03,Ratnapura,20,1,0.251,8.93,54.9,97.54,0.0
RAT_03,Ratnapura,21,1,0.229,9.33,52.1,97.36,0.0
RAT_03,Ratnapura,22,1,0.269,8.56,53.7,97.36,0.0
RAT_03,Ratnapura,23,1,0.369,8.79,49.5,96.51,0.0
RAT_03,Ratnapura,24,1,0.178,8.43,45.5,97.32,0.0
RAT_03,Ratnapura,25,1,0.196,8.37,48.1,97.42,0.0
RAT_03,Ratnapura,26,1,0.238,8.94,50.7,97.35,0.0
RAT_04,Ratnapura,1,1,0.525,15.1,22.0,98.21,0.0
RAT_04,Ratnapura,2,1,0.542,15.57,24.6,98.7,0.0
RAT_04,Ratnapura,3,1,0.507,14.0,19.2,98.48,0.0
RAT_04,Ratnapura,4,1,0.559,14.12,20.5,98.24,0.0
RAT_04,Ratnapura,5,1,0.558,15.08,15.9,98.52,0.0
RAT_04,Ratnapura,6,1,0.652,14.3,19.8,98.67,0.0
RAT_04,Ratnapura,7,1,0.51,14.4,17.8,97.97,0.0
RAT_04,Ratnapura,8,1,0.56,13.66,21.9,98.72,0.0
RAT_04,Ratnapura,9,1,0.68,14.47,26.0,98.54,0.0
RAT_04,Ratnapura,10,1,0.546,13.26,28.5,98.18,0.0
RAT_04,Ratnapura,11,1,0.652,14.74,18.0,98.52,0.0
RAT_04,Ratnapura,12,1,0.697,15.33,19.9,98.26,0.0
RAT_04,Ratnapura,13,1,0.575,14.31,26.7,98.62,0.0
RAT_04,Ratnapura,14,1,0.467,14.69,21.2,98.45,0.0
RAT_04,Ratnapura,15,1,0.584,15.13,25.9,98.25,0.0
RAT_04,Ratnapura,16,1,0.566,14.14,15.2,98.41,0.0
RAT_04,Ratnapura,17,1,0.68,13.39,21.9,98.42,0.0
RAT_04,Ratnapura,18,1,0.586,13.84,16.2,98.09,0.0
RAT_04,Ratnapura,19,1,0.649,13.82,19.9,98.96,0.0
RAT_04,Ratnapura,20,1,0.525,14.62,26.2,98.69,0.0
RAT_04,Ratnapura,21,1,0.489,13.99,23.2,98.92,0.0
RAT_04,Ratnapura,22,1,0.523,14.12,23.6,98.59,0.0
RAT_04,Ratnapura,23,1,0.61,13.91,19.8,98.49,0.0
RAT_04,Ratnapura,24,1,0.645,14.27,21.9,98.18,0.0
RAT_04,Ratnapura,25,1,0.681,14.51,26.3,98.45,0.0
RAT_04,Ratnapura,26,1,0.574,13.51,13.3,98.75,0.0
RAT_05,Ratnapura,1,0,0.424,15.44,28.5,97.94,0.0
RAT_05,Ratnapura,2,0,0.572,14.76,32.7,98.06,0.0
RAT_05,Ratnapura,3,0,0.46,15.86,28.9,97.94,0.0
RAT_05,Ratnapura,4,0,0.544,15.79,32.6,97.0,0.0
RAT_05,Ratnapura,5,0,0.487,15.16,27.6,98.12,0.0
RAT_05,Ratnapura,6,0,0.477,15.44,26.7,98.34,0.0
RAT_05,Ratnapura,7,0,0.508,15.36,29.7,98.26,0.0
RAT_05,Ratnapura,8,0,0.522,14.97,31.7,98.01,0.0
RAT_05,Ratnapura,9,0,0.576,15.7,25.3,98.55,0.0
RAT_05,Ratnapura,10,0,0.335,15.42,25.0,98.44,0.0
RAT_05,Ratnapura,11,0,0.476,14.56,26.7,97.79,0.0
RAT_05,Ratnapura,12,0,0.443,14.84,24.8,98.04,0.0
RAT_05,Ratnapura,13,0,0.484,14.44,21.1,98.05,0.0
RAT_05,Ratnapura,14,0,0.493,15.47,30.0,98.36,0.0
RAT_05,Ratnapura,15,0,0.521,16.64,40.2,97.53,0.0
RAT_05,Ratnapura,16,0,0.329,15.03,29.8,97.95,0.0
RAT_05,Ratnapura,17,0,0.503,14.87,25.0,97.83,0.0
RAT_05,Ratnapura,18,0,0.449,15.54,25.8,97.9,0.0
RAT_05,Ratnapura,19,0,0.495,14.92,32.2,97.74,0.0
RAT_05,Ratnapura,20,0,0.393,15.22,29.4,97.75,0.0
RAT_05,Ratnapura,21,0,0.542,16.19,25.3,98.34,0.0
RAT_05,Ratnapura,22,0,0.318,15.68,24.3,98.21,0.0
RAT_05,Ratnapura,23,0,0.403,15.0,24.5,97.91,0.0
RAT_05,Ratnapura,24,0,0.571,14.97,36.2,97.87,0.0
RAT_05,Ratnapura,25,0,0.55,14.06,26.6,97.83,0.0
RAT_05,Ratnapura,26,0,0.553,15.15,19.4,97.64,0.0
RAT_06,Ratnapura,1,0,0.24,17.2,56.0,98.32,0.0
RAT_06,Ratnapura,2,0,0.332,16.99,56.5,98.06,0.0
RAT_06,Ratnapura,3,0,0.345,17.54,55.7,98.54,0.0
RAT_06,Ratnapura,4,0,0.302,17.46,54.7,98.1,0.0
RAT_06,Ratnapura,5,0,0.357,15.95,55.6,98.29,0.0
RAT_06,Ratnapura,6,0,0.281,17.03,51.6,98.52,0.0
RAT_06,Ratnapura,7,0,0.312,16.56,59.8,98.44,0.0
RAT_06,Ratnapura,8,0,0.346,17.78,60.1,98.53,0.0
RAT_06,Ratnapura,9,0,0.29,16.07,55.3,98.66,0.0
RAT_06,Ratnapura,10,0,0.329,14.86,57.9,98.62,0.0
RAT_06,Ratnapura,11,0,0.29,17.52,57.0,98.22,0.0
RAT_06,Ratnapura,12,0,0.385,16.17,54.2,98.35,0.0
RAT_06,Ratnapura,13,0,0.259,17.11,59.7,98.7,0.0
RAT_06,Ratnapura,14,0,0.352,15.91,49.1,98.43,0.0
RAT_06,Ratnapura,15,0,0.306,16.63,62.1,98.42,0.0
RAT_06,Ratnapura,16,0,0.341,17.52,54.7,99.04,0.0
RAT_06,Ratnapura,17,0,0.252,16.56,50.7,98.78,0.0
RAT_06,Ratnapura,18,0,0.356,16.6,51.0,98.74,0.0
RAT_06,Ratnapura,19,0,0.33,17.77,54.2,98.52,0.0
RAT_06,Ratnapura,20,0,0.326,16.55,53.9,98.09,0.0
RAT_06,Ratnapura,21,0,0.338,17.39,58.4,98.56,0.0
RAT_06,Ratnapura,22,0,0.301,17.86,58.0,98.74,0.0
RAT_06,Ratnapura,23,0,0.395,16.85,56.0,98.58,0.0
RAT_06,Ratnapura,24,0,0.239,16.25,49.3,98.36,0.0
RAT_06,Ratnapura,25,0,0.288,16.07,55.1,98.37,0.0
RAT_06,Ratnapura,26,0,0.379,18.14,56.3,98.22,0.0
RAT_07,Ratnapura,1,1,0.589,14.83,48.2,98.17,0.0
RAT_07,Ratnapura,2,1,0.566,14.34,36.7,97.85,0.0
RAT_07,Ratnapura,3,1,0.499,12.99,36.8,98.4,0.0
RAT_07,Ratnapura,4,1,0.563,14.3,42.5,97.51,0.0
RAT_07,Ratnapura,5,1,0.557,15.29,40.4,97.55,0.0
RAT_07,Ratnapura,6,1,0.516,15.29,41.9,97.64,0.0
RAT_07,Ratnapura,7,1,0.683,13.77,39.9,97.74,0.0
RAT_07,Ratnapura,8,1,0.478,14.25,43.4,98.32,0.0
RAT_07,Ratnapura,9,1,0.517,13.92,42.8,98.12,0.0
RAT_07,Ratnapura,10,1,0.555,14.69,40.4,98.02,0.0
RAT_07,Ratnapura,11,1,0.53,15.17,49.8,98.04,0.0
RAT_07,Ratnapura,12,1,0.54,14.68,38.2,98.19,0.0
RAT_07,Ratnapura,13,1,0.567,14.27,44.5,98.0,0.0
RAT_07,Ratnapura,14,1,0.482,14.74,41.8,98.24,0.0
RAT_07,Ratnapura,15,1,0.59,14.46,39.0,98.0,0.0
RAT_07,Ratnapura,16,1,0.562,14.81,42.1,97.97,0.0
RAT_07,Ratnapura,17,1,0.6,14.12,50.8,98.19,0.0
RAT_07,Ratnapura,18,1,0.473,14.64,44.0,97.91,0.0
RAT_07,Ratnapura,19,1,0.451,13.9,43.0,97.56,0.0
RAT_07,Ratnapura,20,1,0.454,14.85,40.0,97.82,0.0
RAT_07,Ratnapura,21,1,0.511,13.64,42.8,97.8,0.0
RAT_07,Ratnapura,22,1,0.508,14.73,39.9,97.82,0.0
RAT_07,Ratnapura,23,1,0.421,14.74,41.2,97.87,0.0
RAT_07,Ratnapura,24,1,0.478,14.53,42.8,98.02,0.0
RAT_07,Ratnapura,25,1,0.639,14.95,40.4,98.18,0.0
RAT_07,Ratnapura,26,1,0.543,14.55,46.1,97.77,0.0
RAT_08,Ratnapura,1,0,0.578,17.78,45.7,98.43,0.0
RAT_08,Ratnapura,2,0,0.396,17.39,44.3,97.99,0.0
RAT_08,Ratnapura,3,0,0.327,16.63,52.1,98.09,0.0
RAT_08,Ratnapura,4,0,0.485,18.17,48.1,98.27,0.0
RAT_08,Ratnapura,5,0,0.461,17.34,52.8,98.81,0.0
RAT_08,Ratnapura,6,0,0.54,16.3,46.3,98.34,0.0
RAT_08,Ratnapura,7,0,0.481,16.56,41.0,98.67,0.0
RAT_08,Ratnapura,8,0,0.42,16.7,43.6,98.44,0.0
RAT_08,Ratnapura,9,0,0.404,17.74,44.1,97.91,0.0
RAT_08,Ratnapura,10,0,0.539,17.83,46.7,98.21,0.0
RAT_08,Ratnapura,11,0,0.541,17.95,52.6,98.2,0.0
RAT_08,Ratnapura,12,0,0.456,17.83,45.8,98.32,0.0
RAT_08,Ratnapura,13,0,0.418,17.83,42.7,98.48,0.0
RAT_08,Ratnapura,14,0,0.472,17.47,49.8,98.25,0.0
RAT_08,Ratnapura,15,0,0.413,17.92,50.4,98.21,0.0
RAT_08,Ratnapura,16,0,0.418,17.48,45.8,98.72,0.0
RAT_08,Ratnapura,17,0,0.472,17.6,44.3,98.53,0.0
RAT_08,Ratnapura,18,0,0.417,17.2,51.1,98.44,0.0
RAT_08,Ratnapura,19,0,0.303,17.5,48.5,98.26,0.0
RAT_08,Ratnapura,20,0,0.463,16.51,36.7,98.1,0.0
RAT_08,Ratnapura,21,0,0.47,15.66,44.6,97.86,0.0
RAT_08,Ratnapura,22,0,0.439,18.77,47.1,98.31,0.0
RAT_08,Ratnapura,23,0,0.504,17.61,47.2,98.57,0.0
RAT_08,Ratnapura,24,0,0.482,17.77,47.5,98.26,0.0
RAT_08,Ratnapura,25,0,0.508,17.39,52.9,98.08,0.0
RAT_08,Ratnapura,26,0,0.539,17.88,44.1,98.47,0.0
RAT_09,Ratnapura,1,1,0.291,13.95,38.8,98.59,0.0
RAT_09,Ratnapura,2,1,0.318,15.54,40.9,98.35,0.0
RAT_09,Ratnapura,3,1,0.316,14.45,36.3,98.82,0.0
RAT_09,Ratnapura,4,1,0.418,14.61,40.4,98.71,0.0
RAT_09,Ratnapura,5,1,0.362,14.83,40.1,98.63,0.0
RAT_09,Ratnapura,6,1,0.312,14.18,36.5,98.33,0.0
RAT_09,Ratnapura,7,1,0.271,14.99,39.1,98.17,0.0
RAT_09,Ratnapura,8,1,0.345,14.48,38.4,98.24,0.0
RAT_09,Ratnapura,9,1,0.278,14.9,31.5,98.45,0.0
RAT_09,Ratnapura,10,1,0.339,14.51,38.7,98.91,0.0
RAT_09,Ratnapura,11,1,0.263,15.11,27.6,98.86,0.0
RAT_09,Ratnapura,12,1,0.236,16.05,36.1,98.83,0.0
RAT_09,Ratnapura,13,1,0.424,14.33,36.2,98.3,0.0
RAT_09,Ratnapura,14,1,0.406,14.33,34.4,98.64,0.0
RAT_09,Ratnapura,15,1,0.305,14.39,38.1,98.35,0.0
RAT_09,Ratnapura,16,1,0.329,15.51,36.9,98.42,0.0
RAT_09,Ratnapura,17,1,0.348,14.86,33.5,98.61,0.0
RAT_09,Ratnapura,18,1,0.374,13.51,44.9,98.87,0.0
RAT_09,Ratnapura,19,1,0.311,13.91,38.6,98.15,0.0
RAT_09,Ratnapura,20,1,0.441,14.31,44.2,98.3,0.0
RAT_09,Ratnapura,21,1,0.352,15.35,36.4,98.57,0.0
RAT_09,Ratnapura,22,1,0.425,14.25,32.6,98.14,0.0
RAT_09,Ratnapura,23,1,0.394,14.82,41.9,98.44,0.0
RAT_09,Ratnapura,24,1,0.273,13.18,49.1,98.64,0.0
RAT_09,Ratnapura,25,1,0.367,14.75,31.9,98.31,0.0
RAT_09,Ratnapura,26,1,0.464,14.98,34.6,98.2,0.0
RAT_10,Ratnapura,1,0,0.394,12.91,72.2,98.77,0.0
RAT_10,Ratnapura,2,0,0.386,13.2,68.5,98.05,0.0
RAT_10,Ratnapura,3,0,0.37,13.87,67.1,98.95,0.0
RAT_10,Ratnapura,4,0,0.425,12.6,63.5,98.22,0.0
RAT_10,Ratnapura,5,0,0.472,14.21,77.1,98.47,0.0
RAT_10,Ratnapura,6,0,0.365,12.93,72.0,98.42,0.0
RAT_10,Ratnapura,7,0,0.364,14.65,70.1,98.8,0.0
RAT_10,Ratnapura,8,0,0.283,15.29,69.1,98.65,0.0
RAT_10,Ratnapura,9,0,0.43,13.38,73.9,98.69,0.0
RAT_10,Ratnapura,10,0,0.335,13.26,70.8,98.44,0.0
RAT_10,Ratnapura,11,0,0.461,14.1,70.4,98.62,0.0
RAT_10,Ratnapura,12,0,0.255,13.31,71.8,98.75,0.0
RAT_10,Ratnapura,13,0,0.39,14.55,74.1,98.35,0.0
RAT_10,Ratnapura,14,0,0.369,13.92,68.8,98.85,0.0
RAT_10,Ratnapura,15,0,0.311,13.87,73.6,98.39,0.0
RAT_10,Ratnapura,16,0,0.345,13.63,73.9,98.34,0.0
RAT_10,Ratnapura,17,0,0.314,14.37,72.2,98.72,0.0
RAT_10,Ratnapura,18,0,0.423,14.99,75.1,98.29,0.0
RAT_10,Ratnapura,19,0,0.406,13.35,68.8,98.12,0.0
RAT_10,Ratnapura,20,0,0.361,14.01,70.4,98.19,0.0
RAT_10,Ratnapura,21,0,0.286,14.95,71.9,98.26,0.0
RAT_10,Ratnapura,22,0,0.406,14.99,73.1,97.77,0.0
RAT_10,Ratnapura,23,0,0.537,12.57,69.8,98.18,0.0
RAT_10,Ratnapura,24,0,0.333,13.85,62.4,98.45,0.0
RAT_10,Ratnapura,25,0,0.447,13.17,65.1,98.43,0.0
RAT_10,Ratnapura,26,0,0.358,13.32,65.9,98.6,0.0
RAT_11,Ratnapura,1,1,0.621,11.69,27.1,98.79,0.0
RAT_11,Ratnapura,2,1,0.523,11.64,33.8,98.87,0.0
RAT_11,Ratnapura,3,1,0.535,11.69,40.2,99.0,0.0
RAT_11,Ratnapura,4,1,0.583,11.81,27.9,98.98,0.0
RAT_11,Ratnapura,5,1,0.542,11.38,31.0,98.45,0.0
RAT_11,Ratnapura,6,1,0.597,12.14,32.7,98.68,0.0
RAT_11,Ratnapura,7,1,0.492,10.45,26.3,98.51,0.0
RAT_11,Ratnapura,8,1,0.48,11.9,35.2,98.66,0.0
RAT_11,Ratnapura,9,1,0.618,11.26,31.4,98.68,0.0
RAT_11,Ratnapura,10,1,0.599,11.79,32.5,98.28,0.0
RAT_11,Ratnapura,11,1,0.479,12.39,23.6,99.03,0.0
RAT_11,Ratnapura,12,1,0.563,11.28,28.6,99.17,0.0
RAT_11,Ratnapura,13,1,0.618,11.66,32.5,98.53,0.0
RAT_11,Ratnapura,14,1,0.541,11.32,31.6,99.15,0.0
RAT_11,Ratnapura,15,1,0.528,11.1,26.5,98.73,0.0
RAT_11,Ratnapura,16,1,0.488,11.88,25.5,98.87,0.0
RAT_11,Ratnapura,17,1,0.47,11.76,30.6,99.13,0.0
RAT_11,Ratnapura,18,1,0.544,12.9,34.2,99.05,0.0
RAT_11,Ratnapura,19,1,0.521,11.94,36.8,98.92,0.0
RAT_11,Ratnapura,20,1,0.565,11.53,31.3,98.98,0.0
RAT_11,Ratnapura,21,1,0.614,11.37,29.0,98.47,0.0
RAT_11,Ratnapura,22,1,0.583,11.17,35.2,98.83,0.0
RAT_11,Ratnapura,23,1,0.501,12.67,26.1,99.11,0.0
RAT_11,Ratnapura,24,1,0.552,10.49,38.3,98.94,0.0
RAT_11,Ratnapura,25,1,0.508,11.15,25.7,99.3,0.0
RAT_11,Ratnapura,26,1,0.478,10.97,33.0,98.29,0.0
RAT_12,Ratnapura,1,0,0.278,16.72,47.1,98.59,0.0
RAT_12,Ratnapura,2,0,0.359,16.53,45.3,98.29,0.0
RAT_12,Ratnapura,3,0,0.442,16.47,49.4,98.35,0.0
RAT_12,Ratnapura,4,0,0.306,16.81,54.7,98.44,0.0
RAT_12,Ratnapura,5,0,0.363,17.44,53.6,98.73,0.0
RAT_12,Ratnapura,6,0,0.392,18.48,54.9,98.16,0.0
RAT_12,Ratnapura,7,0,0.363,17.51,57.7,98.09,0.0
RAT_12,Ratnapura,8,0,0.346,16.68,52.1,98.28,0.0
RAT_12,Ratnapura,9,0,0.341,16.24,53.2,98.38,0.0
RAT_12,Ratnapura,10,0,0.322,18.26,48.5,98.42,0.0
RAT_12,Ratnapura,11,0,0.319,17.21,58.9,98.35,0.0
RAT_12,Ratnapura,12,0,0.279,18.21,48.8,97.93,0.0
RAT_12,Ratnapura,13,0,0.268,16.34,42.8,98.24,0.0
RAT_12,Ratnapura,14,0,0.308,17.8,52.6,98.48,0.0
RAT_12,Ratnapura,15,0,0.259,17.62,55.6,98.43,0.0
RAT_12,Ratnapura,16,0,0.338,16.33,54.3,98.77,0.0
RAT_12,Ratnapura,17,0,0.332,16.73,49.4,98.22,0.0
RAT_12,Ratnapura,18,0,0.291,17.48,51.2,98.58,0.0
RAT_12,Ratnapura,19,0,0.335,16.57,48.0,98.19,0.0
RAT_12,Ratnapura,20,0,0.854,17.54,66.5,98.14,0.0
RAT_12,Ratnapura,21,0,1.424,15.02,68.2,97.33,0.0
RAT_12,Ratnapura,22,0,2.067,14.26,77.6,96.91,0.0
RAT_12,Ratnapura,23,0,1.969,15.62,80.1,97.11,0.0
RAT_12,Ratnapura,24,0,2.015,14.82,77.0,97.38,0.0
RAT_12,Ratnapura,25,0,1.989,14.9,74.9,97.38,0.0
RAT_12,Ratnapura,26,0,1.904,14.65,78.4,97.01,0.0
TRI_01,Trincomalee,1,1,0.193,18.44,30.1,98.71,0.0
TRI_01,Trincomalee,2,1,0.21,19.29,22.1,98.06,0.0
TRI_01,Trincomalee,3,1,0.352,18.3,31.1,98.57,0.0
TRI_01,Trincomalee,4,1,0.281,18.19,25.8,98.66,0.0
TRI_01,Trincomalee,5,1,0.286,18.87,36.8,98.54,0.0
TRI_01,Trincomalee,6,1,0.173,19.08,25.6,98.54,0.0
TRI_01,Trincomalee,7,1,0.231,17.75,32.8,98.52,0.0
TRI_01,Trincomalee,8,1,0.277,17.52,29.0,98.27,0.0
TRI_01,Trincomalee,9,1,0.235,17.94,37.1,98.4,0.0
TRI_01,Trincomalee,10,1,0.119,18.85,31.5,98.43,0.0
TRI_01,Trincomalee,11,1,0.22,17.44,37.5,98.47,0.0
TRI_01,Trincomalee,12,1,0.142,18.21,34.5,98.5,0.0
TRI_01,Trincomalee,13,1,0.192,17.42,26.0,98.84,0.0
TRI_01,Trincomalee,14,1,0.242,17.0,31.2,98.5,0.0
TRI_01,Trincomalee,15,1,0.22,17.4,25.4,98.73,0.0
TRI_01,Trincomalee,16,1,0.261,18.3,30.7,98.54,0.0
TRI_01,Trincomalee,17,1,0.218,17.89,34.4,98.81,0.0
TRI_01,Trincomalee,18,1,0.173,17.89,33.1,98.93,0.0
TRI_01,Trincomalee,19,1,0.353,17.53,34.8,98.48,0.0
TRI_01,Trincomalee,20,1,0.309,18.49,24.6,98.6,0.0
TRI_01,Trincomalee,21,1,0.307,18.0,28.7,98.07,0.0
TRI_01,Trincomalee,22,1,0.288,18.14,26.0,98.38,0.0
TRI_01,Trincomalee,23,1,0.256,17.68,29.7,98.02,0.0
TRI_01,Trincomalee,24,1,0.328,18.02,25.3,97.85,0.0
TRI_01,Trincomalee,25,1,0.308,18.35,30.5,98.68,0.0
TRI_01,Trincomalee,26,1,0.298,18.13,28.7,98.36,0.0
TRI_02,Trincomalee,1,0,0.653,19.12,49.4,99.43,0.0
TRI_02,Trincomalee,2,0,0.64,18.08,41.8,99.09,0.0
TRI_02,Trincomalee,3,0,0.529,17.48,44.3,99.34,0.0
TRI_02,Trincomalee,4,0,0.617,18.46,51.8,99.38,0.0
TRI_02,Trincomalee,5,0,0.602,17.05,43.5,99.48,0.0
TRI_02,Trincomalee,6,0,0.482,17.82,39.0,99.32,0.0
TRI_02,Trincomalee,7,0,0.482,18.2,47.3,99.71,0.0
TRI_02,Trincomalee,8,0,0.579,17.25,40.9,99.81,0.0
TRI_02,Trincomalee,9,0,0.53,17.62,46.4,99.5,0.0
TRI_02,Trincomalee,10,0,0.462,18.42,42.7,99.5,0.0
TRI_02,Trincomalee,11,0,0.476,17.49,41.1,99.9,0.0
TRI_02,Trincomalee,12,0,0.524,18.71,44.7,99.48,0.0
TRI_02,Trincomalee,13,0,0.41,17.58,40.0,99.45,0.0
TRI_02,Trincomalee,14,0,0.568,18.71,51.5,99.44,0.0
TRI_02,Trincomalee,15,0,0.605,19.09,41.7,99.75,0.0
TRI_02,Trincomalee,16,0,0.583,18.1,42.1,99.48,0.0
TRI_02,Trincomalee,17,0,0.367,18.17,39.8,99.36,0.0
TRI_02,Trincomalee,18,0,0.534,17.26,45.9,99.75,0.0
TRI_02,Trincomalee,19,0,0.485,18.09,37.9,99.82,0.0
TRI_02,Trincomalee,20,0,0.52,18.29,44.7,99.47,0.0
TRI_02,Trincomalee,21,0,0.418,18.71,45.4,99.5,0.0
TRI_02,Trincomalee,22,0,0.533,18.89,47.2,99.49,0.0
TRI_02,Trincomalee,23,0,0.42,17.34,41.4,99.9,0.0
TRI_02,Trincomalee,24,0,0.465,17.77,40.2,99.5,0.0
TRI_02,Trincomalee,25,0,0.508,17.36,47.0,99.6,0.0
TRI_02,Trincomalee,26,0,0.658,17.43,49.0,99.9,0.0
TRI_03,Trincomalee,1,0,0.296,14.85,31.0,97.98,0.0
TRI_03,Trincomalee,2,0,0.355,13.31,30.6,97.96,0.0
TRI_03,Trincomalee,3,0,0.391,13.96,32.9,98.14,0.0
TRI_03,Trincomalee,4,0,0.392,13.61,31.1,98.21,0.0
TRI_03,Trincomalee,5,0,0.412,13.38,31.3,97.94,0.0
TRI_03,Trincomalee,6,0,0.394,13.44,29.8,98.15,0.0
TRI_03,Trincomalee,7,0,0.442,14.54,29.6,98.13,0.0
TRI_03,Trincomalee,8,0,0.278,13.97,26.2,97.72,0.0
TRI_03,Trincomalee,9,0,0.412,13.1,29.0,97.84,0.0
TRI_03,Trincomalee,10,0,0.436,12.91,31.8,97.87,0.0
TRI_03,Trincomalee,11,0,0.442,13.98,24.7,98.22,0.0
TRI_03,Trincomalee,12,0,0.356,13.61,28.3,98.06,0.0
TRI_03,Trincomalee,13,0,0.545,13.55,30.2,97.91,0.0
TRI_03,Trincomalee,14,0,0.304,14.34,33.3,97.7,0.0
TRI_03,Trincomalee,15,0,0.331,13.48,35.8,97.68,0.0
TRI_03,Trincomalee,16,0,0.459,13.42,28.3,97.85,0.0
TRI_03,Trincomalee,17,0,0.497,12.64,29.1,98.2,0.0
TRI_03,Trincomalee,18,0,0.405,13.0,35.9,98.22,0.0
TRI_03,Trincomalee,19,0,0.412,13.11,30.2,98.03,0.0
TRI_03,Trincomalee,20,0,0.314,14.27,38.8,97.9,0.0
TRI_03,Trincomalee,21,0,0.414,14.18,39.8,98.35,0.0
TRI_03,Trincomalee,22,0,0.288,13.28,34.0,97.84,0.0
TRI_03,Trincomalee,23,0,0.499,14.45,28.8,97.92,0.0
TRI_03,Trincomalee,24,0,0.347,13.36,31.1,98.2,0.0
TRI_03,Trincomalee,25,0,0.339,11.9,25.6,97.71,0.0
TRI_03,Trincomalee,26,0,0.353,13.59,27.7,97.66,0.0
TRI_04,Trincomalee,1,1,0.298,11.27,40.0,98.14,0.0
TRI_04,Trincomalee,2,1,0.383,10.91,36.6,98.04,0.0
TRI_04,Trincomalee,3,1,0.246,11.56,43.7,97.97,0.0
TRI_04,Trincomalee,4,1,0.312,10.81,31.0,97.99,0.0
TRI_04,Trincomalee,5,1,0.293,11.36,35.9,97.77,0.0
TRI_04,Trincomalee,6,1,0.282,11.9,31.4,98.09,0.0
TRI_04,Trincomalee,7,1,0.337,11.13,38.2,97.8,0.0
TRI_04,Trincomalee,8,1,0.373,11.82,37.0,98.46,0.0
TRI_04,Trincomalee,9,1,0.3,11.23,42.3,98.64,0.0
TRI_04,Trincomalee,10,1,0.278,11.53,41.0,98.16,0.0
TRI_04,Trincomalee,11,1,0.356,12.07,34.5,98.29,0.0
TRI_04,Trincomalee,12,1,0.32,10.87,32.8,98.02,0.0
TRI_04,Trincomalee,13,1,0.376,12.18,39.8,98.29,0.0
TRI_04,Trincomalee,14,1,0.345,11.77,38.4,98.3,0.0
TRI_04,Trincomalee,15,1,0.236,11.13,32.7,98.46,0.0
TRI_04,Trincomalee,16,1,0.419,10.3,43.1,98.2,0.0
TRI_04,Trincomalee,17,1,0.381,11.9,42.6,98.23,0.0
TRI_04,Trincomalee,18,1,0.238,11.54,38.9,98.13,0.0
TRI_04,Trincomalee,19,1,0.359,11.56,34.4,97.91,0.0
TRI_04,Trincomalee,20,1,0.296,11.72,29.0,97.99,0.0
TRI_04,Trincomalee,21,1,0.2,11.23,41.6,97.89,0.0
TRI_04,Trincomalee,22,1,0.362,13.31,42.6,98.22,0.0
TRI_04,Trincomalee,23,1,0.371,10.78,30.5,98.19,0.0
TRI_04,Trincomalee,24,1,0.344,12.26,34.5,98.23,0.0
TRI_04,Trincomalee,25,1,0.329,11.52,36.5,97.97,0.0
TRI_04,Trincomalee,26,1,0.337,11.72,35.0,98.35,0.0
TRI_05,Trincomalee,1,0,0.539,17.03,33.6,98.96,0.0
TRI_05,Trincomalee,2,0,0.657,16.1,28.7,99.11,0.0
TRI_05,Trincomalee,3,0,0.584,15.45,34.5,98.71,0.0
TRI_05,Trincomalee,4,0,0.684,16.41,30.4,99.05,0.0
TRI_05,Trincomalee,5,0,0.502,15.91,26.9,98.12,0.0
TRI_05,Trincomalee,6,0,0.646,15.93,34.1,98.77,0.0
TRI_05,Trincomalee,7,0,0.63,15.99,27.4,98.69,0.0
TRI_05,Trincomalee,8,0,0.649,16.23,27.6,98.37,0.0
TRI_05,Trincomalee,9,0,0.606,15.93,30.2,98.61,0.0
TRI_05,Trincomalee,10,0,0.567,16.44,32.7,99.16,0.0
TRI_05,Trincomalee,11,0,0.639,17.22,27.2,98.27,0.0
TRI_05,Trincomalee,12,0,0.593,16.78,33.3,98.97,0.0
TRI_05,Trincomalee,13,0,0.442,17.01,31.8,98.28,0.0
TRI_05,Trincomalee,14,0,0.637,16.36,32.0,98.92,0.0
TRI_05,Trincomalee,15,0,0.62,15.38,29.9,98.27,0.0
TRI_05,Trincomalee,16,0,0.633,17.1,25.5,98.5,0.0
TRI_05,Trincomalee,17,0,0.541,15.99,32.1,98.56,0.0
TRI_05,Trincomalee,18,0,0.633,16.9,34.9,98.39,0.0
TRI_05,Trincomalee,19,0,0.677,17.14,36.7,98.63,0.0
TRI_05,Trincomalee,20,0,0.549,15.67,26.0,98.67,0.0
TRI_05,Trincomalee,21,0,0.645,17.05,28.5,98.66,0.0
TRI_05,Trincomalee,22,0,0.588,15.88,33.4,98.76,0.0
TRI_05,Trincomalee,23,0,0.602,16.48,32.9,98.82,0.0
TRI_05,Trincomalee,24,0,0.544,16.8,31.5,98.56,0.0
TRI_05,Trincomalee,25,0,0.608,16.47,34.8,98.41,0.0
TRI_05,Trincomalee,26,0,0.673,16.28,28.4,98.54,0.0
TRI_06,Trincomalee,1,0,0.355,9.95,56.1,99.77,0.0
TRI_06,Trincomalee,2,0,0.275,9.84,43.3,99.51,0.0
TRI_06,Trincomalee,3,0,0.367,10.69,58.4,99.9,0.0
TRI_06,Trincomalee,4,0,0.174,9.59,58.1,99.9,0.0
TRI_06,Trincomalee,5,0,0.392,9.83,47.6,99.79,0.0
TRI_06,Trincomalee,6,0,0.311,10.91,53.7,99.8,0.0
TRI_06,Trincomalee,7,0,0.314,10.21,55.3,99.62,0.0
TRI_06,Trincomalee,8,0,0.246,10.8,46.2,99.9,0.0
TRI_06,Trincomalee,9,0,0.195,9.62,56.7,99.8,0.0
TRI_06,Trincomalee,10,0,0.231,10.23,53.1,99.75,0.0
TRI_06,Trincomalee,11,0,0.272,9.95,50.5,99.9,0.0
TRI_06,Trincomalee,12,0,0.295,9.75,50.6,99.9,0.0
TRI_06,Trincomalee,13,0,0.211,10.19,51.8,99.44,0.0
TRI_06,Trincomalee,14,0,0.261,10.16,49.3,99.86,0.0
TRI_06,Trincomalee,15,0,0.414,10.08,47.0,99.59,0.0
TRI_06,Trincomalee,16,0,0.293,9.76,53.4,99.88,0.0
TRI_06,Trincomalee,17,0,0.414,9.97,48.2,99.9,0.0
TRI_06,Trincomalee,18,0,0.386,10.11,51.8,99.9,0.0
TRI_06,Trincomalee,19,0,0.297,8.74,55.1,99.9,0.0
TRI_06,Trincomalee,20,0,0.396,9.54,53.7,99.86,0.0
TRI_06,Trincomalee,21,0,0.315,10.04,53.0,99.85,0.0
TRI_06,Trincomalee,22,0,0.354,10.71,49.8,99.76,0.0
TRI_06,Trincomalee,23,0,0.284,9.63,46.3,99.81,0.0
TRI_06,Trincomalee,24,0,0.339,9.88,52.8,99.9,0.0
TRI_06,Trincomalee,25,0,0.394,9.72,48.1,99.78,0.0
TRI_06,Trincomalee,26,0,0.423,9.28,55.4,99.9,0.0
TRI_07,Trincomalee,1,0,0.1,15.39,49.9,98.33,0.0
TRI_07,Trincomalee,2,0,0.191,14.84,44.8,98.71,0.0
TRI_07,Trincomalee,3,0,0.108,15.33,51.4,98.47,0.0
TRI_07,Trincomalee,4,0,0.089,15.87,48.0,98.34,0.0
TRI_07,Trincomalee,5,0,0.05,16.27,51.1,98.58,0.0
TRI_07,Trincomalee,6,0,0.149,15.9,51.8,98.51,0.0
TRI_07,Trincomalee,7,0,0.062,14.86,51.4,98.24,0.0
TRI_07,Trincomalee,8,0,0.206,15.79,49.0,98.34,0.0
TRI_07,Trincomalee,9,0,0.128,15.53,52.9,98.43,0.0
TRI_07,Trincomalee,10,0,0.05,14.28,50.3,98.55,0.0
TRI_07,Trincomalee,11,0,0.098,16.31,51.7,98.75,0.0
TRI_07,Trincomalee,12,0,0.189,16.2,47.0,98.42,0.0
TRI_07,Trincomalee,13,0,0.193,15.73,54.1,98.07,0.0
TRI_07,Trincomalee,14,0,0.235,15.09,43.9,98.33,0.0
TRI_07,Trincomalee,15,0,0.05,14.92,62.1,98.32,0.0
TRI_07,Trincomalee,16,0,0.05,15.58,48.3,98.63,0.0
TRI_07,Trincomalee,17,0,0.067,15.73,47.3,99.06,0.0
TRI_07,Trincomalee,18,0,0.15,15.48,50.7,98.27,0.0
TRI_07,Trincomalee,19,0,0.074,15.09,58.6,98.27,0.0
TRI_07,Trincomalee,20,0,0.05,14.87,55.6,98.35,0.0
TRI_07,Trincomalee,21,0,0.112,16.27,48.7,98.57,0.0
TRI_07,Trincomalee,22,0,0.08,15.91,50.3,98.35,0.0
TRI_07,Trincomalee,23,0,0.169,16.02,51.2,98.29,0.0
TRI_07,Trincomalee,24,0,0.216,15.92,50.3,98.25,0.0
TRI_07,Trincomalee,25,0,0.181,15.64,51.2,98.44,0.0
TRI_07,Trincomalee,26,0,0.14,15.53,56.7,98.73,0.0
TRI_08,Trincomalee,1,1,0.492,17.98,43.3,98.99,0.0
TRI_08,Trincomalee,2,1,0.405,18.9,40.0,99.13,0.0
TRI_08,Trincomalee,3,1,0.439,18.45,41.0,98.8,0.0
TRI_08,Trincomalee,4,1,0.536,17.65,41.8,99.13,0.0
TRI_08,Trincomalee,5,1,0.572,17.58,40.1,99.09,0.0
TRI_08,Trincomalee,6,1,0.557,18.95,39.8,99.0,0.0
TRI_08,Trincomalee,7,1,0.595,19.26,40.1,98.9,0.0
TRI_08,Trincomalee,8,1,0.547,17.73,41.1,99.14,0.0
TRI_08,Trincomalee,9,1,0.617,17.29,50.1,98.94,0.0
TRI_08,Trincomalee,10,1,0.545,19.03,45.4,99.01,0.0
TRI_08,Trincomalee,11,1,0.568,17.97,46.2,99.03,0.0
TRI_08,Trincomalee,12,1,0.576,17.24,40.1,98.73,0.0
TRI_08,Trincomalee,13,1,0.521,17.16,41.3,98.81,0.0
TRI_08,Trincomalee,14,1,0.613,17.48,39.0,99.15,0.0
TRI_08,Trincomalee,15,1,0.626,18.0,44.0,99.41,0.0
TRI_08,Trincomalee,16,1,0.577,18.33,41.8,99.2,0.0
TRI_08,Trincomalee,17,1,1.319,16.55,50.5,98.64,0.0
TRI_08,Trincomalee,18,1,2.303,14.62,40.6,97.38,0.0
TRI_08,Trincomalee,19,1,3.143,13.87,45.1,97.22,0.0
TRI_08,Trincomalee,20,1,3.177,14.76,42.0,96.37,0.0
TRI_08,Trincomalee,21,1,3.08,13.62,46.4,96.88,0.0
TRI_08,Trincomalee,22,1,3.095,14.71,52.0,97.27,0.0
TRI_08,Trincomalee,23,1,3.199,14.52,49.1,97.12,0.0
TRI_08,Trincomalee,24,1,3.033,15.51,43.9,96.65,0.0
TRI_08,Trincomalee,25,1,3.132,14.82,41.7,96.71,0.0
TRI_08,Trincomalee,26,1,3.185,14.76,47.6,96.7,0.0
TRI_09,Trincomalee,1,1,0.542,16.7,55.9,98.82,0.0
TRI_09,Trincomalee,2,1,0.578,16.83,61.7,98.55,0.0
TRI_09,Trincomalee,3,1,0.449,17.17,53.6,98.58,0.0
TRI_09,Trincomalee,4,1,0.509,16.79,57.0,98.74,0.0
TRI_09,Trincomalee,5,1,0.515,17.24,61.0,99.27,0.0
TRI_09,Trincomalee,6,1,0.556,17.38,56.2,99.02,0.0
TRI_09,Trincomalee,7,1,0.571,18.04,49.4,98.84,0.0
TRI_09,Trincomalee,8,1,0.567,17.23,53.2,98.57,0.0
TRI_09,Trincomalee,9,1,0.595,16.79,49.9,99.11,0.0
TRI_09,Trincomalee,10,1,0.575,17.18,53.3,98.87,0.0
TRI_09,Trincomalee,11,1,0.62,16.28,50.7,98.74,0.0
TRI_09,Trincomalee,12,1,0.546,16.95,59.5,99.17,0.0
TRI_09,Trincomalee,13,1,0.564,17.58,58.0,98.9,0.0
TRI_09,Trincomalee,14,1,0.47,16.63,51.6,98.86,0.0
TRI_09,Trincomalee,15,1,0.561,16.38,57.2,98.68,0.0
TRI_09,Trincomalee,16,1,0.483,16.87,52.5,99.05,0.0
TRI_09,Trincomalee,17,1,0.537,17.74,55.2,98.8,0.0
TRI_09,Trincomalee,18,1,0.66,16.27,62.1,99.31,0.0
TRI_09,Trincomalee,19,1,0.593,17.05,62.7,98.82,0.0
TRI_09,Trincomalee,20,1,0.505,17.01,54.7,98.66,0.0
TRI_09,Trincomalee,21,1,1.736,15.76,53.4,97.53,253.0
TRI_09,Trincomalee,22,1,2.923,16.63,51.4,96.87,0.0
TRI_09,Trincomalee,23,1,4.168,15.04,49.3,95.98,115.0
TRI_09,Trincomalee,24,1,4.088,14.49,44.1,95.99,408.0
TRI_09,Trincomalee,25,1,4.2,15.11,54.4,95.5,0.0
TRI_09,Trincomalee,26,1,4.066,14.96,51.3,95.79,97.0
TRI_10,Trincomalee,1,0,0.608,11.11,55.4,98.14,0.0
TRI_10,Trincomalee,2,0,0.682,10.37,58.5,98.39,0.0
TRI_10,Trincomalee,3,0,0.572,10.08,47.0,97.8,0.0
TRI_10,Trincomalee,4,0,0.715,11.09,50.0,97.75,0.0
TRI_10,Trincomalee,5,0,0.515,11.6,52.1,98.44,0.0
TRI_10,Trincomalee,6,0,0.632,11.58,51.5,97.65,0.0
TRI_10,Trincomalee,7,0,0.542,10.26,56.2,97.82,0.0
TRI_10,Trincomalee,8,0,0.651,11.16,51.3,97.63,0.0
TRI_10,Trincomalee,9,0,0.612,10.95,56.1,97.74,0.0
TRI_10,Trincomalee,10,0,0.631,12.06,53.6,98.12,0.0
TRI_10,Trincomalee,11,0,0.628,12.22,54.0,98.09,0.0
TRI_10,Trincomalee,12,0,0.592,10.61,47.7,98.24,0.0
TRI_10,Trincomalee,13,0,0.534,11.53,54.2,98.15,0.0
TRI_10,Trincomalee,14,0,0.563,10.61,54.0,97.85,0.0
TRI_10,Trincomalee,15,0,0.52,12.24,49.3,97.67,0.0
TRI_10,Trincomalee,16,0,0.58,11.83,43.8,98.21,0.0
TRI_10,Trincomalee,17,0,0.539,11.24,49.8,98.42,0.0
TRI_10,Trincomalee,18,0,0.602,10.65,51.3,97.94,0.0
TRI_10,Trincomalee,19,0,0.605,11.34,52.5,97.58,0.0
TRI_10,Trincomalee,20,0,0.574,11.44,49.8,98.09,0.0
TRI_10,Trincomalee,21,0,0.596,10.95,57.3,97.49,0.0
TRI_10,Trincomalee,22,0,0.554,11.82,59.8,98.49,0.0
TRI_10,Trincomalee,23,0,0.597,11.35,55.8,98.24,0.0
TRI_10,Trincomalee,24,0,0.613,11.64,54.4,98.05,0.0
TRI_10,Trincomalee,25,0,0.539,10.88,50.4,97.62,0.0
TRI_10,Trincomalee,26,0,0.495,10.83,51.5,97.95,0.0
TRI_11,Trincomalee,1,0,0.502,14.88,37.7,97.83,0.0
TRI_11,Trincomalee,2,0,0.494,14.82,43.3,98.06,0.0
TRI_11,Trincomalee,3,0,0.621,15.72,48.5,98.1,0.0
TRI_11,Trincomalee,4,0,0.56,14.7,44.0,97.8,0.0
TRI_11,Trincomalee,5,0,0.44,15.9,35.7,98.07,0.0
TRI_11,Trincomalee,6,0,0.475,15.67,45.7,98.09,0.0
TRI_11,Trincomalee,7,0,0.603,14.99,49.6,98.15,0.0
TRI_11,Trincomalee,8,0,0.474,15.03,40.1,97.9,0.0
TRI_11,Trincomalee,9,0,0.428,15.22,35.1,97.33,0.0
TRI_11,Trincomalee,10,0,0.507,14.54,37.2,97.18,0.0
TRI_11,Trincomalee,11,0,0.477,14.88,38.1,98.06,0.0
TRI_11,Trincomalee,12,0,0.611,15.3,44.8,98.24,0.0
TRI_11,Trincomalee,13,0,0.467,15.25,44.6,97.85,0.0
TRI_11,Trincomalee,14,0,0.48,15.31,34.7,97.69,0.0
TRI_11,Trincomalee,15,0,0.488,15.26,41.5,98.22,0.0
TRI_11,Trincomalee,16,0,0.472,14.4,42.8,97.76,0.0
TRI_11,Trincomalee,17,0,0.492,13.88,41.8,98.34,0.0
TRI_11,Trincomalee,18,0,0.466,15.6,40.4,97.52,0.0
TRI_11,Trincomalee,19,0,0.474,14.42,39.4,98.06,0.0
TRI_11,Trincomalee,20,0,0.639,14.13,38.7,97.74,0.0
TRI_11,Trincomalee,21,0,0.452,15.05,40.7,97.51,0.0
TRI_11,Trincomalee,22,0,0.529,14.27,40.7,98.28,0.0
TRI_11,Trincomalee,23,0,0.556,15.1,38.5,97.98,0.0
TRI_11,Trincomalee,24,0,0.562,15.27,40.3,98.01,0.0
TRI_11,Trincomalee,25,0,0.449,14.55,43.5,98.17,0.0
TRI_11,Trincomalee,26,0,0.533,15.88,42.7,97.9,0.0
TRI_12,Trincomalee,1,0,0.319,18.3,49.1,99.78,0.0
TRI_12,Trincomalee,2,0,0.29,18.71,55.1,99.9,0.0
TRI_12,Trincomalee,3,0,0.272,18.95,56.5,99.5,0.0
TRI_12,Trincomalee,4,0,0.363,18.98,55.9,99.87,0.0
TRI_12,Trincomalee,5,0,0.379,17.26,59.0,99.68,0.0
TRI_12,Trincomalee,6,0,0.345,18.31,49.0,99.68,0.0
TRI_12,Trincomalee,7,0,0.341,18.11,51.5,99.64,0.0
TRI_12,Trincomalee,8,0,0.318,19.29,45.5,99.9,0.0
TRI_12,Trincomalee,9,0,0.291,18.59,52.3,99.8,0.0
TRI_12,Trincomalee,10,0,0.291,17.61,50.8,99.9,0.0
TRI_12,Trincomalee,11,0,0.186,18.51,52.5,99.56,0.0
TRI_12,Trincomalee,12,0,0.398,17.67,49.5,99.75,0.0
TRI_12,Trincomalee,13,0,0.233,18.24,54.6,99.86,0.0
TRI_12,Trincomalee,14,0,0.272,17.82,56.6,99.77,0.0
TRI_12,Trincomalee,15,0,0.249,19.13,53.5,99.9,0.0
TRI_12,Trincomalee,16,0,0.353,19.01,56.8,99.8,0.0
TRI_12,Trincomalee,17,0,0.275,18.09,45.3,99.9,0.0
TRI_12,Trincomalee,18,0,0.294,18.74,53.5,99.9,0.0
TRI_12,Trincomalee,19,0,1.414,16.12,49.8,98.52,0.0
TRI_12,Trincomalee,20,0,2.664,16.12,56.9,97.61,350.0
TRI_12,Trincomalee,21,0,3.885,16.24,48.2,96.51,270.0
TRI_12,Trincomalee,22,0,3.869,16.6,47.1,96.83,0.0
TRI_12,Trincomalee,23,0,3.895,14.86,42.2,96.8,381.0
TRI_12,Trincomalee,24,0,3.997,16.12,40.1,96.41,63.0
TRI_12,Trincomalee,25,0,3.933,16.52,45.5,96.42,0.0
TRI_12,Trincomalee,26,0,3.765,16.57,43.4,96.25,0.0
