customer_id,region,home_cell,language,plan,data_quota_gb,monthly_spend_lkr,months_with_hutch,overage_charges_lkr,complaints_last_month,_hidden_profile,_hidden_mobility,_hidden_price_sensitive,_hidden_promo_exposure,churned_next_30d
HUT100000,Jaffna,JAF_03,Tamil,Max 40GB,40,1996,69,0.0,0,healthy,static,1,0.05,0
HUT100001,Galle,GAL_11,Sinhala,Value 15GB,15,1128,38,0.0,0,healthy,commuter,1,0.05,1
HUT100002,Ratnapura,RAT_10,Sinhala,Lite 5GB,5,576,17,0.0,0,traveller,commuter,1,0.05,0
HUT100003,Ratnapura,RAT_01,English,Unlimited,100,3694,6,0.0,1,network,commuter,1,0.05,1
HUT100004,Jaffna,JAF_10,English,Lite 5GB,5,623,53,0.0,2,network,commuter,0,0.05,1
HUT100005,Gampaha,GAM_06,Sinhala,Lite 5GB,5,579,10,0.0,0,traveller,commuter,1,0.552,0
HUT100006,Gampaha,GAM_12,English,Max 40GB,40,1706,33,0.0,2,network,commuter,1,0.552,1
HUT100007,Gampaha,GAM_12,Sinhala,Max 40GB,40,2099,22,0.0,0,network,commuter,0,0.552,0
HUT100008,Negombo,NEG_01,English,Value 15GB,15,1182,64,0.0,0,plan_too_small,commuter,0,0.552,0
HUT100009,Gampaha,GAM_01,English,Lite 5GB,5,493,3,340.0,2,bill_shock,commuter,0,0.552,1
HUT100010,Jaffna,JAF_07,Tamil,Lite 5GB,5,609,63,255.0,2,bill_shock,commuter,0,0.05,1
HUT100011,Ratnapura,RAT_04,Sinhala,Lite 5GB,5,506,10,0.0,0,healthy,commuter,0,0.05,0
HUT100012,Kandy,KAN_05,Sinhala,Max 40GB,40,2101,6,0.0,0,network,static,1,0.552,1
HUT100013,Ratnapura,RAT_03,Sinhala,Max 40GB,40,2005,49,0.0,0,plan_too_big,static,0,0.05,0
HUT100014,Batticaloa,BAT_04,Tamil,Unlimited,100,3080,30,0.0,0,healthy,static,0,0.05,0
HUT100015,Ratnapura,RAT_12,Sinhala,Value 15GB,15,1286,53,0.0,0,healthy,commuter,0,0.05,0
HUT100016,Anuradhapura,ANU_06,English,Unlimited,100,3862,33,0.0,0,plan_too_big,commuter,0,0.05,0
HUT100017,Gampaha,GAM_06,English,Max 40GB,40,2061,23,0.0,0,healthy,static,1,0.552,0
HUT100018,Kurunegala,KUR_11,Sinhala,Unlimited,100,3733,10,0.0,0,plan_too_big,commuter,0,0.552,0
HUT100019,Negombo,NEG_10,Sinhala,Value 15GB,15,1095,53,0.0,0,healthy,commuter,1,0.552,1
HUT100020,Jaffna,JAF_03,Tamil,Value 15GB,15,1036,26,471.0,0,bill_shock,commuter,1,0.05,0
HUT100021,Batticaloa,BAT_12,Tamil,Value 15GB,15,1018,57,0.0,0,plan_too_small,commuter,0,0.05,0
HUT100022,Negombo,NEG_10,Sinhala,Unlimited,100,3324,34,0.0,0,plan_too_small,commuter,0,0.552,0
HUT100023,Jaffna,JAF_08,English,Lite 5GB,5,550,70,0.0,0,healthy,static,0,0.05,0
HUT100024,Colombo,COL_04,Sinhala,Max 40GB,40,1953,48,0.0,0,healthy,commuter,1,0.05,0
HUT100025,Gampaha,GAM_07,Sinhala,Unlimited,100,3520,5,880.0,1,bill_shock,static,1,0.552,0
HUT100026,Jaffna,JAF_01,Tamil,Value 15GB,15,1006,40,521.0,0,bill_shock,commuter,1,0.05,0
HUT100027,Trincomalee,TRI_08,Tamil,Max 40GB,40,2005,22,0.0,0,healthy,static,0,0.05,0
HUT100028,Kandy,KAN_10,Sinhala,Value 15GB,15,1135,33,0.0,2,network,commuter,1,0.552,0
HUT100029,Kurunegala,KUR_06,Sinhala,Max 40GB,40,1892,61,0.0,0,traveller,commuter,0,0.552,1
HUT100030,Kandy,KAN_05,Sinhala,Value 15GB,15,1081,26,0.0,0,bored,commuter,1,0.552,1
HUT100031,Kandy,KAN_06,Sinhala,Value 15GB,15,911,33,0.0,0,healthy,commuter,1,0.552,1
HUT100032,Jaffna,JAF_12,Tamil,Max 40GB,40,2273,4,0.0,0,healthy,commuter,0,0.05,0
HUT100033,Ratnapura,RAT_01,Sinhala,Lite 5GB,5,494,41,0.0,0,healthy,static,0,0.05,0
HUT100034,Anuradhapura,ANU_02,English,Max 40GB,40,1765,41,236.0,1,bill_shock,static,1,0.05,0
HUT100035,Ratnapura,RAT_12,Sinhala,Value 15GB,15,1183,59,0.0,0,plan_too_big,commuter,0,0.05,0
HUT100036,Anuradhapura,ANU_02,English,Value 15GB,15,921,7,0.0,1,network,commuter,0,0.05,1
HUT100037,Colombo,COL_07,Sinhala,Unlimited,100,3154,42,0.0,0,healthy,commuter,0,0.05,0
HUT100038,Gampaha,GAM_06,Sinhala,Max 40GB,40,2186,71,0.0,0,bored,roamer,1,0.552,1
HUT100039,Matara,MAT_09,Sinhala,Value 15GB,15,959,64,0.0,0,plan_too_small,static,0,0.05,0
HUT100040,Kandy,KAN_04,Sinhala,Value 15GB,15,1196,59,0.0,0,traveller,static,1,0.552,0
HUT100041,Trincomalee,TRI_04,Tamil,Max 40GB,40,2233,64,0.0,0,traveller,commuter,0,0.05,0
HUT100042,Galle,GAL_11,Sinhala,Value 15GB,15,1019,30,0.0,0,bored,static,0,0.05,0
HUT100043,Batticaloa,BAT_07,Tamil,Value 15GB,15,1020,39,0.0,0,plan_too_big,commuter,0,0.05,0
HUT100044,Anuradhapura,ANU_03,Sinhala,Value 15GB,15,919,3,0.0,0,healthy,static,1,0.05,0
HUT100045,Batticaloa,BAT_05,English,Lite 5GB,5,567,48,0.0,0,healthy,static,0,0.05,0
HUT100046,Kurunegala,KUR_03,Sinhala,Value 15GB,15,1161,72,0.0,0,traveller,static,1,0.552,0
HUT100047,Negombo,NEG_07,Sinhala,Lite 5GB,5,508,72,0.0,0,healthy,commuter,0,0.552,0
HUT100048,Trincomalee,TRI_09,Sinhala,Unlimited,100,3653,25,0.0,0,healthy,static,1,0.05,0
HUT100049,Colombo,COL_02,Tamil,Lite 5GB,5,551,53,0.0,0,healthy,commuter,0,0.05,0
HUT100050,Negombo,NEG_03,Sinhala,Max 40GB,40,2159,39,0.0,0,plan_too_small,commuter,0,0.552,0
HUT100051,Colombo,COL_10,Sinhala,Max 40GB,40,2246,10,0.0,0,healthy,commuter,0,0.05,0
HUT100052,Galle,GAL_05,Sinhala,Value 15GB,15,1164,22,0.0,0,plan_too_big,commuter,1,0.05,0
HUT100053,Jaffna,JAF_10,Tamil,Lite 5GB,5,491,47,0.0,0,healthy,commuter,0,0.05,0
HUT100054,Batticaloa,BAT_06,Tamil,Value 15GB,15,1216,9,0.0,0,healthy,static,1,0.05,0
HUT100055,Ratnapura,RAT_02,Sinhala,Unlimited,100,2898,15,0.0,0,healthy,static,0,0.05,0
HUT100056,Anuradhapura,ANU_11,Sinhala,Lite 5GB,5,453,50,0.0,0,healthy,static,1,0.05,0
HUT100057,Negombo,NEG_07,English,Unlimited,100,3042,56,0.0,0,plan_too_small,commuter,0,0.552,0
HUT100058,Kurunegala,KUR_08,English,Value 15GB,15,1169,65,0.0,0,traveller,roamer,0,0.552,0
HUT100059,Negombo,NEG_09,Sinhala,Lite 5GB,5,596,67,0.0,0,plan_too_small,static,1,0.552,0
HUT100060,Negombo,NEG_08,Sinhala,Lite 5GB,5,636,35,0.0,0,network,commuter,0,0.552,1
HUT100061,Anuradhapura,ANU_02,English,Lite 5GB,5,451,27,0.0,0,healthy,commuter,0,0.05,0
HUT100062,Colombo,COL_05,English,Value 15GB,15,1084,58,0.0,0,healthy,static,0,0.05,0
HUT100063,Batticaloa,BAT_08,English,Max 40GB,40,1965,36,0.0,0,bored,static,0,0.05,1
HUT100064,Ratnapura,RAT_10,Sinhala,Max 40GB,40,1996,46,0.0,0,plan_too_big,commuter,1,0.05,0
HUT100065,Kandy,KAN_09,Sinhala,Max 40GB,40,2092,70,0.0,0,healthy,commuter,0,0.552,0
HUT100066,Negombo,NEG_07,Sinhala,Lite 5GB,5,515,51,0.0,0,healthy,commuter,0,0.552,0
HUT100067,Negombo,NEG_04,Sinhala,Value 15GB,15,1006,9,226.0,0,bill_shock,static,0,0.552,0
HUT100068,Gampaha,GAM_11,English,Max 40GB,40,2098,31,0.0,0,network,static,1,0.552,1
HUT100069,Trincomalee,TRI_01,Tamil,Value 15GB,15,1065,70,531.0,0,bill_shock,static,1,0.05,0
HUT100070,Negombo,NEG_06,Sinhala,Unlimited,100,2819,53,0.0,0,traveller,commuter,0,0.552,0
HUT100071,Trincomalee,TRI_08,English,Value 15GB,15,1223,10,0.0,1,network,commuter,0,0.05,1
HUT100072,Kandy,KAN_01,Sinhala,Max 40GB,40,1782,64,0.0,0,plan_too_big,static,0,0.552,0
HUT100073,Kurunegala,KUR_06,Sinhala,Lite 5GB,5,473,35,0.0,0,healthy,roamer,0,0.552,0
HUT100074,Gampaha,GAM_06,Sinhala,Value 15GB,15,1279,21,0.0,0,traveller,commuter,0,0.552,0
HUT100075,Anuradhapura,ANU_04,Sinhala,Lite 5GB,5,593,24,0.0,0,plan_too_big,commuter,0,0.05,0
HUT100076,Gampaha,GAM_04,English,Lite 5GB,5,454,69,845.0,0,bill_shock,commuter,0,0.552,1
HUT100077,Negombo,NEG_01,English,Max 40GB,40,1773,9,0.0,0,bored,commuter,0,0.552,0
HUT100078,Batticaloa,BAT_11,English,Value 15GB,15,1090,36,0.0,0,network,static,1,0.05,0
HUT100079,Galle,GAL_02,Sinhala,Value 15GB,15,1151,34,0.0,0,healthy,roamer,0,0.05,0
HUT100080,Gampaha,GAM_02,English,Unlimited,100,3076,52,0.0,0,healthy,static,0,0.552,0
HUT100081,Colombo,COL_07,Tamil,Unlimited,100,2821,18,0.0,0,traveller,commuter,0,0.05,0
HUT100082,Anuradhapura,ANU_10,Sinhala,Lite 5GB,5,511,16,0.0,0,healthy,commuter,1,0.05,0
HUT100083,Matara,MAT_02,Sinhala,Unlimited,100,3593,27,0.0,0,healthy,commuter,1,0.05,0
HUT100084,Kurunegala,KUR_05,English,Lite 5GB,5,581,37,0.0,0,bored,commuter,1,0.552,0
HUT100085,Kurunegala,KUR_05,Sinhala,Unlimited,100,3022,24,0.0,0,plan_too_big,commuter,1,0.552,1
HUT100086,Galle,GAL_09,English,Lite 5GB,5,552,61,0.0,0,traveller,commuter,0,0.05,0
HUT100087,Anuradhapura,ANU_05,Sinhala,Value 15GB,15,1189,62,0.0,0,healthy,commuter,1,0.05,0
HUT100088,Ratnapura,RAT_01,Sinhala,Lite 5GB,5,588,18,0.0,0,healthy,static,1,0.05,0
HUT100089,Gampaha,GAM_05,Sinhala,Lite 5GB,5,577,18,0.0,0,plan_too_big,commuter,1,0.552,0
HUT100090,Matara,MAT_04,Sinhala,Lite 5GB,5,598,66,0.0,0,healthy,commuter,0,0.05,0
HUT100091,Trincomalee,TRI_09,Sinhala,Value 15GB,15,970,67,0.0,0,network,commuter,0,0.05,0
HUT100092,Galle,GAL_11,Sinhala,Value 15GB,15,1004,49,0.0,0,healthy,commuter,0,0.05,0
HUT100093,Anuradhapura,ANU_05,English,Unlimited,100,3165,71,0.0,1,network,commuter,1,0.05,0
HUT100094,Negombo,NEG_07,English,Unlimited,100,2841,41,0.0,0,traveller,static,0,0.552,0
HUT100095,Jaffna,JAF_05,Tamil,Value 15GB,15,1066,44,0.0,1,network,commuter,0,0.05,0
HUT100096,Anuradhapura,ANU_01,English,Lite 5GB,5,565,58,0.0,0,plan_too_small,commuter,0,0.05,0
HUT100097,Trincomalee,TRI_12,Tamil,Value 15GB,15,1135,62,0.0,2,network,commuter,1,0.05,0
HUT100098,Anuradhapura,ANU_11,Sinhala,Lite 5GB,5,635,45,0.0,0,traveller,commuter,0,0.05,0
HUT100099,Anuradhapura,ANU_05,Sinhala,Max 40GB,40,1794,19,0.0,0,plan_too_big,static,0,0.05,0
HUT100100,Ratnapura,RAT_02,Sinhala,Max 40GB,40,2125,63,0.0,0,traveller,commuter,0,0.05,0
HUT100101,Negombo,NEG_12,Sinhala,Lite 5GB,5,492,23,0.0,0,healthy,commuter,0,0.552,0
HUT100102,Galle,GAL_11,English,Lite 5GB,5,625,46,0.0,0,healthy,static,1,0.05,0
HUT100103,Negombo,NEG_10,English,Value 15GB,15,1148,42,0.0,0,bored,static,0,0.552,0
HUT100104,Negombo,NEG_11,Sinhala,Lite 5GB,5,609,39,0.0,0,traveller,static,0,0.552,0
HUT100105,Ratnapura,RAT_04,Sinhala,Lite 5GB,5,568,12,0.0,0,plan_too_small,commuter,0,0.05,0
HUT100106,Gampaha,GAM_08,English,Unlimited,100,3498,47,365.0,0,bill_shock,static,0,0.552,0
HUT100107,Kandy,KAN_11,English,Value 15GB,15,1000,44,0.0,0,healthy,commuter,1,0.552,0
HUT100108,Matara,MAT_04,English,Lite 5GB,5,612,64,0.0,0,traveller,commuter,0,0.05,0
HUT100109,Colombo,COL_07,English,Value 15GB,15,1224,24,317.0,1,bill_shock,static,1,0.05,0
HUT100110,Kurunegala,KUR_10,English,Lite 5GB,5,478,13,0.0,0,healthy,commuter,1,0.552,0
HUT100111,Anuradhapura,ANU_06,English,Lite 5GB,5,561,67,0.0,0,traveller,static,1,0.05,0
HUT100112,Jaffna,JAF_01,Tamil,Unlimited,100,3628,36,0.0,0,healthy,commuter,0,0.05,0
HUT100113,Trincomalee,TRI_02,Tamil,Max 40GB,40,2157,57,0.0,0,healthy,commuter,0,0.05,0
HUT100114,Ratnapura,RAT_09,Sinhala,Value 15GB,15,1063,49,736.0,1,bill_shock,commuter,0,0.05,0
HUT100115,Ratnapura,RAT_12,Sinhala,Max 40GB,40,1952,7,0.0,0,healthy,static,0,0.05,0
HUT100116,Ratnapura,RAT_08,Sinhala,Max 40GB,40,1848,53,0.0,0,traveller,commuter,0,0.05,0
HUT100117,Matara,MAT_04,English,Lite 5GB,5,591,35,0.0,0,plan_too_big,commuter,0,0.05,1
HUT100118,Colombo,COL_09,Sinhala,Max 40GB,40,1853,67,0.0,0,traveller,commuter,0,0.05,0
HUT100119,Kurunegala,KUR_10,Sinhala,Unlimited,100,2967,32,0.0,0,healthy,static,0,0.552,0
HUT100120,Gampaha,GAM_03,Sinhala,Max 40GB,40,1814,7,402.0,2,bill_shock,static,0,0.552,0
HUT100121,Anuradhapura,ANU_05,English,Max 40GB,40,1752,14,0.0,2,network,static,0,0.05,0
HUT100122,Gampaha,GAM_07,English,Unlimited,100,3018,10,0.0,0,healthy,commuter,1,0.552,0
HUT100123,Galle,GAL_03,Sinhala,Lite 5GB,5,620,56,0.0,0,healthy,static,1,0.05,0
HUT100124,Matara,MAT_07,Sinhala,Lite 5GB,5,451,61,0.0,0,healthy,commuter,0,0.05,0
HUT100125,Galle,GAL_12,Sinhala,Value 15GB,15,953,59,791.0,0,bill_shock,commuter,0,0.05,1
HUT100126,Trincomalee,TRI_04,Sinhala,Value 15GB,15,1155,61,0.0,0,plan_too_big,static,1,0.05,0
HUT100127,Gampaha,GAM_10,Sinhala,Lite 5GB,5,563,9,0.0,0,healthy,commuter,1,0.552,0
HUT100128,Kandy,KAN_12,English,Lite 5GB,5,551,62,0.0,0,bored,commuter,1,0.552,1
HUT100129,Ratnapura,RAT_07,English,Value 15GB,15,1220,51,0.0,0,bored,static,0,0.05,0
HUT100130,Trincomalee,TRI_05,Sinhala,Value 15GB,15,1085,27,0.0,0,traveller,commuter,0,0.05,0
HUT100131,Ratnapura,RAT_12,English,Value 15GB,15,1086,12,0.0,0,network,roamer,1,0.05,0
HUT100132,Anuradhapura,ANU_03,English,Lite 5GB,5,621,23,0.0,0,traveller,commuter,1,0.05,0
HUT100133,Anuradhapura,ANU_01,Sinhala,Lite 5GB,5,561,33,0.0,0,healthy,commuter,1,0.05,0
HUT100134,Kurunegala,KUR_07,English,Value 15GB,15,1052,56,0.0,0,healthy,commuter,0,0.552,0
HUT100135,Ratnapura,RAT_12,Sinhala,Value 15GB,15,1117,36,0.0,0,healthy,static,0,0.05,0
HUT100136,Anuradhapura,ANU_02,Sinhala,Value 15GB,15,1143,52,0.0,0,network,commuter,0,0.05,1
HUT100137,Gampaha,GAM_05,Sinhala,Max 40GB,40,1818,44,201.0,1,bill_shock,commuter,1,0.552,0
HUT100138,Ratnapura,RAT_10,English,Lite 5GB,5,456,31,0.0,0,healthy,commuter,0,0.05,0
HUT100139,Batticaloa,BAT_03,English,Value 15GB,15,1013,48,0.0,0,healthy,commuter,0,0.05,0
HUT100140,Matara,MAT_12,English,Value 15GB,15,1017,67,456.0,0,bill_shock,commuter,0,0.05,0
HUT100141,Batticaloa,BAT_10,Tamil,Lite 5GB,5,544,49,0.0,0,healthy,roamer,0,0.05,0
HUT100142,Gampaha,GAM_01,Sinhala,Value 15GB,15,1157,10,0.0,0,plan_too_big,commuter,1,0.552,0
HUT100143,Kurunegala,KUR_05,Sinhala,Lite 5GB,5,591,68,0.0,0,plan_too_big,commuter,1,0.552,0
HUT100144,Jaffna,JAF_06,English,Lite 5GB,5,514,37,0.0,2,network,static,0,0.05,0
HUT100145,Galle,GAL_12,English,Max 40GB,40,2135,11,0.0,0,plan_too_big,commuter,0,0.05,0
HUT100146,Kandy,KAN_08,Sinhala,Lite 5GB,5,502,57,558.0,1,bill_shock,static,0,0.552,0
HUT100147,Ratnapura,RAT_12,English,Max 40GB,40,1737,15,0.0,0,healthy,commuter,0,0.05,0
HUT100148,Gampaha,GAM_02,English,Lite 5GB,5,574,45,0.0,3,network,commuter,0,0.552,1
HUT100149,Negombo,NEG_08,English,Value 15GB,15,1097,44,0.0,0,network,static,0,0.552,1
HUT100150,Kandy,KAN_11,Sinhala,Max 40GB,40,1937,44,298.0,0,bill_shock,commuter,0,0.552,0
HUT100151,Ratnapura,RAT_03,Sinhala,Max 40GB,40,2201,27,0.0,0,plan_too_small,commuter,0,0.05,0
HUT100152,Negombo,NEG_09,Sinhala,Max 40GB,40,1745,25,0.0,0,plan_too_big,commuter,0,0.552,0
HUT100153,Gampaha,GAM_01,Sinhala,Max 40GB,40,1848,48,0.0,0,healthy,commuter,1,0.552,0
HUT100154,Colombo,COL_04,Tamil,Lite 5GB,5,591,53,0.0,0,traveller,static,0,0.05,0
HUT100155,Trincomalee,TRI_10,Sinhala,Value 15GB,15,956,59,0.0,0,plan_too_big,static,0,0.05,0
HUT100156,Anuradhapura,ANU_03,English,Max 40GB,40,1792,2,0.0,0,healthy,commuter,0,0.05,0
HUT100157,Gampaha,GAM_04,Sinhala,Value 15GB,15,1282,6,0.0,0,plan_too_big,commuter,0,0.552,0
HUT100158,Matara,MAT_03,Sinhala,Max 40GB,40,1787,57,0.0,0,traveller,static,0,0.05,0
HUT100159,Anuradhapura,ANU_12,Sinhala,Value 15GB,15,980,54,0.0,0,healthy,static,1,0.05,0
HUT100160,Negombo,NEG_09,English,Value 15GB,15,969,24,0.0,0,healthy,static,0,0.552,0
HUT100161,Gampaha,GAM_03,Sinhala,Value 15GB,15,1163,20,0.0,0,healthy,commuter,1,0.552,0
HUT100162,Gampaha,GAM_09,Sinhala,Lite 5GB,5,455,72,0.0,0,plan_too_big,commuter,0,0.552,0
HUT100163,Gampaha,GAM_04,English,Max 40GB,40,2232,8,0.0,1,network,static,0,0.552,1
HUT100164,Kurunegala,KUR_05,Sinhala,Lite 5GB,5,597,27,0.0,0,healthy,commuter,1,0.552,1
HUT100165,Batticaloa,BAT_09,Tamil,Value 15GB,15,1252,48,0.0,0,healthy,static,0,0.05,0
HUT100166,Batticaloa,BAT_08,English,Lite 5GB,5,501,30,0.0,0,healthy,commuter,0,0.05,0
HUT100167,Trincomalee,TRI_06,Tamil,Value 15GB,15,1140,60,0.0,0,plan_too_big,commuter,1,0.05,0
HUT100168,Kurunegala,KUR_03,Sinhala,Unlimited,100,3599,71,0.0,0,healthy,commuter,0,0.552,0
HUT100169,Matara,MAT_05,Sinhala,Lite 5GB,5,493,7,0.0,0,plan_too_small,static,0,0.05,0
HUT100170,Negombo,NEG_05,English,Max 40GB,40,1829,30,0.0,0,plan_too_big,commuter,0,0.552,0
HUT100171,Trincomalee,TRI_05,Tamil,Max 40GB,40,1982,67,760.0,0,bill_shock,static,0,0.05,0
HUT100172,Negombo,NEG_01,Sinhala,Max 40GB,40,1720,41,0.0,0,traveller,static,0,0.552,0
HUT100173,Negombo,NEG_10,English,Unlimited,100,3227,41,274.0,0,bill_shock,commuter,0,0.552,0
HUT100174,Galle,GAL_06,Sinhala,Max 40GB,40,2158,8,0.0,0,bored,static,1,0.05,1
HUT100175,Negombo,NEG_06,Sinhala,Value 15GB,15,1019,33,0.0,0,plan_too_big,static,1,0.552,0
HUT100176,Matara,MAT_10,Sinhala,Value 15GB,15,1002,57,0.0,0,healthy,commuter,0,0.05,0
HUT100177,Kurunegala,KUR_06,English,Max 40GB,40,2081,25,0.0,0,healthy,commuter,1,0.552,0
HUT100178,Trincomalee,TRI_05,Tamil,Unlimited,100,2785,44,0.0,0,bored,commuter,0,0.05,0
HUT100179,Ratnapura,RAT_12,English,Max 40GB,40,2276,71,0.0,0,network,roamer,1,0.05,0
HUT100180,Matara,MAT_07,Sinhala,Value 15GB,15,983,42,0.0,0,plan_too_big,static,0,0.05,0
HUT100181,Colombo,COL_03,Tamil,Value 15GB,15,1009,20,0.0,0,plan_too_big,static,0,0.05,0
HUT100182,Colombo,COL_02,Tamil,Unlimited,100,2783,39,0.0,0,traveller,commuter,0,0.05,0
HUT100183,Kurunegala,KUR_12,Sinhala,Max 40GB,40,1928,41,0.0,0,healthy,static,0,0.552,0
HUT100184,Negombo,NEG_02,Sinhala,Value 15GB,15,1026,41,0.0,0,plan_too_big,roamer,1,0.552,1
HUT100185,Colombo,COL_10,English,Value 15GB,15,936,34,193.0,1,bill_shock,static,0,0.05,1
HUT100186,Colombo,COL_03,Tamil,Unlimited,100,3867,7,0.0,0,healthy,static,0,0.05,0
HUT100187,Colombo,COL_03,English,Max 40GB,40,1972,72,0.0,0,traveller,commuter,0,0.05,0
HUT100188,Batticaloa,BAT_10,Tamil,Max 40GB,40,1903,47,0.0,0,healthy,commuter,1,0.05,0
HUT100189,Jaffna,JAF_06,Tamil,Value 15GB,15,1234,68,0.0,1,network,commuter,1,0.05,0
HUT100190,Kandy,KAN_01,Sinhala,Max 40GB,40,2047,19,559.0,2,bill_shock,static,0,0.552,0
HUT100191,Negombo,NEG_01,Sinhala,Lite 5GB,5,490,55,0.0,0,healthy,static,0,0.552,0
HUT100192,Ratnapura,RAT_05,English,Value 15GB,15,1094,11,0.0,0,plan_too_big,commuter,0,0.05,0
HUT100193,Trincomalee,TRI_02,Tamil,Max 40GB,40,1936,31,0.0,0,traveller,commuter,1,0.05,0
HUT100194,Matara,MAT_10,Sinhala,Value 15GB,15,1283,66,664.0,0,bill_shock,static,0,0.05,1
HUT100195,Negombo,NEG_10,Sinhala,Value 15GB,15,1252,36,0.0,0,bored,commuter,0,0.552,0
HUT100196,Ratnapura,RAT_02,English,Value 15GB,15,1235,13,0.0,0,healthy,static,0,0.05,0
HUT100197,Ratnapura,RAT_05,Sinhala,Max 40GB,40,1896,11,0.0,0,healthy,static,0,0.05,0
HUT100198,Jaffna,JAF_10,Tamil,Lite 5GB,5,488,64,0.0,3,network,static,1,0.05,1
HUT100199,Gampaha,GAM_12,Sinhala,Value 15GB,15,1132,15,0.0,0,network,commuter,0,0.552,1
HUT100200,Galle,GAL_05,Sinhala,Lite 5GB,5,599,12,0.0,0,healthy,roamer,1,0.05,0
HUT100201,Kurunegala,KUR_07,Sinhala,Max 40GB,40,2095,70,0.0,0,healthy,static,0,0.552,0
HUT100202,Anuradhapura,ANU_02,English,Lite 5GB,5,584,32,0.0,0,network,commuter,0,0.05,0
HUT100203,Kurunegala,KUR_04,English,Value 15GB,15,1044,7,0.0,0,healthy,commuter,0,0.552,0
HUT100204,Jaffna,JAF_12,English,Value 15GB,15,1105,72,0.0,0,healthy,static,1,0.05,0
HUT100205,Trincomalee,TRI_12,English,Max 40GB,40,1734,64,0.0,4,network,static,0,0.05,0
HUT100206,Kandy,KAN_12,Sinhala,Lite 5GB,5,631,54,0.0,0,healthy,commuter,0,0.552,0
HUT100207,Galle,GAL_12,Sinhala,Value 15GB,15,988,39,0.0,0,bored,commuter,1,0.05,0
HUT100208,Negombo,NEG_06,Sinhala,Max 40GB,40,1778,48,0.0,0,healthy,commuter,0,0.552,0
HUT100209,Jaffna,JAF_06,English,Lite 5GB,5,467,62,0.0,0,healthy,static,0,0.05,0
HUT100210,Jaffna,JAF_05,Tamil,Value 15GB,15,919,58,0.0,0,plan_too_big,commuter,0,0.05,0
HUT100211,Negombo,NEG_09,Sinhala,Lite 5GB,5,514,21,0.0,0,plan_too_big,commuter,1,0.552,0
HUT100212,Jaffna,JAF_11,Tamil,Lite 5GB,5,633,33,0.0,0,healthy,commuter,1,0.05,0
HUT100213,Jaffna,JAF_10,English,Value 15GB,15,911,60,0.0,0,healthy,static,0,0.05,0
HUT100214,Batticaloa,BAT_04,English,Unlimited,100,3608,69,0.0,0,plan_too_big,roamer,1,0.05,1
HUT100215,Negombo,NEG_01,Sinhala,Max 40GB,40,2041,60,0.0,2,network,commuter,1,0.552,1
HUT100216,Anuradhapura,ANU_08,English,Lite 5GB,5,509,18,0.0,0,plan_too_big,commuter,1,0.05,0
HUT100217,Jaffna,JAF_07,Tamil,Value 15GB,15,1261,53,786.0,0,bill_shock,static,0,0.05,0
HUT100218,Anuradhapura,ANU_05,Sinhala,Lite 5GB,5,590,55,0.0,0,network,commuter,0,0.05,0
HUT100219,Trincomalee,TRI_07,Sinhala,Unlimited,100,3575,30,0.0,0,plan_too_big,commuter,1,0.05,0
HUT100220,Ratnapura,RAT_01,English,Unlimited,100,3749,62,0.0,1,network,roamer,0,0.05,1
HUT100221,Matara,MAT_03,Sinhala,Lite 5GB,5,463,39,0.0,0,bored,roamer,0,0.05,0
HUT100222,Matara,MAT_06,Sinhala,Max 40GB,40,2185,14,0.0,0,traveller,commuter,0,0.05,0
HUT100223,Kurunegala,KUR_09,English,Max 40GB,40,1928,28,521.0,0,bill_shock,commuter,0,0.552,0
HUT100224,Matara,MAT_11,Sinhala,Lite 5GB,5,545,13,0.0,0,healthy,commuter,0,0.05,0
HUT100225,Gampaha,GAM_11,English,Unlimited,100,3121,66,0.0,0,healthy,roamer,0,0.552,0
HUT100226,Negombo,NEG_05,English,Unlimited,100,3005,59,0.0,0,traveller,roamer,0,0.552,0
HUT100227,Anuradhapura,ANU_05,English,Lite 5GB,5,465,44,0.0,2,network,commuter,1,0.05,0
HUT100228,Galle,GAL_05,Sinhala,Lite 5GB,5,630,62,0.0,0,traveller,commuter,0,0.05,0
HUT100229,Anuradhapura,ANU_02,English,Max 40GB,40,1944,45,0.0,0,plan_too_big,static,0,0.05,1
HUT100230,Batticaloa,BAT_11,Tamil,Lite 5GB,5,459,5,0.0,0,healthy,commuter,0,0.05,0
HUT100231,Colombo,COL_05,English,Max 40GB,40,2246,13,0.0,0,plan_too_big,roamer,1,0.05,0
HUT100232,Kandy,KAN_04,English,Max 40GB,40,2230,8,0.0,0,plan_too_big,commuter,1,0.552,0
HUT100233,Matara,MAT_06,Sinhala,Unlimited,100,3348,31,0.0,0,plan_too_small,commuter,0,0.05,0
HUT100234,Trincomalee,TRI_09,Tamil,Value 15GB,15,1073,71,0.0,0,bored,commuter,0,0.05,0
HUT100235,Trincomalee,TRI_10,English,Max 40GB,40,2079,4,0.0,0,plan_too_big,commuter,0,0.05,0
HUT100236,Negombo,NEG_02,English,Value 15GB,15,986,34,0.0,0,traveller,static,1,0.552,0
HUT100237,Kurunegala,KUR_10,English,Lite 5GB,5,467,38,487.0,0,bill_shock,commuter,0,0.552,0
HUT100238,Galle,GAL_04,Sinhala,Lite 5GB,5,491,57,0.0,0,healthy,static,1,0.05,0
HUT100239,Anuradhapura,ANU_10,Sinhala,Value 15GB,15,1284,7,0.0,0,plan_too_big,static,0,0.05,0
HUT100240,Gampaha,GAM_06,English,Lite 5GB,5,461,16,0.0,0,plan_too_big,static,0,0.552,0
HUT100241,Ratnapura,RAT_12,English,Lite 5GB,5,508,51,0.0,0,healthy,static,0,0.05,0
HUT100242,Kurunegala,KUR_03,English,Unlimited,100,2924,63,0.0,0,healthy,static,0,0.552,0
HUT100243,Gampaha,GAM_12,Sinhala,Max 40GB,40,2184,16,0.0,1,network,static,0,0.552,1
HUT100244,Gampaha,GAM_04,English,Value 15GB,15,1107,25,0.0,2,network,static,0,0.552,0
HUT100245,Ratnapura,RAT_01,Sinhala,Lite 5GB,5,524,39,0.0,0,plan_too_big,commuter,1,0.05,1
HUT100246,Batticaloa,BAT_10,Tamil,Value 15GB,15,951,64,0.0,0,bored,static,0,0.05,0
HUT100247,Trincomalee,TRI_11,English,Lite 5GB,5,493,5,0.0,0,healthy,static,0,0.05,0
HUT100248,Matara,MAT_01,Sinhala,Max 40GB,40,2264,59,0.0,0,healthy,static,1,0.05,0
HUT100249,Jaffna,JAF_10,Tamil,Value 15GB,15,1069,72,0.0,1,network,static,0,0.05,1
HUT100250,Batticaloa,BAT_12,English,Lite 5GB,5,616,48,0.0,0,healthy,static,0,0.05,0
HUT100251,Galle,GAL_08,Sinhala,Value 15GB,15,1161,44,0.0,0,healthy,commuter,1,0.05,0
HUT100252,Galle,GAL_04,Sinhala,Max 40GB,40,2228,15,0.0,0,healthy,commuter,1,0.05,0
HUT100253,Kurunegala,KUR_08,Sinhala,Value 15GB,15,1234,27,0.0,0,bored,commuter,0,0.552,1
HUT100254,Kandy,KAN_07,Sinhala,Value 15GB,15,921,15,0.0,0,bored,static,1,0.552,1
HUT100255,Jaffna,JAF_02,Tamil,Lite 5GB,5,612,54,0.0,0,plan_too_big,commuter,0,0.05,0
HUT100256,Anuradhapura,ANU_07,Sinhala,Lite 5GB,5,490,26,0.0,0,traveller,commuter,1,0.05,0
HUT100257,Kurunegala,KUR_12,Sinhala,Unlimited,100,3502,62,0.0,0,healthy,roamer,1,0.552,0
HUT100258,Batticaloa,BAT_03,Tamil,Max 40GB,40,2252,15,0.0,0,bored,commuter,0,0.05,0
HUT100259,Ratnapura,RAT_03,Sinhala,Lite 5GB,5,553,32,0.0,0,plan_too_small,commuter,0,0.05,0
HUT100260,Negombo,NEG_04,English,Value 15GB,15,986,59,0.0,0,healthy,commuter,0,0.552,0
HUT100261,Kandy,KAN_08,Sinhala,Max 40GB,40,1678,57,0.0,0,plan_too_small,commuter,1,0.552,0
HUT100262,Batticaloa,BAT_10,English,Lite 5GB,5,461,20,0.0,0,plan_too_big,static,0,0.05,0
HUT100263,Colombo,COL_07,English,Value 15GB,15,1059,41,0.0,0,bored,commuter,1,0.05,0
HUT100264,Gampaha,GAM_09,English,Unlimited,100,2951,57,0.0,0,healthy,commuter,0,0.552,0
HUT100265,Kandy,KAN_09,Sinhala,Lite 5GB,5,481,27,0.0,0,plan_too_big,static,1,0.552,0
HUT100266,Kandy,KAN_11,Sinhala,Lite 5GB,5,635,52,0.0,0,plan_too_big,commuter,0,0.552,0
HUT100267,Matara,MAT_01,English,Unlimited,100,3472,27,310.0,0,bill_shock,roamer,1,0.05,0
HUT100268,Trincomalee,TRI_08,Tamil,Unlimited,100,3564,57,0.0,0,healthy,static,1,0.05,0
HUT100269,Colombo,COL_07,English,Value 15GB,15,1094,22,0.0,0,healthy,roamer,0,0.05,0
HUT100270,Anuradhapura,ANU_10,Sinhala,Value 15GB,15,927,45,0.0,0,healthy,static,1,0.05,0
HUT100271,Batticaloa,BAT_04,English,Unlimited,100,3303,4,349.0,0,bill_shock,commuter,0,0.05,0
HUT100272,Gampaha,GAM_04,Sinhala,Value 15GB,15,1233,8,0.0,0,healthy,commuter,0,0.552,0
HUT100273,Colombo,COL_03,Sinhala,Value 15GB,15,923,7,0.0,0,healthy,static,0,0.05,0
HUT100274,Gampaha,GAM_05,English,Value 15GB,15,1034,27,0.0,0,plan_too_big,commuter,1,0.552,0
HUT100275,Matara,MAT_07,English,Lite 5GB,5,499,3,0.0,0,healthy,static,0,0.05,0
HUT100276,Trincomalee,TRI_07,English,Value 15GB,15,1266,47,0.0,0,healthy,commuter,0,0.05,0
HUT100277,Anuradhapura,ANU_11,English,Lite 5GB,5,598,48,0.0,0,healthy,commuter,1,0.05,0
HUT100278,Negombo,NEG_01,English,Lite 5GB,5,476,68,0.0,0,network,static,1,0.552,1
HUT100279,Colombo,COL_08,Sinhala,Lite 5GB,5,589,31,0.0,0,traveller,commuter,1,0.05,0
HUT100280,Gampaha,GAM_06,English,Max 40GB,40,1690,11,0.0,0,traveller,commuter,0,0.552,0
HUT100281,Ratnapura,RAT_03,English,Value 15GB,15,1058,46,0.0,0,plan_too_small,commuter,0,0.05,0
HUT100282,Colombo,COL_09,Tamil,Max 40GB,40,1980,44,0.0,0,healthy,commuter,0,0.05,0
HUT100283,Kandy,KAN_04,Sinhala,Max 40GB,40,1974,66,0.0,0,healthy,static,0,0.552,0
HUT100284,Kandy,KAN_05,Sinhala,Max 40GB,40,2238,66,0.0,1,network,commuter,0,0.552,0
HUT100285,Batticaloa,BAT_11,English,Lite 5GB,5,601,7,0.0,2,network,roamer,0,0.05,1
HUT100286,Kurunegala,KUR_02,Sinhala,Value 15GB,15,1155,68,0.0,0,plan_too_big,static,1,0.552,0
HUT100287,Kandy,KAN_10,Sinhala,Max 40GB,40,2202,33,0.0,0,plan_too_big,static,1,0.552,0
HUT100288,Negombo,NEG_12,Sinhala,Value 15GB,15,1259,69,0.0,0,healthy,commuter,1,0.552,0
HUT100289,Matara,MAT_07,English,Max 40GB,40,2294,17,0.0,0,bored,commuter,1,0.05,1
HUT100290,Anuradhapura,ANU_07,Sinhala,Value 15GB,15,941,29,0.0,0,healthy,commuter,1,0.05,0
HUT100291,Colombo,COL_05,English,Value 15GB,15,1253,68,0.0,0,healthy,commuter,1,0.05,0
HUT100292,Jaffna,JAF_03,Tamil,Unlimited,100,3061,41,824.0,1,bill_shock,commuter,0,0.05,0
HUT100293,Galle,GAL_09,English,Value 15GB,15,998,29,0.0,0,plan_too_big,commuter,0,0.05,1
HUT100294,Gampaha,GAM_03,Sinhala,Lite 5GB,5,610,54,0.0,0,healthy,static,0,0.552,0
HUT100295,Gampaha,GAM_04,Sinhala,Lite 5GB,5,574,28,0.0,0,plan_too_big,static,0,0.552,0
HUT100296,Kandy,KAN_01,Sinhala,Max 40GB,40,2300,55,0.0,0,traveller,commuter,0,0.552,0
HUT100297,Batticaloa,BAT_02,Tamil,Lite 5GB,5,600,72,0.0,0,bored,commuter,0,0.05,0
HUT100298,Negombo,NEG_07,Sinhala,Value 15GB,15,916,8,0.0,0,plan_too_big,static,0,0.552,0
HUT100299,Batticaloa,BAT_05,Tamil,Lite 5GB,5,489,42,0.0,0,plan_too_small,commuter,0,0.05,0
HUT100300,Matara,MAT_09,English,Lite 5GB,5,486,9,0.0,0,bored,roamer,0,0.05,1
HUT100301,Colombo,COL_09,Tamil,Unlimited,100,3603,55,0.0,0,traveller,static,0,0.05,0
HUT100302,Trincomalee,TRI_06,English,Unlimited,100,3616,6,0.0,0,plan_too_small,static,0,0.05,0
HUT100303,Negombo,NEG_08,English,Lite 5GB,5,466,18,0.0,0,network,commuter,0,0.552,1
HUT100304,Jaffna,JAF_05,Tamil,Value 15GB,15,1117,16,0.0,0,plan_too_small,commuter,0,0.05,0
HUT100305,Anuradhapura,ANU_05,Sinhala,Value 15GB,15,926,61,0.0,0,healthy,roamer,0,0.05,0
HUT100306,Jaffna,JAF_05,English,Max 40GB,40,1950,17,0.0,0,plan_too_small,static,1,0.05,0
HUT100307,Jaffna,JAF_03,Tamil,Value 15GB,15,992,21,0.0,0,healthy,commuter,0,0.05,0
HUT100308,Matara,MAT_09,English,Value 15GB,15,1279,10,0.0,0,healthy,static,0,0.05,0
HUT100309,Ratnapura,RAT_02,Sinhala,Lite 5GB,5,613,56,0.0,0,healthy,static,1,0.05,0
HUT100310,Galle,GAL_11,Sinhala,Value 15GB,15,1225,20,0.0,0,healthy,static,1,0.05,0
HUT100311,Kandy,KAN_08,Sinhala,Lite 5GB,5,579,51,0.0,0,healthy,commuter,1,0.552,0
HUT100312,Gampaha,GAM_11,Sinhala,Lite 5GB,5,549,13,0.0,0,network,static,0,0.552,1
HUT100313,Matara,MAT_07,English,Value 15GB,15,1236,3,0.0,0,plan_too_small,roamer,0,0.05,0
HUT100314,Jaffna,JAF_09,Tamil,Value 15GB,15,1252,11,0.0,0,healthy,commuter,0,0.05,0
HUT100315,Gampaha,GAM_08,Sinhala,Lite 5GB,5,517,20,0.0,0,bored,commuter,1,0.552,0
HUT100316,Trincomalee,TRI_12,Tamil,Lite 5GB,5,552,18,503.0,1,bill_shock,static,1,0.05,0
HUT100317,Ratnapura,RAT_11,Sinhala,Lite 5GB,5,476,38,0.0,0,bored,static,0,0.05,0
HUT100318,Ratnapura,RAT_12,English,Value 15GB,15,954,60,0.0,0,healthy,commuter,1,0.05,0
HUT100319,Gampaha,GAM_04,Sinhala,Value 15GB,15,1083,5,0.0,0,plan_too_big,static,0,0.552,0
HUT100320,Matara,MAT_08,Sinhala,Unlimited,100,3307,53,0.0,0,plan_too_big,commuter,0,0.05,0
HUT100321,Matara,MAT_11,Sinhala,Value 15GB,15,1028,57,0.0,0,bored,commuter,0,0.05,0
HUT100322,Galle,GAL_06,Sinhala,Value 15GB,15,1197,35,0.0,0,healthy,commuter,0,0.05,0
HUT100323,Batticaloa,BAT_12,English,Max 40GB,40,2079,72,0.0,0,plan_too_big,static,0,0.05,0
HUT100324,Trincomalee,TRI_05,Sinhala,Unlimited,100,3612,62,0.0,0,healthy,static,0,0.05,0
HUT100325,Matara,MAT_01,Sinhala,Lite 5GB,5,545,8,0.0,0,bored,static,0,0.05,0
HUT100326,Gampaha,GAM_07,Sinhala,Value 15GB,15,1042,17,0.0,0,healthy,commuter,1,0.552,0
HUT100327,Jaffna,JAF_05,Tamil,Unlimited,100,3279,59,0.0,1,network,static,0,0.05,1
HUT100328,Jaffna,JAF_03,Tamil,Unlimited,100,3271,40,366.0,1,bill_shock,static,0,0.05,0
HUT100329,Gampaha,GAM_01,Sinhala,Unlimited,100,3102,38,0.0,0,plan_too_small,roamer,0,0.552,0
HUT100330,Ratnapura,RAT_08,Sinhala,Max 40GB,40,2143,71,0.0,0,traveller,commuter,1,0.05,0
HUT100331,Ratnapura,RAT_06,Sinhala,Unlimited,100,2977,26,0.0,0,healthy,static,0,0.05,0
HUT100332,Anuradhapura,ANU_07,Sinhala,Max 40GB,40,2148,57,0.0,0,plan_too_big,commuter,0,0.05,0
HUT100333,Kandy,KAN_08,Sinhala,Lite 5GB,5,578,36,371.0,0,bill_shock,commuter,0,0.552,0
HUT100334,Galle,GAL_11,Sinhala,Lite 5GB,5,496,36,0.0,0,healthy,static,0,0.05,0
HUT100335,Trincomalee,TRI_09,English,Max 40GB,40,1861,70,0.0,0,healthy,static,1,0.05,0
HUT100336,Gampaha,GAM_02,Sinhala,Unlimited,100,2980,11,0.0,0,bored,commuter,0,0.552,1
HUT100337,Anuradhapura,ANU_09,Sinhala,Lite 5GB,5,515,2,0.0,0,healthy,commuter,1,0.05,0
HUT100338,Gampaha,GAM_01,Sinhala,Value 15GB,15,1277,58,0.0,0,traveller,static,1,0.552,0
HUT100339,Trincomalee,TRI_11,Tamil,Max 40GB,40,1820,61,0.0,0,plan_too_big,static,1,0.05,0
HUT100340,Colombo,COL_08,Sinhala,Unlimited,100,2981,69,0.0,0,plan_too_big,static,1,0.05,0
HUT100341,Anuradhapura,ANU_08,English,Value 15GB,15,912,40,0.0,0,healthy,commuter,0,0.05,0
HUT100342,Batticaloa,BAT_06,Tamil,Value 15GB,15,1012,28,0.0,0,healthy,commuter,1,0.05,0
HUT100343,Gampaha,GAM_02,Sinhala,Value 15GB,15,1013,59,0.0,0,network,commuter,1,0.552,1
HUT100344,Gampaha,GAM_08,English,Value 15GB,15,1177,51,0.0,0,traveller,commuter,1,0.552,0
HUT100345,Jaffna,JAF_04,Tamil,Lite 5GB,5,573,19,0.0,0,bored,commuter,0,0.05,0
HUT100346,Colombo,COL_04,Tamil,Value 15GB,15,1127,23,0.0,0,network,commuter,0,0.05,1
HUT100347,Jaffna,JAF_04,Tamil,Unlimited,100,3486,51,243.0,2,bill_shock,static,1,0.05,1
HUT100348,Anuradhapura,ANU_03,Sinhala,Lite 5GB,5,504,36,0.0,0,traveller,commuter,0,0.05,0
HUT100349,Trincomalee,TRI_12,Sinhala,Max 40GB,40,2276,38,0.0,1,network,roamer,1,0.05,0
HUT100350,Ratnapura,RAT_01,English,Max 40GB,40,2301,51,0.0,0,healthy,static,0,0.05,0
HUT100351,Jaffna,JAF_06,Tamil,Value 15GB,15,1068,54,0.0,0,plan_too_big,commuter,0,0.05,0
HUT100352,Jaffna,JAF_10,English,Value 15GB,15,951,71,0.0,0,traveller,commuter,1,0.05,0
HUT100353,Gampaha,GAM_07,Sinhala,Max 40GB,40,2190,38,0.0,0,bored,commuter,0,0.552,0
HUT100354,Kandy,KAN_08,English,Max 40GB,40,2234,19,0.0,0,healthy,static,0,0.552,0
HUT100355,Matara,MAT_02,English,Lite 5GB,5,585,47,0.0,0,network,commuter,0,0.05,0
HUT100356,Gampaha,GAM_07,Sinhala,Max 40GB,40,1647,39,0.0,0,healthy,commuter,0,0.552,0
HUT100357,Galle,GAL_06,English,Lite 5GB,5,547,27,748.0,0,bill_shock,commuter,0,0.05,0
HUT100358,Anuradhapura,ANU_04,Sinhala,Lite 5GB,5,622,3,0.0,0,plan_too_big,commuter,0,0.05,0
HUT100359,Colombo,COL_01,English,Value 15GB,15,919,29,0.0,0,network,static,0,0.05,0
HUT100360,Trincomalee,TRI_04,English,Unlimited,100,3745,33,0.0,0,plan_too_big,commuter,0,0.05,0
HUT100361,Matara,MAT_11,English,Value 15GB,15,1260,11,0.0,0,healthy,roamer,0,0.05,0
HUT100362,Matara,MAT_04,Sinhala,Lite 5GB,5,612,48,0.0,0,traveller,commuter,0,0.05,0
HUT100363,Ratnapura,RAT_08,Sinhala,Lite 5GB,5,475,69,0.0,0,plan_too_big,commuter,0,0.05,0
HUT100364,Jaffna,JAF_05,English,Max 40GB,40,1881,8,0.0,0,network,commuter,0,0.05,1
HUT100365,Batticaloa,BAT_09,Tamil,Lite 5GB,5,588,18,0.0,0,healthy,static,1,0.05,0
HUT100366,Kandy,KAN_07,Sinhala,Value 15GB,15,919,32,0.0,0,traveller,commuter,0,0.552,0
HUT100367,Batticaloa,BAT_09,English,Lite 5GB,5,467,44,0.0,0,plan_too_small,static,1,0.05,0
HUT100368,Anuradhapura,ANU_11,Sinhala,Max 40GB,40,2234,5,0.0,0,bored,static,1,0.05,0
HUT100369,Trincomalee,TRI_04,Sinhala,Max 40GB,40,1855,71,0.0,0,traveller,commuter,1,0.05,0
HUT100370,Anuradhapura,ANU_04,Sinhala,Unlimited,100,2769,25,0.0,0,healthy,commuter,0,0.05,0
HUT100371,Batticaloa,BAT_05,Tamil,Max 40GB,40,2217,58,0.0,0,healthy,static,0,0.05,0
HUT100372,Matara,MAT_06,Sinhala,Max 40GB,40,1823,56,797.0,0,bill_shock,commuter,0,0.05,1
HUT100373,Colombo,COL_10,Sinhala,Value 15GB,15,1275,7,0.0,0,network,static,0,0.05,1
HUT100374,Matara,MAT_11,Sinhala,Max 40GB,40,1693,16,0.0,0,healthy,static,0,0.05,0
HUT100375,Matara,MAT_02,Sinhala,Value 15GB,15,917,68,0.0,0,bored,static,0,0.05,1
HUT100376,Galle,GAL_01,Sinhala,Value 15GB,15,1045,7,0.0,0,bored,commuter,0,0.05,1
HUT100377,Ratnapura,RAT_12,English,Value 15GB,15,1236,69,0.0,0,healthy,commuter,1,0.05,0
HUT100378,Galle,GAL_05,Sinhala,Value 15GB,15,926,51,531.0,0,bill_shock,commuter,1,0.05,1
HUT100379,Batticaloa,BAT_09,English,Lite 5GB,5,457,54,0.0,0,healthy,commuter,0,0.05,0
HUT100380,Negombo,NEG_09,English,Max 40GB,40,1726,19,0.0,0,bored,roamer,1,0.552,0
HUT100381,Kurunegala,KUR_04,English,Max 40GB,40,2163,52,0.0,0,plan_too_big,commuter,1,0.552,0
HUT100382,Ratnapura,RAT_03,Sinhala,Value 15GB,15,1148,31,0.0,0,healthy,commuter,0,0.05,0
HUT100383,Galle,GAL_06,Sinhala,Value 15GB,15,1026,38,0.0,0,plan_too_small,static,0,0.05,0
HUT100384,Batticaloa,BAT_02,Tamil,Value 15GB,15,1249,47,665.0,1,bill_shock,static,0,0.05,0
HUT100385,Anuradhapura,ANU_05,Sinhala,Max 40GB,40,1827,24,0.0,1,network,commuter,0,0.05,1
HUT100386,Jaffna,JAF_09,Tamil,Lite 5GB,5,625,37,0.0,0,healthy,roamer,0,0.05,0
HUT100387,Jaffna,JAF_04,Tamil,Lite 5GB,5,472,48,0.0,0,healthy,commuter,1,0.05,0
HUT100388,Colombo,COL_03,Tamil,Lite 5GB,5,580,16,0.0,0,traveller,commuter,0,0.05,1
HUT100389,Anuradhapura,ANU_03,English,Lite 5GB,5,604,48,462.0,0,bill_shock,static,0,0.05,1
HUT100390,Kurunegala,KUR_12,Sinhala,Value 15GB,15,1001,38,0.0,0,healthy,static,0,0.552,0
HUT100391,Jaffna,JAF_05,English,Value 15GB,15,951,32,0.0,0,traveller,commuter,1,0.05,0
HUT100392,Trincomalee,TRI_04,Sinhala,Unlimited,100,2842,66,0.0,0,healthy,commuter,1,0.05,0
HUT100393,Ratnapura,RAT_04,Sinhala,Lite 5GB,5,527,8,0.0,0,healthy,static,1,0.05,0
HUT100394,Ratnapura,RAT_11,Sinhala,Value 15GB,15,960,31,0.0,0,healthy,commuter,0,0.05,0
HUT100395,Ratnapura,RAT_12,Sinhala,Max 40GB,40,1902,28,0.0,0,traveller,static,0,0.05,0
HUT100396,Colombo,COL_02,Sinhala,Lite 5GB,5,561,17,0.0,0,bored,static,1,0.05,1
HUT100397,Colombo,COL_02,Sinhala,Lite 5GB,5,587,61,0.0,0,healthy,static,0,0.05,0
HUT100398,Anuradhapura,ANU_02,English,Value 15GB,15,962,70,0.0,0,healthy,commuter,0,0.05,0
HUT100399,Ratnapura,RAT_08,Sinhala,Max 40GB,40,1742,42,0.0,0,bored,commuter,0,0.05,0
HUT100400,Matara,MAT_02,Sinhala,Lite 5GB,5,539,65,0.0,1,network,static,0,0.05,0
HUT100401,Matara,MAT_01,Sinhala,Value 15GB,15,1201,70,0.0,0,healthy,static,1,0.05,0
HUT100402,Anuradhapura,ANU_04,Sinhala,Value 15GB,15,1223,13,0.0,0,traveller,commuter,0,0.05,0
HUT100403,Kandy,KAN_03,Sinhala,Value 15GB,15,1163,32,0.0,0,healthy,commuter,0,0.552,0
HUT100404,Batticaloa,BAT_10,Tamil,Max 40GB,40,2192,72,0.0,0,healthy,static,0,0.05,0
HUT100405,Trincomalee,TRI_12,Sinhala,Unlimited,100,3385,28,0.0,0,healthy,static,0,0.05,0
HUT100406,Trincomalee,TRI_11,Sinhala,Max 40GB,40,2029,13,0.0,0,healthy,commuter,0,0.05,0
HUT100407,Ratnapura,RAT_02,Sinhala,Unlimited,100,3590,22,0.0,0,plan_too_big,commuter,0,0.05,0
HUT100408,Ratnapura,RAT_07,Sinhala,Unlimited,100,3862,60,828.0,1,bill_shock,roamer,1,0.05,0
HUT100409,Colombo,COL_01,English,Unlimited,100,3263,27,0.0,1,network,static,0,0.05,1
HUT100410,Galle,GAL_11,Sinhala,Value 15GB,15,973,19,0.0,0,healthy,commuter,0,0.05,0
HUT100411,Batticaloa,BAT_07,English,Unlimited,100,3447,44,0.0,0,healthy,commuter,0,0.05,0
HUT100412,Colombo,COL_01,Sinhala,Unlimited,100,3843,56,0.0,0,network,static,0,0.05,0
HUT100413,Batticaloa,BAT_07,English,Max 40GB,40,1785,37,0.0,0,healthy,static,1,0.05,0
HUT100414,Jaffna,JAF_02,Tamil,Value 15GB,15,1001,12,0.0,0,healthy,roamer,0,0.05,0
HUT100415,Trincomalee,TRI_10,English,Lite 5GB,5,592,46,634.0,0,bill_shock,commuter,1,0.05,0
HUT100416,Ratnapura,RAT_06,Sinhala,Lite 5GB,5,542,33,0.0,0,healthy,static,1,0.05,0
HUT100417,Colombo,COL_06,Sinhala,Lite 5GB,5,480,72,0.0,0,healthy,static,0,0.05,0
HUT100418,Galle,GAL_06,English,Value 15GB,15,1029,69,0.0,0,healthy,commuter,0,0.05,0
HUT100419,Jaffna,JAF_08,English,Value 15GB,15,1165,26,0.0,0,traveller,commuter,1,0.05,0
HUT100420,Colombo,COL_09,English,Value 15GB,15,1190,45,0.0,0,plan_too_small,commuter,1,0.05,0
HUT100421,Kandy,KAN_01,English,Lite 5GB,5,495,44,0.0,0,healthy,commuter,1,0.552,0
HUT100422,Negombo,NEG_04,Sinhala,Lite 5GB,5,596,3,0.0,0,healthy,roamer,0,0.552,0
HUT100423,Anuradhapura,ANU_02,Sinhala,Max 40GB,40,2205,14,0.0,1,network,commuter,1,0.05,0
HUT100424,Colombo,COL_03,English,Unlimited,100,3395,22,0.0,0,healthy,roamer,1,0.05,0
HUT100425,Gampaha,GAM_03,English,Value 15GB,15,1077,29,0.0,0,bored,commuter,0,0.552,0
HUT100426,Jaffna,JAF_02,Tamil,Unlimited,100,2892,60,0.0,0,plan_too_big,static,0,0.05,0
HUT100427,Matara,MAT_02,Sinhala,Unlimited,100,3710,19,0.0,1,network,commuter,0,0.05,0
HUT100428,Negombo,NEG_02,Sinhala,Lite 5GB,5,523,64,0.0,0,healthy,commuter,0,0.552,0
HUT100429,Anuradhapura,ANU_02,Sinhala,Max 40GB,40,1836,42,0.0,0,traveller,commuter,0,0.05,0
HUT100430,Kurunegala,KUR_05,Sinhala,Value 15GB,15,1083,51,0.0,0,bored,commuter,0,0.552,0
HUT100431,Matara,MAT_10,Sinhala,Value 15GB,15,1215,14,0.0,0,traveller,commuter,0,0.05,0
HUT100432,Anuradhapura,ANU_05,Sinhala,Value 15GB,15,1215,17,0.0,0,network,commuter,0,0.05,0
HUT100433,Trincomalee,TRI_11,English,Unlimited,100,2916,45,0.0,0,healthy,commuter,0,0.05,0
HUT100434,Gampaha,GAM_05,Sinhala,Lite 5GB,5,604,25,0.0,0,healthy,commuter,0,0.552,0
HUT100435,Gampaha,GAM_02,Sinhala,Max 40GB,40,1961,7,0.0,3,network,commuter,0,0.552,1
HUT100436,Kurunegala,KUR_01,Sinhala,Value 15GB,15,949,65,0.0,0,traveller,static,0,0.552,0
HUT100437,Anuradhapura,ANU_03,Sinhala,Lite 5GB,5,516,30,820.0,1,bill_shock,commuter,0,0.05,0
HUT100438,Matara,MAT_04,Sinhala,Max 40GB,40,1770,57,253.0,0,bill_shock,commuter,1,0.05,1
HUT100439,Kurunegala,KUR_01,English,Value 15GB,15,1024,43,0.0,0,healthy,static,1,0.552,0
HUT100440,Jaffna,JAF_07,English,Max 40GB,40,1930,36,0.0,0,healthy,commuter,0,0.05,0
HUT100441,Anuradhapura,ANU_11,Sinhala,Max 40GB,40,1996,54,0.0,0,traveller,commuter,1,0.05,0
HUT100442,Trincomalee,TRI_01,Sinhala,Lite 5GB,5,522,66,0.0,0,plan_too_big,static,0,0.05,0
HUT100443,Trincomalee,TRI_04,Sinhala,Max 40GB,40,1719,44,0.0,0,healthy,commuter,1,0.05,0
HUT100444,Negombo,NEG_07,Sinhala,Max 40GB,40,1696,38,0.0,0,healthy,commuter,0,0.552,0
HUT100445,Ratnapura,RAT_11,Sinhala,Value 15GB,15,1047,12,0.0,0,bored,commuter,1,0.05,1
HUT100446,Matara,MAT_02,English,Value 15GB,15,998,18,0.0,2,network,commuter,0,0.05,1
HUT100447,Colombo,COL_11,English,Max 40GB,40,1712,16,0.0,0,bored,commuter,1,0.05,0
HUT100448,Matara,MAT_03,Sinhala,Value 15GB,15,980,36,0.0,0,plan_too_big,commuter,0,0.05,0
HUT100449,Matara,MAT_02,Sinhala,Lite 5GB,5,612,41,0.0,0,plan_too_big,static,0,0.05,0
HUT100450,Jaffna,JAF_10,Tamil,Value 15GB,15,970,7,0.0,0,network,commuter,0,0.05,1
HUT100451,Trincomalee,TRI_06,English,Lite 5GB,5,608,21,0.0,0,bored,commuter,0,0.05,0
HUT100452,Kurunegala,KUR_04,Sinhala,Value 15GB,15,1028,48,655.0,0,bill_shock,static,1,0.552,0
HUT100453,Gampaha,GAM_03,English,Value 15GB,15,960,29,0.0,0,plan_too_small,commuter,1,0.552,0
HUT100454,Kurunegala,KUR_08,Sinhala,Lite 5GB,5,480,39,480.0,0,bill_shock,static,0,0.552,0
HUT100455,Kurunegala,KUR_10,Sinhala,Value 15GB,15,921,9,0.0,0,healthy,commuter,0,0.552,0
HUT100456,Matara,MAT_06,English,Unlimited,100,3696,43,310.0,2,bill_shock,static,1,0.05,0
HUT100457,Batticaloa,BAT_02,Tamil,Lite 5GB,5,611,71,0.0,0,bored,roamer,0,0.05,0
HUT100458,Colombo,COL_07,English,Max 40GB,40,2026,26,0.0,0,bored,static,1,0.05,0
HUT100459,Trincomalee,TRI_01,Tamil,Lite 5GB,5,512,48,0.0,0,healthy,commuter,0,0.05,0
HUT100460,Colombo,COL_01,English,Unlimited,100,3357,27,0.0,1,network,commuter,0,0.05,1
HUT100461,Matara,MAT_01,Sinhala,Lite 5GB,5,537,28,0.0,0,healthy,commuter,1,0.05,0
HUT100462,Jaffna,JAF_01,Tamil,Max 40GB,40,1672,46,0.0,0,healthy,roamer,0,0.05,0
HUT100463,Matara,MAT_06,Sinhala,Lite 5GB,5,562,22,0.0,0,healthy,static,0,0.05,0
HUT100464,Gampaha,GAM_04,Sinhala,Value 15GB,15,1108,35,0.0,0,plan_too_big,commuter,0,0.552,0
HUT100465,Matara,MAT_02,Sinhala,Max 40GB,40,2133,46,0.0,0,healthy,commuter,1,0.05,0
HUT100466,Colombo,COL_01,Sinhala,Value 15GB,15,1236,10,0.0,0,network,static,1,0.05,1
HUT100467,Colombo,COL_02,Sinhala,Value 15GB,15,994,46,0.0,0,bored,static,1,0.05,0
HUT100468,Jaffna,JAF_05,Tamil,Unlimited,100,3501,53,0.0,0,plan_too_small,static,1,0.05,0
HUT100469,Gampaha,GAM_03,Sinhala,Lite 5GB,5,551,70,0.0,0,healthy,commuter,1,0.552,0
HUT100470,Ratnapura,RAT_08,Sinhala,Value 15GB,15,932,5,0.0,0,healthy,commuter,0,0.05,0
HUT100471,Ratnapura,RAT_04,English,Value 15GB,15,1186,53,0.0,0,healthy,static,0,0.05,0
HUT100472,Gampaha,GAM_01,English,Lite 5GB,5,496,9,0.0,0,traveller,commuter,0,0.552,0
HUT100473,Jaffna,JAF_02,English,Lite 5GB,5,494,9,0.0,0,bored,static,0,0.05,0
HUT100474,Colombo,COL_07,Sinhala,Max 40GB,40,1805,64,328.0,1,bill_shock,commuter,0,0.05,0
HUT100475,Colombo,COL_03,Sinhala,Lite 5GB,5,587,35,0.0,0,healthy,static,1,0.05,0
HUT100476,Ratnapura,RAT_02,English,Value 15GB,15,1117,31,0.0,0,healthy,static,0,0.05,0
HUT100477,Trincomalee,TRI_06,English,Max 40GB,40,2295,22,0.0,0,healthy,commuter,0,0.05,0
HUT100478,Kandy,KAN_09,English,Value 15GB,15,994,59,0.0,0,traveller,static,1,0.552,0
HUT100479,Galle,GAL_06,Sinhala,Max 40GB,40,1668,27,534.0,1,bill_shock,static,0,0.05,0
HUT100480,Anuradhapura,ANU_10,Sinhala,Lite 5GB,5,531,4,611.0,0,bill_shock,roamer,1,0.05,1
HUT100481,Ratnapura,RAT_07,Sinhala,Unlimited,100,2833,26,0.0,0,healthy,static,1,0.05,1
HUT100482,Gampaha,GAM_05,Sinhala,Lite 5GB,5,539,64,0.0,0,plan_too_big,static,1,0.552,0
HUT100483,Gampaha,GAM_05,English,Value 15GB,15,1003,9,0.0,0,bored,commuter,0,0.552,0
HUT100484,Kandy,KAN_02,Sinhala,Unlimited,100,3009,45,821.0,0,bill_shock,static,1,0.552,0
HUT100485,Batticaloa,BAT_01,Tamil,Value 15GB,15,1178,13,0.0,0,healthy,commuter,0,0.05,0
HUT100486,Matara,MAT_06,Sinhala,Value 15GB,15,919,3,893.0,1,bill_shock,static,0,0.05,1
HUT100487,Batticaloa,BAT_05,English,Value 15GB,15,1268,55,0.0,0,healthy,commuter,0,0.05,0
HUT100488,Matara,MAT_06,English,Max 40GB,40,1996,52,0.0,0,bored,commuter,0,0.05,0
HUT100489,Trincomalee,TRI_12,Sinhala,Value 15GB,15,977,48,0.0,0,plan_too_small,static,0,0.05,0
HUT100490,Ratnapura,RAT_10,Sinhala,Lite 5GB,5,623,50,0.0,0,healthy,static,0,0.05,0
HUT100491,Jaffna,JAF_11,Tamil,Lite 5GB,5,511,72,0.0,0,healthy,commuter,0,0.05,0
HUT100492,Trincomalee,TRI_01,English,Value 15GB,15,940,16,0.0,0,plan_too_big,roamer,1,0.05,0
HUT100493,Matara,MAT_11,English,Value 15GB,15,1222,27,0.0,0,plan_too_big,static,0,0.05,0
HUT100494,Kandy,KAN_05,English,Max 40GB,40,1975,52,0.0,2,network,commuter,0,0.552,1
HUT100495,Negombo,NEG_04,English,Lite 5GB,5,562,31,0.0,0,plan_too_small,commuter,1,0.552,0
HUT100496,Matara,MAT_12,Sinhala,Lite 5GB,5,590,66,0.0,0,plan_too_big,commuter,0,0.05,0
HUT100497,Batticaloa,BAT_07,Tamil,Value 15GB,15,1150,69,515.0,0,bill_shock,static,1,0.05,1
HUT100498,Gampaha,GAM_11,Sinhala,Value 15GB,15,1203,26,0.0,0,healthy,static,0,0.552,0
HUT100499,Galle,GAL_02,Sinhala,Lite 5GB,5,539,63,0.0,0,plan_too_big,commuter,1,0.05,0
HUT100500,Jaffna,JAF_03,Tamil,Lite 5GB,5,628,7,0.0,0,traveller,commuter,0,0.05,0
HUT100501,Trincomalee,TRI_05,Sinhala,Value 15GB,15,974,72,0.0,0,healthy,static,0,0.05,0
HUT100502,Batticaloa,BAT_12,Tamil,Value 15GB,15,971,54,0.0,0,healthy,commuter,0,0.05,0
HUT100503,Kandy,KAN_10,Sinhala,Unlimited,100,3409,56,0.0,0,network,commuter,0,0.552,0
HUT100504,Matara,MAT_05,English,Max 40GB,40,2248,52,0.0,0,bored,commuter,1,0.05,1
HUT100505,Matara,MAT_07,Sinhala,Max 40GB,40,2122,39,0.0,0,healthy,commuter,1,0.05,0
HUT100506,Gampaha,GAM_09,English,Max 40GB,40,2277,38,0.0,0,healthy,static,0,0.552,0
HUT100507,Gampaha,GAM_04,Sinhala,Lite 5GB,5,515,68,0.0,0,healthy,static,0,0.552,0
HUT100508,Galle,GAL_05,English,Max 40GB,40,1933,9,0.0,0,healthy,commuter,0,0.05,0
HUT100509,Kandy,KAN_03,Sinhala,Value 15GB,15,1052,34,0.0,0,healthy,static,0,0.552,0
HUT100510,Jaffna,JAF_12,Tamil,Max 40GB,40,1969,6,0.0,0,healthy,commuter,0,0.05,0
HUT100511,Anuradhapura,ANU_03,English,Lite 5GB,5,589,8,0.0,0,bored,commuter,1,0.05,1
HUT100512,Colombo,COL_12,Sinhala,Max 40GB,40,2020,32,555.0,0,bill_shock,commuter,0,0.05,1
HUT100513,Ratnapura,RAT_10,Sinhala,Unlimited,100,3509,4,0.0,0,healthy,static,0,0.05,0
HUT100514,Negombo,NEG_09,Sinhala,Unlimited,100,2820,30,0.0,0,plan_too_big,commuter,0,0.552,0
HUT100515,Kurunegala,KUR_11,Sinhala,Max 40GB,40,1789,50,0.0,0,healthy,commuter,0,0.552,0
HUT100516,Anuradhapura,ANU_12,English,Max 40GB,40,1906,11,0.0,0,plan_too_big,commuter,0,0.05,0
HUT100517,Negombo,NEG_06,Sinhala,Max 40GB,40,2310,67,0.0,0,healthy,commuter,1,0.552,0
HUT100518,Ratnapura,RAT_12,Sinhala,Unlimited,100,3620,7,0.0,0,healthy,commuter,0,0.05,0
HUT100519,Kandy,KAN_05,English,Value 15GB,15,1112,29,0.0,0,network,static,1,0.552,0
HUT100520,Kandy,KAN_10,Sinhala,Lite 5GB,5,607,36,0.0,1,network,commuter,1,0.552,0
HUT100521,Jaffna,JAF_09,English,Value 15GB,15,1267,66,0.0,0,healthy,static,0,0.05,0
HUT100522,Gampaha,GAM_07,Sinhala,Unlimited,100,3666,27,0.0,0,traveller,static,1,0.552,0
HUT100523,Trincomalee,TRI_04,Tamil,Unlimited,100,2852,21,0.0,0,healthy,static,0,0.05,0
HUT100524,Negombo,NEG_05,Sinhala,Lite 5GB,5,625,45,0.0,0,traveller,roamer,0,0.552,0
HUT100525,Colombo,COL_04,Sinhala,Value 15GB,15,1029,53,0.0,0,plan_too_big,commuter,0,0.05,0
HUT100526,Trincomalee,TRI_04,Tamil,Lite 5GB,5,623,34,0.0,0,healthy,static,0,0.05,0
HUT100527,Anuradhapura,ANU_02,English,Value 15GB,15,1065,6,0.0,0,plan_too_small,commuter,0,0.05,0
HUT100528,Trincomalee,TRI_09,Sinhala,Value 15GB,15,963,65,0.0,0,healthy,commuter,0,0.05,0
HUT100529,Trincomalee,TRI_07,Sinhala,Lite 5GB,5,487,13,0.0,0,healthy,commuter,1,0.05,0
HUT100530,Kandy,KAN_11,English,Value 15GB,15,1274,7,0.0,0,plan_too_big,static,0,0.552,0
HUT100531,Galle,GAL_11,Sinhala,Value 15GB,15,1261,54,0.0,0,healthy,commuter,0,0.05,0
HUT100532,Kurunegala,KUR_08,Sinhala,Lite 5GB,5,636,62,0.0,0,plan_too_big,commuter,0,0.552,0
HUT100533,Colombo,COL_01,Tamil,Value 15GB,15,1279,59,0.0,0,network,static,0,0.05,1
HUT100534,Gampaha,GAM_09,Sinhala,Max 40GB,40,1797,70,0.0,0,traveller,static,0,0.552,0
HUT100535,Negombo,NEG_02,English,Value 15GB,15,1284,35,0.0,0,healthy,roamer,0,0.552,0
HUT100536,Colombo,COL_10,English,Max 40GB,40,2231,43,529.0,0,bill_shock,commuter,1,0.05,0
HUT100537,Galle,GAL_06,Sinhala,Unlimited,100,3467,39,0.0,0,bored,commuter,1,0.05,0
HUT100538,Gampaha,GAM_05,Sinhala,Value 15GB,15,1173,34,0.0,0,healthy,commuter,0,0.552,0
HUT100539,Anuradhapura,ANU_10,Sinhala,Max 40GB,40,1983,2,0.0,0,plan_too_big,commuter,0,0.05,0
HUT100540,Kurunegala,KUR_10,Sinhala,Value 15GB,15,1115,17,409.0,1,bill_shock,static,0,0.552,0
HUT100541,Matara,MAT_01,Sinhala,Max 40GB,40,2172,57,391.0,1,bill_shock,commuter,1,0.05,1
HUT100542,Colombo,COL_10,Tamil,Max 40GB,40,1822,36,0.0,0,network,static,0,0.05,1
HUT100543,Colombo,COL_04,Tamil,Value 15GB,15,1192,45,0.0,0,network,commuter,1,0.05,0
HUT100544,Gampaha,GAM_11,English,Lite 5GB,5,499,39,0.0,0,network,static,1,0.552,1
HUT100545,Kurunegala,KUR_10,Sinhala,Lite 5GB,5,599,18,0.0,0,healthy,commuter,0,0.552,0
HUT100546,Jaffna,JAF_09,English,Value 15GB,15,1045,57,0.0,0,healthy,static,1,0.05,0
HUT100547,Galle,GAL_08,Sinhala,Lite 5GB,5,554,7,0.0,0,healthy,commuter,1,0.05,0
HUT100548,Batticaloa,BAT_07,Tamil,Lite 5GB,5,469,71,0.0,0,healthy,commuter,0,0.05,0
HUT100549,Negombo,NEG_01,Sinhala,Unlimited,100,2897,56,0.0,2,network,commuter,1,0.552,0
HUT100550,Ratnapura,RAT_12,Sinhala,Lite 5GB,5,553,67,0.0,0,plan_too_big,static,1,0.05,1
HUT100551,Colombo,COL_11,Tamil,Value 15GB,15,954,70,0.0,0,healthy,commuter,1,0.05,0
HUT100552,Trincomalee,TRI_09,Tamil,Max 40GB,40,1864,7,647.0,2,bill_shock,commuter,0,0.05,1
HUT100553,Kurunegala,KUR_05,Sinhala,Max 40GB,40,1900,25,0.0,0,plan_too_big,static,1,0.552,0
HUT100554,Kandy,KAN_02,English,Max 40GB,40,1933,55,0.0,0,bored,static,0,0.552,1
HUT100555,Ratnapura,RAT_01,Sinhala,Lite 5GB,5,600,49,0.0,1,network,static,0,0.05,0
HUT100556,Trincomalee,TRI_08,Sinhala,Lite 5GB,5,633,49,0.0,2,network,static,1,0.05,1
HUT100557,Anuradhapura,ANU_02,Sinhala,Lite 5GB,5,461,72,0.0,3,network,commuter,1,0.05,1
HUT100558,Anuradhapura,ANU_01,English,Max 40GB,40,2191,51,0.0,0,bored,static,1,0.05,1
HUT100559,Anuradhapura,ANU_06,English,Value 15GB,15,1149,13,0.0,0,plan_too_big,commuter,0,0.05,0
HUT100560,Kandy,KAN_09,English,Value 15GB,15,1048,17,418.0,1,bill_shock,commuter,0,0.552,1
HUT100561,Trincomalee,TRI_12,Tamil,Value 15GB,15,1062,45,0.0,0,plan_too_big,static,0,0.05,0
HUT100562,Galle,GAL_01,English,Value 15GB,15,953,46,786.0,0,bill_shock,commuter,0,0.05,0
HUT100563,Kandy,KAN_10,Sinhala,Value 15GB,15,972,16,0.0,0,plan_too_big,commuter,1,0.552,1
HUT100564,Gampaha,GAM_11,Sinhala,Unlimited,100,2813,43,0.0,0,network,static,0,0.552,0
HUT100565,Anuradhapura,ANU_02,English,Max 40GB,40,2184,63,0.0,0,bored,commuter,0,0.05,0
HUT100566,Batticaloa,BAT_03,Tamil,Lite 5GB,5,500,15,0.0,0,healthy,commuter,0,0.05,0
HUT100567,Ratnapura,RAT_03,Sinhala,Max 40GB,40,1887,24,0.0,0,plan_too_small,static,0,0.05,0
HUT100568,Galle,GAL_09,English,Lite 5GB,5,546,65,0.0,0,plan_too_small,commuter,0,0.05,0
HUT100569,Gampaha,GAM_12,Sinhala,Max 40GB,40,2090,60,0.0,0,healthy,commuter,1,0.552,0
HUT100570,Negombo,NEG_11,Sinhala,Max 40GB,40,1803,16,0.0,0,healthy,commuter,1,0.552,0
HUT100571,Matara,MAT_02,Sinhala,Max 40GB,40,2044,56,0.0,0,healthy,static,0,0.05,0
HUT100572,Trincomalee,TRI_11,Sinhala,Lite 5GB,5,496,10,188.0,1,bill_shock,commuter,0,0.05,0
HUT100573,Batticaloa,BAT_01,English,Unlimited,100,2783,5,595.0,0,bill_shock,commuter,1,0.05,0
HUT100574,Negombo,NEG_05,English,Value 15GB,15,1275,45,0.0,0,bored,static,0,0.552,0
HUT100575,Batticaloa,BAT_11,Tamil,Lite 5GB,5,579,51,327.0,1,bill_shock,commuter,1,0.05,0
HUT100576,Colombo,COL_03,Tamil,Unlimited,100,3570,58,285.0,0,bill_shock,static,0,0.05,0
HUT100577,Jaffna,JAF_05,Tamil,Value 15GB,15,1238,29,0.0,0,traveller,commuter,0,0.05,0
HUT100578,Trincomalee,TRI_11,Sinhala,Value 15GB,15,1160,32,0.0,0,healthy,static,1,0.05,0
HUT100579,Colombo,COL_04,Tamil,Max 40GB,40,1969,44,0.0,0,network,roamer,0,0.05,1
HUT100580,Colombo,COL_11,Tamil,Lite 5GB,5,548,58,0.0,0,traveller,roamer,0,0.05,0
HUT100581,Ratnapura,RAT_12,Sinhala,Max 40GB,40,1994,48,0.0,0,healthy,static,1,0.05,0
HUT100582,Galle,GAL_09,Sinhala,Value 15GB,15,1235,2,662.0,0,bill_shock,commuter,0,0.05,0
HUT100583,Kandy,KAN_12,Sinhala,Unlimited,100,3614,68,0.0,0,plan_too_big,static,0,0.552,0
HUT100584,Ratnapura,RAT_10,Sinhala,Max 40GB,40,1826,29,0.0,0,bored,static,1,0.05,1
HUT100585,Matara,MAT_03,Sinhala,Unlimited,100,2845,40,0.0,0,traveller,roamer,0,0.05,0
HUT100586,Galle,GAL_01,Sinhala,Unlimited,100,2947,50,414.0,0,bill_shock,static,1,0.05,0
HUT100587,Anuradhapura,ANU_08,English,Lite 5GB,5,460,52,0.0,0,traveller,commuter,0,0.05,0
HUT100588,Matara,MAT_12,Sinhala,Value 15GB,15,1114,43,0.0,0,traveller,static,0,0.05,0
HUT100589,Kandy,KAN_11,Sinhala,Unlimited,100,2895,15,0.0,0,healthy,commuter,1,0.552,0
HUT100590,Kurunegala,KUR_02,English,Max 40GB,40,1909,7,0.0,0,healthy,static,1,0.552,1
HUT100591,Gampaha,GAM_12,English,Lite 5GB,5,543,34,0.0,0,network,commuter,1,0.552,1
HUT100592,Gampaha,GAM_12,Sinhala,Lite 5GB,5,460,44,0.0,1,network,static,1,0.552,1
HUT100593,Ratnapura,RAT_01,English,Max 40GB,40,1704,58,0.0,0,healthy,commuter,1,0.05,0
HUT100594,Kandy,KAN_06,English,Lite 5GB,5,517,32,610.0,1,bill_shock,commuter,1,0.552,0
HUT100595,Trincomalee,TRI_07,English,Unlimited,100,3766,61,0.0,0,healthy,commuter,0,0.05,0
HUT100596,Kandy,KAN_05,Sinhala,Value 15GB,15,1217,22,0.0,0,network,commuter,0,0.552,0
HUT100597,Colombo,COL_03,Sinhala,Lite 5GB,5,483,21,0.0,0,bored,roamer,0,0.05,0
HUT100598,Anuradhapura,ANU_02,Sinhala,Value 15GB,15,928,14,0.0,0,network,commuter,0,0.05,1
HUT100599,Ratnapura,RAT_09,Sinhala,Max 40GB,40,1804,43,0.0,0,bored,roamer,0,0.05,0
HUT100600,Colombo,COL_02,Tamil,Lite 5GB,5,573,9,0.0,0,traveller,commuter,0,0.05,0
HUT100601,Galle,GAL_01,Sinhala,Value 15GB,15,968,13,0.0,0,bored,commuter,0,0.05,0
HUT100602,Kurunegala,KUR_02,Sinhala,Lite 5GB,5,477,53,0.0,0,traveller,static,0,0.552,0
HUT100603,Colombo,COL_05,English,Max 40GB,40,1777,29,0.0,0,healthy,commuter,1,0.05,0
HUT100604,Anuradhapura,ANU_02,Sinhala,Value 15GB,15,1227,57,0.0,1,network,commuter,1,0.05,0
HUT100605,Trincomalee,TRI_06,Sinhala,Value 15GB,15,1139,50,0.0,0,bored,roamer,0,0.05,0
HUT100606,Jaffna,JAF_03,Tamil,Max 40GB,40,2219,30,0.0,0,traveller,static,0,0.05,0
HUT100607,Gampaha,GAM_04,Sinhala,Value 15GB,15,1093,68,0.0,1,network,static,1,0.552,0
HUT100608,Negombo,NEG_08,English,Lite 5GB,5,476,58,351.0,0,bill_shock,commuter,0,0.552,1
HUT100609,Galle,GAL_01,Sinhala,Lite 5GB,5,496,15,381.0,0,bill_shock,static,0,0.05,1
HUT100610,Kandy,KAN_02,Sinhala,Lite 5GB,5,527,47,0.0,0,bored,static,1,0.552,0
HUT100611,Negombo,NEG_06,English,Lite 5GB,5,572,52,0.0,0,healthy,static,1,0.552,0
HUT100612,Kurunegala,KUR_09,Sinhala,Value 15GB,15,1269,39,0.0,0,healthy,commuter,0,0.552,1
HUT100613,Colombo,COL_01,Sinhala,Unlimited,100,3614,41,0.0,0,plan_too_small,static,0,0.05,0
HUT100614,Batticaloa,BAT_09,English,Lite 5GB,5,553,44,0.0,0,traveller,commuter,0,0.05,0
HUT100615,Anuradhapura,ANU_09,Sinhala,Value 15GB,15,1244,53,0.0,0,plan_too_big,roamer,0,0.05,0
HUT100616,Matara,MAT_02,English,Max 40GB,40,2122,56,0.0,0,network,commuter,0,0.05,1
HUT100617,Anuradhapura,ANU_12,Sinhala,Value 15GB,15,1188,31,0.0,0,healthy,static,0,0.05,0
HUT100618,Kandy,KAN_05,Sinhala,Lite 5GB,5,562,63,0.0,0,healthy,static,0,0.552,0
HUT100619,Kurunegala,KUR_11,English,Value 15GB,15,1063,15,0.0,0,plan_too_big,static,1,0.552,0
HUT100620,Kurunegala,KUR_10,Sinhala,Lite 5GB,5,602,51,0.0,0,healthy,static,0,0.552,0
HUT100621,Jaffna,JAF_11,Tamil,Max 40GB,40,1863,26,0.0,0,healthy,static,0,0.05,0
HUT100622,Negombo,NEG_06,English,Value 15GB,15,1229,37,298.0,1,bill_shock,static,0,0.552,1
HUT100623,Jaffna,JAF_01,Tamil,Value 15GB,15,1272,20,0.0,0,healthy,static,0,0.05,0
HUT100624,Ratnapura,RAT_01,English,Max 40GB,40,2146,52,0.0,0,healthy,commuter,0,0.05,0
HUT100625,Batticaloa,BAT_10,Tamil,Lite 5GB,5,549,71,0.0,0,healthy,commuter,1,0.05,0
HUT100626,Gampaha,GAM_11,Sinhala,Lite 5GB,5,526,45,0.0,0,network,commuter,0,0.552,0
HUT100627,Jaffna,JAF_04,English,Max 40GB,40,1772,2,0.0,0,plan_too_small,static,1,0.05,0
HUT100628,Galle,GAL_08,Sinhala,Lite 5GB,5,548,42,0.0,0,traveller,commuter,1,0.05,0
HUT100629,Ratnapura,RAT_06,English,Lite 5GB,5,533,51,0.0,0,plan_too_big,static,1,0.05,0
HUT100630,Kandy,KAN_09,Sinhala,Unlimited,100,3581,27,661.0,1,bill_shock,roamer,1,0.552,1
HUT100631,Kandy,KAN_04,English,Value 15GB,15,1243,8,0.0,0,healthy,commuter,1,0.552,1
HUT100632,Kandy,KAN_11,Sinhala,Value 15GB,15,1096,67,0.0,0,healthy,commuter,0,0.552,0
HUT100633,Anuradhapura,ANU_04,English,Lite 5GB,5,463,15,0.0,0,healthy,static,0,0.05,0
HUT100634,Gampaha,GAM_04,Sinhala,Value 15GB,15,1013,54,0.0,1,network,static,0,0.552,0
HUT100635,Gampaha,GAM_04,Sinhala,Value 15GB,15,1071,21,0.0,1,network,commuter,1,0.552,1
HUT100636,Kandy,KAN_11,English,Lite 5GB,5,474,33,0.0,0,healthy,static,1,0.552,0
HUT100637,Colombo,COL_10,English,Value 15GB,15,1254,28,0.0,0,healthy,commuter,0,0.05,1
HUT100638,Trincomalee,TRI_03,English,Value 15GB,15,1244,22,0.0,0,traveller,static,0,0.05,0
HUT100639,Galle,GAL_03,Sinhala,Value 15GB,15,1032,31,0.0,0,traveller,commuter,1,0.05,0
HUT100640,Negombo,NEG_02,Sinhala,Lite 5GB,5,527,15,0.0,0,traveller,commuter,0,0.552,0
HUT100641,Jaffna,JAF_01,English,Lite 5GB,5,577,21,0.0,0,healthy,commuter,0,0.05,0
HUT100642,Jaffna,JAF_12,English,Lite 5GB,5,506,30,0.0,0,healthy,roamer,0,0.05,0
HUT100643,Anuradhapura,ANU_02,Sinhala,Lite 5GB,5,557,68,0.0,4,network,commuter,1,0.05,1
HUT100644,Negombo,NEG_12,English,Lite 5GB,5,492,7,0.0,0,healthy,static,0,0.552,0
HUT100645,Gampaha,GAM_08,Sinhala,Max 40GB,40,1874,48,0.0,0,traveller,roamer,0,0.552,0
HUT100646,Matara,MAT_03,Sinhala,Value 15GB,15,1272,45,0.0,0,plan_too_big,commuter,1,0.05,0
HUT100647,Galle,GAL_06,Sinhala,Value 15GB,15,1221,58,0.0,0,traveller,static,0,0.05,0
HUT100648,Matara,MAT_01,Sinhala,Max 40GB,40,2043,39,0.0,0,healthy,commuter,1,0.05,0
HUT100649,Ratnapura,RAT_03,English,Lite 5GB,5,591,62,0.0,0,plan_too_small,commuter,0,0.05,0
HUT100650,Kandy,KAN_05,English,Max 40GB,40,1995,34,0.0,0,healthy,static,0,0.552,0
HUT100651,Kurunegala,KUR_11,Sinhala,Lite 5GB,5,486,41,0.0,0,healthy,roamer,1,0.552,0
HUT100652,Negombo,NEG_09,Sinhala,Lite 5GB,5,523,30,0.0,0,healthy,static,0,0.552,0
HUT100653,Kurunegala,KUR_07,English,Max 40GB,40,1877,15,0.0,0,healthy,static,1,0.552,0
HUT100654,Kandy,KAN_11,Sinhala,Lite 5GB,5,544,70,0.0,0,healthy,commuter,1,0.552,0
HUT100655,Colombo,COL_03,Tamil,Max 40GB,40,1889,3,0.0,0,traveller,commuter,1,0.05,0
HUT100656,Jaffna,JAF_01,Tamil,Value 15GB,15,1238,50,0.0,0,healthy,commuter,0,0.05,0
HUT100657,Colombo,COL_10,English,Max 40GB,40,1741,24,0.0,0,network,commuter,1,0.05,1
HUT100658,Gampaha,GAM_04,Sinhala,Unlimited,100,3329,68,0.0,0,network,static,0,0.552,1
HUT100659,Anuradhapura,ANU_11,Sinhala,Value 15GB,15,1233,12,0.0,0,bored,roamer,0,0.05,0
HUT100660,Batticaloa,BAT_08,English,Lite 5GB,5,532,66,265.0,0,bill_shock,static,1,0.05,0
HUT100661,Batticaloa,BAT_07,Tamil,Max 40GB,40,2319,15,0.0,0,healthy,commuter,1,0.05,0
HUT100662,Kandy,KAN_05,Sinhala,Value 15GB,15,1059,26,0.0,1,network,static,0,0.552,1
HUT100663,Kandy,KAN_06,English,Lite 5GB,5,468,6,0.0,0,bored,commuter,0,0.552,1
HUT100664,Jaffna,JAF_08,Tamil,Value 15GB,15,1042,9,0.0,0,healthy,commuter,0,0.05,1
HUT100665,Ratnapura,RAT_11,English,Lite 5GB,5,543,33,0.0,0,healthy,static,0,0.05,0
HUT100666,Batticaloa,BAT_07,English,Max 40GB,40,2191,70,0.0,0,healthy,commuter,0,0.05,0
HUT100667,Kurunegala,KUR_06,Sinhala,Lite 5GB,5,502,69,0.0,0,healthy,static,1,0.552,0
HUT100668,Ratnapura,RAT_09,Sinhala,Unlimited,100,2919,7,0.0,0,traveller,commuter,1,0.05,0
HUT100669,Matara,MAT_03,Sinhala,Value 15GB,15,961,41,0.0,0,healthy,commuter,0,0.05,0
HUT100670,Colombo,COL_02,Tamil,Value 15GB,15,1048,12,0.0,0,healthy,static,0,0.05,0
HUT100671,Trincomalee,TRI_02,Sinhala,Value 15GB,15,1268,35,0.0,0,healthy,roamer,0,0.05,0
HUT100672,Ratnapura,RAT_12,English,Max 40GB,40,2114,23,0.0,1,network,static,0,0.05,0
HUT100673,Colombo,COL_10,Tamil,Max 40GB,40,2116,40,0.0,0,bored,static,0,0.05,1
HUT100674,Kurunegala,KUR_03,English,Value 15GB,15,927,59,787.0,1,bill_shock,commuter,0,0.552,1
HUT100675,Negombo,NEG_07,English,Lite 5GB,5,469,9,815.0,2,bill_shock,commuter,0,0.552,0
HUT100676,Gampaha,GAM_01,Sinhala,Lite 5GB,5,524,46,0.0,0,plan_too_big,static,0,0.552,0
HUT100677,Gampaha,GAM_12,Sinhala,Lite 5GB,5,631,52,0.0,0,plan_too_big,static,1,0.552,1
HUT100678,Kandy,KAN_01,English,Value 15GB,15,912,9,0.0,0,healthy,roamer,1,0.552,0
HUT100679,Galle,GAL_02,Sinhala,Unlimited,100,2768,35,0.0,0,healthy,commuter,0,0.05,0
HUT100680,Gampaha,GAM_06,English,Value 15GB,15,1236,54,0.0,0,traveller,commuter,1,0.552,0
HUT100681,Anuradhapura,ANU_01,Sinhala,Unlimited,100,3066,23,0.0,0,healthy,commuter,1,0.05,0
HUT100682,Galle,GAL_02,Sinhala,Lite 5GB,5,586,65,0.0,0,bored,static,0,0.05,0
HUT100683,Galle,GAL_06,English,Max 40GB,40,1732,60,0.0,0,plan_too_small,commuter,0,0.05,0
HUT100684,Jaffna,JAF_07,Tamil,Max 40GB,40,2084,29,0.0,0,plan_too_small,commuter,1,0.05,0
HUT100685,Matara,MAT_11,Sinhala,Lite 5GB,5,484,27,0.0,0,healthy,commuter,0,0.05,0
HUT100686,Jaffna,JAF_01,Tamil,Lite 5GB,5,627,71,0.0,0,bored,commuter,1,0.05,0
HUT100687,Matara,MAT_05,Sinhala,Lite 5GB,5,476,16,0.0,0,bored,roamer,0,0.05,0
HUT100688,Anuradhapura,ANU_05,Sinhala,Max 40GB,40,2207,23,0.0,1,network,static,0,0.05,1
HUT100689,Trincomalee,TRI_12,Sinhala,Value 15GB,15,1257,27,0.0,0,healthy,commuter,1,0.05,0
HUT100690,Negombo,NEG_05,English,Value 15GB,15,1255,24,0.0,0,healthy,static,0,0.552,0
HUT100691,Batticaloa,BAT_06,Tamil,Value 15GB,15,1080,18,0.0,0,plan_too_big,static,0,0.05,0
HUT100692,Negombo,NEG_01,Sinhala,Unlimited,100,3288,16,0.0,0,network,static,0,0.552,1
HUT100693,Gampaha,GAM_04,English,Value 15GB,15,1135,19,0.0,2,network,commuter,0,0.552,1
HUT100694,Negombo,NEG_07,Sinhala,Lite 5GB,5,530,30,0.0,0,traveller,commuter,0,0.552,0
HUT100695,Colombo,COL_03,Tamil,Max 40GB,40,1906,68,0.0,0,traveller,commuter,0,0.05,0
HUT100696,Kandy,KAN_10,English,Value 15GB,15,1203,62,0.0,0,plan_too_small,static,1,0.552,0
HUT100697,Batticaloa,BAT_06,Tamil,Value 15GB,15,1147,67,354.0,0,bill_shock,commuter,1,0.05,0
HUT100698,Matara,MAT_08,Sinhala,Value 15GB,15,964,8,0.0,0,healthy,static,0,0.05,0
HUT100699,Trincomalee,TRI_03,Sinhala,Value 15GB,15,1004,7,323.0,0,bill_shock,commuter,0,0.05,0
HUT100700,Ratnapura,RAT_05,Sinhala,Value 15GB,15,1001,27,0.0,0,healthy,static,1,0.05,0
HUT100701,Kandy,KAN_11,English,Unlimited,100,3849,56,0.0,0,healthy,static,1,0.552,0
HUT100702,Matara,MAT_07,Sinhala,Unlimited,100,3563,67,0.0,0,healthy,static,0,0.05,0
HUT100703,Gampaha,GAM_11,Sinhala,Lite 5GB,5,482,31,375.0,0,bill_shock,static,1,0.552,1
HUT100704,Kandy,KAN_09,Sinhala,Max 40GB,40,1953,22,0.0,0,plan_too_small,static,0,0.552,0
HUT100705,Negombo,NEG_01,Sinhala,Unlimited,100,3629,8,0.0,0,healthy,static,0,0.552,0
HUT100706,Colombo,COL_10,Tamil,Unlimited,100,3314,47,0.0,0,network,static,0,0.05,1
HUT100707,Gampaha,GAM_02,Sinhala,Unlimited,100,3393,72,409.0,1,bill_shock,static,1,0.552,1
HUT100708,Trincomalee,TRI_08,Sinhala,Lite 5GB,5,612,10,0.0,3,network,commuter,1,0.05,1
HUT100709,Trincomalee,TRI_04,English,Unlimited,100,3159,13,0.0,0,bored,static,0,0.05,0
HUT100710,Jaffna,JAF_05,Tamil,Unlimited,100,3801,30,0.0,0,healthy,static,0,0.05,0
HUT100711,Gampaha,GAM_01,Sinhala,Lite 5GB,5,561,67,0.0,0,traveller,static,1,0.552,0
HUT100712,Kurunegala,KUR_06,Sinhala,Max 40GB,40,1960,64,0.0,0,healthy,commuter,1,0.552,0
HUT100713,Negombo,NEG_08,English,Max 40GB,40,2022,40,0.0,0,healthy,commuter,0,0.552,0
HUT100714,Ratnapura,RAT_12,Sinhala,Lite 5GB,5,580,64,0.0,1,network,static,1,0.05,1
HUT100715,Negombo,NEG_10,Sinhala,Max 40GB,40,1919,59,0.0,0,plan_too_big,commuter,1,0.552,0
HUT100716,Jaffna,JAF_07,English,Max 40GB,40,1761,18,0.0,0,healthy,commuter,1,0.05,0
HUT100717,Matara,MAT_08,Sinhala,Lite 5GB,5,614,20,0.0,0,plan_too_big,commuter,1,0.05,0
HUT100718,Anuradhapura,ANU_06,English,Lite 5GB,5,520,26,0.0,0,healthy,commuter,1,0.05,0
HUT100719,Trincomalee,TRI_09,Sinhala,Value 15GB,15,1018,72,0.0,1,network,commuter,0,0.05,1
HUT100720,Colombo,COL_11,Tamil,Max 40GB,40,1738,25,0.0,0,plan_too_big,roamer,1,0.05,0
HUT100721,Negombo,NEG_09,Sinhala,Lite 5GB,5,541,52,503.0,1,bill_shock,commuter,0,0.552,0
HUT100722,Colombo,COL_05,Tamil,Value 15GB,15,1199,24,0.0,0,healthy,static,0,0.05,0
HUT100723,Trincomalee,TRI_09,Tamil,Unlimited,100,3381,65,0.0,0,healthy,commuter,0,0.05,0
HUT100724,Trincomalee,TRI_01,English,Value 15GB,15,1114,4,0.0,0,bored,commuter,0,0.05,0
HUT100725,Gampaha,GAM_08,English,Max 40GB,40,1803,26,0.0,0,bored,commuter,0,0.552,1
HUT100726,Kurunegala,KUR_04,Sinhala,Max 40GB,40,1979,31,493.0,0,bill_shock,commuter,0,0.552,0
HUT100727,Gampaha,GAM_01,Sinhala,Value 15GB,15,1033,33,589.0,0,bill_shock,commuter,0,0.552,0
HUT100728,Gampaha,GAM_09,Sinhala,Max 40GB,40,1955,60,0.0,0,healthy,static,0,0.552,0
HUT100729,Kandy,KAN_07,English,Max 40GB,40,1857,17,0.0,0,healthy,commuter,0,0.552,0
HUT100730,Galle,GAL_07,Sinhala,Value 15GB,15,1269,47,221.0,1,bill_shock,static,0,0.05,0
HUT100731,Trincomalee,TRI_02,English,Value 15GB,15,1192,12,219.0,0,bill_shock,static,0,0.05,0
HUT100732,Trincomalee,TRI_12,Sinhala,Value 15GB,15,1020,10,0.0,0,healthy,commuter,1,0.05,0
HUT100733,Matara,MAT_03,Sinhala,Lite 5GB,5,541,16,523.0,0,bill_shock,static,0,0.05,0
HUT100734,Batticaloa,BAT_07,Tamil,Value 15GB,15,1242,17,0.0,0,healthy,static,1,0.05,1
HUT100735,Batticaloa,BAT_08,Tamil,Lite 5GB,5,561,60,0.0,0,healthy,static,0,0.05,0
HUT100736,Kandy,KAN_10,Sinhala,Lite 5GB,5,588,23,0.0,0,healthy,commuter,0,0.552,0
HUT100737,Negombo,NEG_01,Sinhala,Value 15GB,15,947,45,0.0,0,bored,commuter,0,0.552,1
HUT100738,Kurunegala,KUR_11,Sinhala,Lite 5GB,5,462,70,0.0,0,healthy,static,1,0.552,0
HUT100739,Ratnapura,RAT_12,English,Value 15GB,15,1057,66,0.0,0,network,static,0,0.05,1
HUT100740,Gampaha,GAM_04,English,Lite 5GB,5,546,42,0.0,0,network,commuter,0,0.552,1
HUT100741,Matara,MAT_07,English,Unlimited,100,2845,8,0.0,0,healthy,static,1,0.05,0
HUT100742,Ratnapura,RAT_10,English,Lite 5GB,5,600,22,0.0,0,healthy,commuter,1,0.05,0
HUT100743,Gampaha,GAM_02,English,Value 15GB,15,1141,3,0.0,3,network,commuter,0,0.552,1
HUT100744,Kurunegala,KUR_05,English,Value 15GB,15,1105,7,0.0,0,plan_too_big,commuter,1,0.552,1
HUT100745,Kandy,KAN_02,Sinhala,Unlimited,100,2789,29,0.0,0,plan_too_small,static,0,0.552,0
HUT100746,Jaffna,JAF_12,Tamil,Max 40GB,40,2032,41,0.0,0,healthy,commuter,1,0.05,0
HUT100747,Matara,MAT_10,Sinhala,Lite 5GB,5,514,71,0.0,0,plan_too_big,roamer,0,0.05,0
HUT100748,Jaffna,JAF_12,Tamil,Value 15GB,15,967,5,0.0,0,plan_too_big,commuter,1,0.05,0
HUT100749,Negombo,NEG_05,Sinhala,Unlimited,100,3158,8,301.0,0,bill_shock,static,0,0.552,0
HUT100750,Galle,GAL_08,English,Lite 5GB,5,503,48,0.0,0,healthy,commuter,0,0.05,0
HUT100751,Gampaha,GAM_12,English,Value 15GB,15,1115,7,0.0,1,network,static,0,0.552,0
HUT100752,Kurunegala,KUR_09,English,Value 15GB,15,1262,48,0.0,0,bored,roamer,1,0.552,0
HUT100753,Negombo,NEG_09,English,Lite 5GB,5,609,33,879.0,1,bill_shock,commuter,1,0.552,0
HUT100754,Matara,MAT_02,English,Lite 5GB,5,545,43,0.0,0,traveller,roamer,1,0.05,0
HUT100755,Kandy,KAN_07,Sinhala,Value 15GB,15,926,50,0.0,0,healthy,static,0,0.552,0
HUT100756,Jaffna,JAF_09,English,Value 15GB,15,914,22,0.0,0,plan_too_big,commuter,0,0.05,0
HUT100757,Kurunegala,KUR_04,Sinhala,Max 40GB,40,1754,49,816.0,0,bill_shock,static,1,0.552,0
HUT100758,Jaffna,JAF_06,Tamil,Max 40GB,40,1655,60,0.0,1,network,static,0,0.05,0
HUT100759,Anuradhapura,ANU_09,Sinhala,Max 40GB,40,1884,40,807.0,1,bill_shock,roamer,1,0.05,1
HUT100760,Matara,MAT_08,Sinhala,Max 40GB,40,2142,69,0.0,0,plan_too_small,commuter,0,0.05,0
HUT100761,Batticaloa,BAT_01,Tamil,Unlimited,100,3687,72,868.0,2,bill_shock,commuter,1,0.05,0
HUT100762,Batticaloa,BAT_09,Tamil,Value 15GB,15,1000,21,0.0,0,bored,roamer,0,0.05,0
HUT100763,Gampaha,GAM_04,Sinhala,Unlimited,100,3009,18,0.0,0,plan_too_big,static,0,0.552,0
HUT100764,Kandy,KAN_10,Sinhala,Unlimited,100,3393,52,0.0,0,healthy,static,1,0.552,0
HUT100765,Negombo,NEG_03,Sinhala,Value 15GB,15,1056,31,218.0,2,bill_shock,static,0,0.552,0
HUT100766,Anuradhapura,ANU_01,English,Value 15GB,15,1006,13,0.0,0,plan_too_big,static,0,0.05,0
HUT100767,Negombo,NEG_10,English,Unlimited,100,3280,11,0.0,0,healthy,commuter,0,0.552,0
HUT100768,Galle,GAL_02,Sinhala,Lite 5GB,5,607,44,0.0,0,traveller,commuter,0,0.05,0
HUT100769,Jaffna,JAF_01,Tamil,Max 40GB,40,1809,60,246.0,1,bill_shock,static,1,0.05,0
HUT100770,Ratnapura,RAT_04,English,Lite 5GB,5,613,14,0.0,0,healthy,commuter,0,0.05,0
HUT100771,Jaffna,JAF_05,Tamil,Value 15GB,15,1257,51,0.0,2,network,static,1,0.05,1
HUT100772,Jaffna,JAF_06,Tamil,Max 40GB,40,2059,16,0.0,0,traveller,commuter,1,0.05,0
HUT100773,Negombo,NEG_11,Sinhala,Lite 5GB,5,482,61,0.0,0,healthy,commuter,1,0.552,0
HUT100774,Negombo,NEG_01,English,Value 15GB,15,1274,68,0.0,1,network,commuter,0,0.552,1
HUT100775,Batticaloa,BAT_12,Tamil,Value 15GB,15,1131,16,0.0,0,healthy,static,1,0.05,0
HUT100776,Jaffna,JAF_04,Tamil,Unlimited,100,3474,16,332.0,1,bill_shock,static,1,0.05,1
HUT100777,Kurunegala,KUR_02,Sinhala,Value 15GB,15,1013,44,0.0,0,healthy,static,1,0.552,0
HUT100778,Kandy,KAN_01,English,Value 15GB,15,928,14,0.0,0,traveller,commuter,0,0.552,0
HUT100779,Galle,GAL_11,Sinhala,Max 40GB,40,2231,34,0.0,0,plan_too_big,static,1,0.05,0
HUT100780,Anuradhapura,ANU_08,Sinhala,Lite 5GB,5,612,57,0.0,0,traveller,commuter,0,0.05,0
HUT100781,Gampaha,GAM_12,Sinhala,Lite 5GB,5,455,59,0.0,0,network,commuter,0,0.552,1
HUT100782,Gampaha,GAM_11,Sinhala,Value 15GB,15,1176,68,0.0,0,network,commuter,0,0.552,0
HUT100783,Galle,GAL_10,Sinhala,Lite 5GB,5,506,36,0.0,0,traveller,commuter,1,0.05,0
HUT100784,Galle,GAL_11,English,Lite 5GB,5,612,7,0.0,0,healthy,commuter,0,0.05,0
HUT100785,Gampaha,GAM_09,Sinhala,Value 15GB,15,952,7,0.0,0,healthy,static,0,0.552,0
HUT100786,Matara,MAT_07,Sinhala,Lite 5GB,5,515,27,0.0,0,healthy,commuter,0,0.05,0
HUT100787,Ratnapura,RAT_10,Sinhala,Max 40GB,40,1992,37,0.0,0,bored,static,1,0.05,0
HUT100788,Trincomalee,TRI_09,English,Value 15GB,15,1003,7,0.0,0,bored,static,0,0.05,0
HUT100789,Kurunegala,KUR_05,Sinhala,Lite 5GB,5,501,14,0.0,0,healthy,commuter,1,0.552,0
HUT100790,Trincomalee,TRI_02,Sinhala,Lite 5GB,5,479,32,0.0,0,plan_too_big,static,0,0.05,0
HUT100791,Trincomalee,TRI_04,Sinhala,Value 15GB,15,1255,34,0.0,0,traveller,static,1,0.05,0
HUT100792,Matara,MAT_04,English,Max 40GB,40,1816,60,0.0,0,plan_too_big,commuter,0,0.05,0
HUT100793,Batticaloa,BAT_12,Tamil,Unlimited,100,3021,4,0.0,0,bored,static,1,0.05,0
HUT100794,Gampaha,GAM_05,English,Max 40GB,40,2310,29,586.0,1,bill_shock,commuter,0,0.552,1
HUT100795,Jaffna,JAF_01,Tamil,Value 15GB,15,1190,13,0.0,0,healthy,static,1,0.05,0
HUT100796,Trincomalee,TRI_06,English,Unlimited,100,2874,48,0.0,0,healthy,roamer,1,0.05,0
HUT100797,Anuradhapura,ANU_04,Sinhala,Value 15GB,15,1135,16,0.0,0,bored,commuter,1,0.05,1
HUT100798,Kurunegala,KUR_11,Sinhala,Unlimited,100,2920,14,487.0,0,bill_shock,commuter,0,0.552,0
HUT100799,Batticaloa,BAT_09,English,Max 40GB,40,1728,62,0.0,0,healthy,commuter,0,0.05,0
HUT100800,Trincomalee,TRI_03,Sinhala,Value 15GB,15,1232,53,0.0,0,healthy,commuter,1,0.05,0
HUT100801,Negombo,NEG_07,English,Value 15GB,15,1036,37,276.0,1,bill_shock,commuter,0,0.552,0
HUT100802,Colombo,COL_09,Sinhala,Lite 5GB,5,584,19,0.0,0,healthy,commuter,0,0.05,0
HUT100803,Trincomalee,TRI_07,Tamil,Value 15GB,15,1284,6,0.0,0,healthy,static,0,0.05,0
HUT100804,Kurunegala,KUR_06,Sinhala,Lite 5GB,5,557,20,0.0,0,traveller,commuter,0,0.552,0
HUT100805,Gampaha,GAM_12,English,Value 15GB,15,1269,54,0.0,0,plan_too_small,commuter,1,0.552,0
HUT100806,Jaffna,JAF_10,Tamil,Lite 5GB,5,628,59,0.0,0,network,static,0,0.05,1
HUT100807,Anuradhapura,ANU_01,English,Value 15GB,15,1279,72,857.0,2,bill_shock,commuter,0,0.05,0
HUT100808,Kandy,KAN_09,English,Value 15GB,15,1095,9,0.0,0,healthy,roamer,1,0.552,1
HUT100809,Kandy,KAN_05,Sinhala,Lite 5GB,5,511,55,0.0,0,plan_too_big,static,0,0.552,0
HUT100810,Matara,MAT_10,English,Lite 5GB,5,588,6,0.0,0,healthy,commuter,1,0.05,0
HUT100811,Gampaha,GAM_01,Sinhala,Lite 5GB,5,583,33,0.0,0,bored,commuter,0,0.552,0
HUT100812,Anuradhapura,ANU_03,Sinhala,Unlimited,100,2778,31,0.0,0,healthy,commuter,0,0.05,0
HUT100813,Kurunegala,KUR_11,Sinhala,Max 40GB,40,2139,21,0.0,0,healthy,static,0,0.552,0
HUT100814,Matara,MAT_11,Sinhala,Value 15GB,15,1234,69,0.0,0,healthy,roamer,0,0.05,0
HUT100815,Jaffna,JAF_09,English,Value 15GB,15,927,72,0.0,0,bored,static,0,0.05,0
HUT100816,Ratnapura,RAT_11,Sinhala,Unlimited,100,3593,4,0.0,0,traveller,static,0,0.05,0
HUT100817,Ratnapura,RAT_05,Sinhala,Max 40GB,40,1852,28,0.0,0,healthy,static,1,0.05,0
HUT100818,Galle,GAL_06,English,Lite 5GB,5,571,10,0.0,0,healthy,commuter,0,0.05,0
HUT100819,Anuradhapura,ANU_10,Sinhala,Lite 5GB,5,586,3,0.0,0,traveller,static,1,0.05,0
HUT100820,Ratnapura,RAT_01,Sinhala,Max 40GB,40,1698,31,0.0,0,healthy,static,0,0.05,0
HUT100821,Kandy,KAN_10,English,Value 15GB,15,973,34,0.0,0,healthy,commuter,1,0.552,1
HUT100822,Jaffna,JAF_08,Tamil,Value 15GB,15,1193,66,574.0,0,bill_shock,roamer,0,0.05,0
HUT100823,Colombo,COL_06,English,Value 15GB,15,1208,34,0.0,0,bored,static,0,0.05,0
HUT100824,Batticaloa,BAT_09,English,Lite 5GB,5,552,21,0.0,0,healthy,roamer,0,0.05,1
HUT100825,Kandy,KAN_09,English,Max 40GB,40,2026,23,0.0,0,healthy,static,0,0.552,0
HUT100826,Kandy,KAN_06,Sinhala,Max 40GB,40,1801,57,0.0,0,healthy,static,0,0.552,0
HUT100827,Trincomalee,TRI_05,English,Value 15GB,15,1070,24,0.0,0,healthy,static,1,0.05,0
HUT100828,Jaffna,JAF_07,English,Max 40GB,40,1854,42,0.0,0,healthy,commuter,0,0.05,0
HUT100829,Trincomalee,TRI_08,Tamil,Value 15GB,15,1282,10,0.0,0,bored,roamer,0,0.05,1
HUT100830,Batticaloa,BAT_05,Tamil,Lite 5GB,5,467,14,0.0,0,traveller,commuter,0,0.05,0
HUT100831,Gampaha,GAM_02,English,Max 40GB,40,2156,44,0.0,0,network,commuter,0,0.552,0
HUT100832,Anuradhapura,ANU_02,Sinhala,Value 15GB,15,1216,18,0.0,1,network,static,0,0.05,1
HUT100833,Negombo,NEG_08,Sinhala,Lite 5GB,5,455,70,389.0,0,bill_shock,commuter,1,0.552,1
HUT100834,Trincomalee,TRI_01,Sinhala,Value 15GB,15,952,20,0.0,0,healthy,commuter,0,0.05,0
HUT100835,Matara,MAT_06,Sinhala,Lite 5GB,5,451,52,0.0,0,healthy,static,1,0.05,0
HUT100836,Trincomalee,TRI_04,English,Value 15GB,15,951,4,574.0,0,bill_shock,commuter,1,0.05,1
HUT100837,Negombo,NEG_03,Sinhala,Lite 5GB,5,471,52,0.0,0,healthy,commuter,1,0.552,0
HUT100838,Jaffna,JAF_07,Tamil,Max 40GB,40,2235,15,0.0,0,plan_too_small,static,1,0.05,0
HUT100839,Kandy,KAN_08,Sinhala,Value 15GB,15,1172,54,0.0,0,plan_too_small,static,0,0.552,0
HUT100840,Kandy,KAN_04,Sinhala,Max 40GB,40,2099,57,0.0,0,traveller,commuter,0,0.552,0
HUT100841,Anuradhapura,ANU_03,English,Value 15GB,15,1198,44,0.0,0,healthy,static,1,0.05,0
HUT100842,Anuradhapura,ANU_04,Sinhala,Lite 5GB,5,517,6,0.0,0,healthy,commuter,1,0.05,0
HUT100843,Jaffna,JAF_01,Tamil,Unlimited,100,3333,45,0.0,0,healthy,commuter,1,0.05,0
HUT100844,Anuradhapura,ANU_03,English,Value 15GB,15,1099,9,0.0,0,healthy,static,0,0.05,0
HUT100845,Kurunegala,KUR_07,Sinhala,Value 15GB,15,1271,60,0.0,0,bored,static,0,0.552,0
HUT100846,Kurunegala,KUR_07,Sinhala,Value 15GB,15,1146,17,0.0,0,plan_too_big,commuter,0,0.552,0
HUT100847,Kurunegala,KUR_01,English,Value 15GB,15,1095,2,0.0,0,traveller,static,0,0.552,0
HUT100848,Trincomalee,TRI_08,English,Max 40GB,40,1675,51,0.0,0,bored,commuter,1,0.05,1
HUT100849,Anuradhapura,ANU_06,English,Max 40GB,40,2222,68,0.0,0,healthy,commuter,0,0.05,1
HUT100850,Anuradhapura,ANU_02,Sinhala,Value 15GB,15,1033,49,0.0,0,healthy,commuter,0,0.05,0
HUT100851,Batticaloa,BAT_02,Tamil,Lite 5GB,5,487,12,0.0,0,healthy,commuter,0,0.05,0
HUT100852,Negombo,NEG_05,Sinhala,Value 15GB,15,911,36,833.0,1,bill_shock,static,1,0.552,1
HUT100853,Anuradhapura,ANU_07,Sinhala,Value 15GB,15,1182,10,0.0,0,healthy,commuter,1,0.05,0
HUT100854,Trincomalee,TRI_09,Sinhala,Lite 5GB,5,511,11,0.0,0,network,static,1,0.05,1
HUT100855,Colombo,COL_05,English,Unlimited,100,3098,51,0.0,0,plan_too_small,roamer,0,0.05,0
HUT100856,Matara,MAT_06,Sinhala,Unlimited,100,2890,35,0.0,0,bored,commuter,0,0.05,0
HUT100857,Gampaha,GAM_08,Sinhala,Lite 5GB,5,549,71,853.0,2,bill_shock,roamer,0,0.552,0
HUT100858,Colombo,COL_07,English,Lite 5GB,5,529,10,0.0,0,healthy,commuter,1,0.05,0
HUT100859,Kurunegala,KUR_11,Sinhala,Value 15GB,15,1274,6,0.0,0,bored,static,1,0.552,1
HUT100860,Galle,GAL_01,Sinhala,Max 40GB,40,1746,5,0.0,0,traveller,static,0,0.05,0
HUT100861,Ratnapura,RAT_06,Sinhala,Value 15GB,15,1244,7,0.0,0,healthy,commuter,0,0.05,0
HUT100862,Negombo,NEG_12,Sinhala,Max 40GB,40,1933,69,834.0,0,bill_shock,commuter,0,0.552,0
HUT100863,Negombo,NEG_10,Sinhala,Lite 5GB,5,457,16,0.0,0,bored,static,1,0.552,1
HUT100864,Batticaloa,BAT_07,English,Lite 5GB,5,515,23,0.0,0,plan_too_big,commuter,0,0.05,0
HUT100865,Batticaloa,BAT_03,Tamil,Value 15GB,15,916,16,0.0,0,plan_too_small,commuter,1,0.05,0
HUT100866,Colombo,COL_12,Tamil,Lite 5GB,5,553,53,268.0,3,bill_shock,static,0,0.05,0
HUT100867,Trincomalee,TRI_12,Sinhala,Lite 5GB,5,486,65,0.0,0,healthy,roamer,1,0.05,0
HUT100868,Colombo,COL_12,Tamil,Max 40GB,40,2163,24,0.0,0,healthy,roamer,1,0.05,0
HUT100869,Jaffna,JAF_12,Tamil,Lite 5GB,5,514,22,0.0,0,healthy,commuter,0,0.05,0
HUT100870,Colombo,COL_03,Tamil,Value 15GB,15,1186,56,0.0,0,plan_too_big,static,0,0.05,0
HUT100871,Kandy,KAN_09,Sinhala,Unlimited,100,2754,38,0.0,0,healthy,roamer,0,0.552,0
HUT100872,Trincomalee,TRI_03,Sinhala,Max 40GB,40,1919,53,0.0,0,traveller,commuter,1,0.05,0
HUT100873,Trincomalee,TRI_10,Tamil,Max 40GB,40,1801,63,0.0,0,healthy,static,0,0.05,0
HUT100874,Anuradhapura,ANU_10,English,Value 15GB,15,1228,35,878.0,0,bill_shock,static,0,0.05,1
HUT100875,Kandy,KAN_12,Sinhala,Value 15GB,15,1238,45,0.0,0,healthy,commuter,0,0.552,0
HUT100876,Kandy,KAN_12,Sinhala,Lite 5GB,5,508,71,0.0,0,healthy,commuter,0,0.552,0
HUT100877,Ratnapura,RAT_06,Sinhala,Value 15GB,15,1029,9,0.0,0,healthy,static,1,0.05,0
HUT100878,Galle,GAL_07,Sinhala,Value 15GB,15,1064,32,0.0,0,healthy,roamer,0,0.05,0
HUT100879,Kandy,KAN_04,Sinhala,Max 40GB,40,1887,64,0.0,0,healthy,commuter,0,0.552,0
HUT100880,Galle,GAL_01,Sinhala,Lite 5GB,5,460,64,428.0,0,bill_shock,commuter,0,0.05,1
HUT100881,Negombo,NEG_05,Sinhala,Unlimited,100,2979,59,0.0,0,healthy,static,0,0.552,0
HUT100882,Negombo,NEG_03,English,Lite 5GB,5,595,47,0.0,0,healthy,static,0,0.552,0
HUT100883,Negombo,NEG_03,Sinhala,Max 40GB,40,1949,44,0.0,0,healthy,commuter,0,0.552,0
HUT100884,Trincomalee,TRI_12,Tamil,Lite 5GB,5,470,35,0.0,0,healthy,commuter,0,0.05,0
HUT100885,Gampaha,GAM_07,Sinhala,Lite 5GB,5,611,24,0.0,0,healthy,commuter,0,0.552,0
HUT100886,Gampaha,GAM_02,Sinhala,Value 15GB,15,1235,63,0.0,3,network,commuter,0,0.552,1
HUT100887,Kurunegala,KUR_01,Sinhala,Max 40GB,40,2060,39,0.0,0,healthy,commuter,0,0.552,0
HUT100888,Kandy,KAN_10,Sinhala,Lite 5GB,5,585,52,0.0,0,traveller,static,0,0.552,0
HUT100889,Ratnapura,RAT_12,Sinhala,Lite 5GB,5,624,16,0.0,1,network,roamer,0,0.05,1
HUT100890,Matara,MAT_05,Sinhala,Value 15GB,15,924,70,0.0,0,healthy,static,0,0.05,0
HUT100891,Batticaloa,BAT_09,Tamil,Lite 5GB,5,526,43,0.0,0,plan_too_big,static,1,0.05,0
HUT100892,Galle,GAL_01,Sinhala,Lite 5GB,5,522,57,0.0,0,healthy,commuter,1,0.05,0
HUT100893,Jaffna,JAF_06,Tamil,Max 40GB,40,2005,56,0.0,0,plan_too_big,static,0,0.05,0
HUT100894,Ratnapura,RAT_08,English,Max 40GB,40,2192,12,0.0,0,healthy,static,0,0.05,0
HUT100895,Ratnapura,RAT_08,English,Value 15GB,15,1047,44,0.0,0,traveller,commuter,0,0.05,0
HUT100896,Ratnapura,RAT_03,Sinhala,Lite 5GB,5,554,4,478.0,0,bill_shock,commuter,0,0.05,0
HUT100897,Anuradhapura,ANU_04,English,Unlimited,100,3256,65,0.0,0,plan_too_big,commuter,1,0.05,1
HUT100898,Negombo,NEG_03,Sinhala,Max 40GB,40,2184,11,0.0,0,healthy,roamer,1,0.552,1
HUT100899,Colombo,COL_02,Sinhala,Max 40GB,40,1702,49,0.0,0,healthy,static,0,0.05,0
HUT100900,Galle,GAL_04,Sinhala,Lite 5GB,5,499,4,0.0,0,healthy,commuter,0,0.05,0
HUT100901,Matara,MAT_04,English,Unlimited,100,2896,12,0.0,0,healthy,static,0,0.05,0
HUT100902,Trincomalee,TRI_11,Tamil,Lite 5GB,5,596,21,0.0,0,healthy,commuter,1,0.05,0
HUT100903,Jaffna,JAF_02,English,Value 15GB,15,1238,14,0.0,0,bored,commuter,1,0.05,1
HUT100904,Matara,MAT_07,English,Lite 5GB,5,578,52,0.0,0,bored,commuter,1,0.05,0
HUT100905,Anuradhapura,ANU_04,Sinhala,Value 15GB,15,1146,29,0.0,0,healthy,commuter,1,0.05,0
HUT100906,Matara,MAT_11,English,Value 15GB,15,1054,21,412.0,4,bill_shock,commuter,0,0.05,1
HUT100907,Ratnapura,RAT_01,Sinhala,Value 15GB,15,1185,39,0.0,0,bored,commuter,1,0.05,1
HUT100908,Kandy,KAN_06,Sinhala,Max 40GB,40,2043,72,0.0,0,healthy,roamer,0,0.552,0
HUT100909,Ratnapura,RAT_03,Sinhala,Max 40GB,40,1850,55,0.0,0,plan_too_small,static,0,0.05,0
HUT100910,Jaffna,JAF_08,Tamil,Value 15GB,15,1008,57,0.0,0,healthy,commuter,0,0.05,0
HUT100911,Jaffna,JAF_08,English,Max 40GB,40,1688,59,0.0,0,healthy,static,0,0.05,0
HUT100912,Trincomalee,TRI_12,English,Value 15GB,15,1197,15,0.0,0,bored,commuter,0,0.05,1
HUT100913,Jaffna,JAF_03,Tamil,Value 15GB,15,1040,58,0.0,0,healthy,commuter,1,0.05,0
HUT100914,Anuradhapura,ANU_11,English,Lite 5GB,5,623,32,0.0,0,bored,roamer,0,0.05,1
HUT100915,Negombo,NEG_10,Sinhala,Value 15GB,15,1280,31,0.0,0,healthy,static,1,0.552,0
HUT100916,Matara,MAT_05,Sinhala,Lite 5GB,5,573,35,0.0,0,bored,commuter,0,0.05,0
HUT100917,Negombo,NEG_04,English,Value 15GB,15,955,15,643.0,0,bill_shock,static,1,0.552,1
HUT100918,Colombo,COL_04,Sinhala,Value 15GB,15,1161,66,0.0,0,network,commuter,1,0.05,0
HUT100919,Gampaha,GAM_02,English,Value 15GB,15,1131,14,0.0,0,traveller,commuter,1,0.552,0
HUT100920,Matara,MAT_06,Sinhala,Max 40GB,40,1998,56,0.0,0,traveller,commuter,0,0.05,0
HUT100921,Kandy,KAN_05,Sinhala,Lite 5GB,5,523,49,842.0,1,bill_shock,commuter,0,0.552,0
HUT100922,Ratnapura,RAT_10,Sinhala,Value 15GB,15,1266,21,0.0,0,healthy,commuter,0,0.05,0
HUT100923,Matara,MAT_07,English,Lite 5GB,5,604,45,0.0,0,healthy,commuter,1,0.05,0
HUT100924,Ratnapura,RAT_03,Sinhala,Unlimited,100,3047,18,0.0,0,plan_too_small,commuter,0,0.05,0
HUT100925,Ratnapura,RAT_10,English,Lite 5GB,5,583,7,0.0,0,healthy,commuter,0,0.05,0
HUT100926,Kandy,KAN_08,Sinhala,Lite 5GB,5,465,6,0.0,0,healthy,static,1,0.552,0
HUT100927,Negombo,NEG_10,Sinhala,Value 15GB,15,1117,42,0.0,0,traveller,commuter,0,0.552,0
HUT100928,Matara,MAT_11,Sinhala,Value 15GB,15,1276,30,0.0,0,healthy,commuter,0,0.05,0
HUT100929,Trincomalee,TRI_08,Tamil,Value 15GB,15,937,46,849.0,1,bill_shock,commuter,0,0.05,0
HUT100930,Ratnapura,RAT_08,Sinhala,Unlimited,100,2892,16,0.0,0,traveller,static,0,0.05,0
HUT100931,Colombo,COL_09,English,Value 15GB,15,1144,41,0.0,0,healthy,commuter,0,0.05,0
HUT100932,Anuradhapura,ANU_02,English,Lite 5GB,5,482,70,0.0,0,plan_too_small,commuter,1,0.05,0
HUT100933,Trincomalee,TRI_03,English,Unlimited,100,3216,27,0.0,0,healthy,static,1,0.05,0
HUT100934,Jaffna,JAF_03,English,Lite 5GB,5,469,56,0.0,0,healthy,commuter,0,0.05,0
HUT100935,Batticaloa,BAT_12,Tamil,Value 15GB,15,1163,54,0.0,0,healthy,commuter,0,0.05,0
HUT100936,Negombo,NEG_10,Sinhala,Value 15GB,15,1198,38,0.0,0,plan_too_big,commuter,0,0.552,1
HUT100937,Ratnapura,RAT_03,English,Unlimited,100,3459,66,0.0,0,traveller,roamer,1,0.05,0
HUT100938,Jaffna,JAF_10,Tamil,Max 40GB,40,2092,54,0.0,0,plan_too_big,static,0,0.05,0
HUT100939,Jaffna,JAF_10,English,Value 15GB,15,1121,22,0.0,0,traveller,static,0,0.05,0
HUT100940,Batticaloa,BAT_11,Tamil,Lite 5GB,5,478,34,571.0,0,bill_shock,static,0,0.05,1
HUT100941,Kurunegala,KUR_07,Sinhala,Lite 5GB,5,555,60,0.0,0,bored,commuter,0,0.552,0
HUT100942,Kurunegala,KUR_01,Sinhala,Max 40GB,40,2144,10,873.0,0,bill_shock,commuter,1,0.552,0
HUT100943,Batticaloa,BAT_03,Tamil,Lite 5GB,5,589,27,0.0,0,traveller,commuter,0,0.05,0
HUT100944,Gampaha,GAM_06,Sinhala,Max 40GB,40,1782,14,0.0,0,healthy,commuter,0,0.552,0
HUT100945,Ratnapura,RAT_05,Sinhala,Value 15GB,15,1213,19,0.0,0,plan_too_big,static,1,0.05,0
HUT100946,Matara,MAT_11,Sinhala,Lite 5GB,5,591,34,0.0,0,plan_too_big,static,1,0.05,0
HUT100947,Ratnapura,RAT_04,Sinhala,Max 40GB,40,2186,35,0.0,0,healthy,static,0,0.05,0
HUT100948,Kandy,KAN_11,English,Unlimited,100,3090,61,0.0,0,healthy,commuter,0,0.552,0
HUT100949,Jaffna,JAF_04,Tamil,Unlimited,100,3037,55,0.0,0,healthy,static,0,0.05,0
HUT100950,Negombo,NEG_08,Sinhala,Unlimited,100,3080,53,280.0,1,bill_shock,static,0,0.552,1
HUT100951,Ratnapura,RAT_12,English,Lite 5GB,5,480,70,344.0,0,bill_shock,commuter,1,0.05,1
HUT100952,Jaffna,JAF_12,English,Lite 5GB,5,504,18,0.0,0,traveller,commuter,1,0.05,0
HUT100953,Ratnapura,RAT_01,Sinhala,Lite 5GB,5,469,67,0.0,0,healthy,static,1,0.05,0
HUT100954,Gampaha,GAM_08,English,Value 15GB,15,1200,19,0.0,0,healthy,commuter,1,0.552,1
HUT100955,Galle,GAL_10,English,Lite 5GB,5,552,62,0.0,0,healthy,static,1,0.05,0
HUT100956,Ratnapura,RAT_06,Sinhala,Lite 5GB,5,537,71,0.0,0,healthy,static,0,0.05,0
HUT100957,Matara,MAT_07,English,Max 40GB,40,1811,14,0.0,0,healthy,static,0,0.05,0
HUT100958,Ratnapura,RAT_08,Sinhala,Value 15GB,15,921,9,0.0,0,bored,static,0,0.05,0
HUT100959,Trincomalee,TRI_06,English,Lite 5GB,5,477,5,0.0,0,plan_too_small,static,1,0.05,0
HUT100960,Gampaha,GAM_04,Sinhala,Value 15GB,15,1059,30,0.0,0,healthy,static,0,0.552,0
HUT100961,Ratnapura,RAT_06,Sinhala,Max 40GB,40,1998,57,0.0,0,bored,commuter,0,0.05,1
HUT100962,Anuradhapura,ANU_06,English,Value 15GB,15,1200,27,652.0,1,bill_shock,static,0,0.05,1
HUT100963,Matara,MAT_08,English,Max 40GB,40,1836,32,0.0,0,plan_too_big,static,1,0.05,0
HUT100964,Ratnapura,RAT_02,Sinhala,Lite 5GB,5,557,38,0.0,0,traveller,commuter,0,0.05,0
HUT100965,Matara,MAT_04,Sinhala,Value 15GB,15,977,10,651.0,0,bill_shock,static,0,0.05,0
HUT100966,Anuradhapura,ANU_01,Sinhala,Max 40GB,40,2305,22,0.0,0,plan_too_small,static,0,0.05,0
HUT100967,Matara,MAT_01,Sinhala,Value 15GB,15,1098,72,0.0,0,healthy,static,1,0.05,0
HUT100968,Galle,GAL_11,Sinhala,Max 40GB,40,2248,36,0.0,0,plan_too_small,commuter,0,0.05,0
HUT100969,Kurunegala,KUR_07,Sinhala,Lite 5GB,5,633,13,286.0,1,bill_shock,commuter,1,0.552,1
HUT100970,Ratnapura,RAT_10,English,Max 40GB,40,2264,70,0.0,0,healthy,roamer,0,0.05,0
HUT100971,Negombo,NEG_08,Sinhala,Max 40GB,40,1776,72,0.0,0,network,static,1,0.552,0
HUT100972,Ratnapura,RAT_06,Sinhala,Lite 5GB,5,579,28,0.0,0,healthy,commuter,0,0.05,0
HUT100973,Kurunegala,KUR_07,Sinhala,Max 40GB,40,2102,10,0.0,0,plan_too_big,static,0,0.552,1
HUT100974,Jaffna,JAF_05,Tamil,Lite 5GB,5,487,63,0.0,1,network,commuter,1,0.05,0
HUT100975,Colombo,COL_10,English,Lite 5GB,5,551,52,0.0,0,traveller,commuter,0,0.05,0
HUT100976,Kandy,KAN_06,English,Lite 5GB,5,493,16,0.0,0,plan_too_small,commuter,1,0.552,0
HUT100977,Anuradhapura,ANU_01,Sinhala,Max 40GB,40,1889,5,0.0,0,plan_too_big,commuter,1,0.05,1
HUT100978,Colombo,COL_07,Tamil,Lite 5GB,5,462,4,0.0,0,healthy,commuter,1,0.05,0
HUT100979,Matara,MAT_06,Sinhala,Value 15GB,15,1017,65,0.0,0,healthy,commuter,1,0.05,0
HUT100980,Matara,MAT_05,Sinhala,Max 40GB,40,2183,17,0.0,0,traveller,static,0,0.05,0
HUT100981,Kandy,KAN_08,Sinhala,Lite 5GB,5,606,47,0.0,0,traveller,commuter,0,0.552,0
HUT100982,Batticaloa,BAT_11,Tamil,Unlimited,100,3670,50,0.0,1,network,commuter,1,0.05,1
HUT100983,Ratnapura,RAT_01,English,Lite 5GB,5,464,68,0.0,3,network,commuter,0,0.05,1
HUT100984,Jaffna,JAF_09,English,Lite 5GB,5,534,45,0.0,0,bored,static,0,0.05,0
HUT100985,Kandy,KAN_06,Sinhala,Value 15GB,15,1037,38,0.0,0,healthy,static,0,0.552,0
HUT100986,Kurunegala,KUR_08,Sinhala,Value 15GB,15,1123,2,831.0,0,bill_shock,commuter,0,0.552,1
HUT100987,Negombo,NEG_05,Sinhala,Lite 5GB,5,515,55,0.0,0,healthy,commuter,1,0.552,0
HUT100988,Negombo,NEG_05,Sinhala,Unlimited,100,3412,30,0.0,0,healthy,commuter,0,0.552,0
HUT100989,Trincomalee,TRI_09,Tamil,Lite 5GB,5,486,5,0.0,2,network,commuter,0,0.05,1
HUT100990,Kurunegala,KUR_03,Sinhala,Unlimited,100,2878,35,0.0,0,traveller,commuter,0,0.552,0
HUT100991,Matara,MAT_03,Sinhala,Lite 5GB,5,467,60,0.0,0,healthy,roamer,0,0.05,0
HUT100992,Batticaloa,BAT_05,Tamil,Max 40GB,40,1689,26,0.0,0,traveller,commuter,0,0.05,0
HUT100993,Kandy,KAN_04,Sinhala,Value 15GB,15,1283,20,0.0,0,plan_too_big,commuter,0,0.552,0
HUT100994,Kandy,KAN_06,Sinhala,Max 40GB,40,1750,63,0.0,0,healthy,commuter,0,0.552,0
HUT100995,Matara,MAT_12,English,Lite 5GB,5,604,8,405.0,1,bill_shock,static,0,0.05,0
HUT100996,Jaffna,JAF_04,Tamil,Max 40GB,40,1704,51,0.0,0,traveller,static,0,0.05,0
HUT100997,Galle,GAL_11,Sinhala,Unlimited,100,3019,62,0.0,0,plan_too_small,static,1,0.05,0
HUT100998,Gampaha,GAM_04,English,Value 15GB,15,1046,16,0.0,0,healthy,commuter,0,0.552,0
HUT100999,Negombo,NEG_12,Sinhala,Lite 5GB,5,512,47,0.0,0,bored,roamer,1,0.552,1
HUT101000,Kurunegala,KUR_09,Sinhala,Lite 5GB,5,613,22,0.0,0,traveller,commuter,1,0.552,0
HUT101001,Matara,MAT_02,English,Value 15GB,15,1006,26,0.0,4,network,commuter,0,0.05,1
HUT101002,Gampaha,GAM_11,English,Value 15GB,15,1182,19,0.0,0,healthy,commuter,1,0.552,1
HUT101003,Galle,GAL_07,Sinhala,Lite 5GB,5,589,64,0.0,0,healthy,commuter,1,0.05,0
HUT101004,Jaffna,JAF_10,Tamil,Max 40GB,40,1811,70,0.0,2,network,commuter,0,0.05,1
HUT101005,Matara,MAT_05,Sinhala,Value 15GB,15,1252,46,0.0,0,healthy,commuter,0,0.05,0
HUT101006,Jaffna,JAF_12,Tamil,Lite 5GB,5,469,46,0.0,0,traveller,commuter,0,0.05,0
HUT101007,Jaffna,JAF_09,English,Value 15GB,15,1165,35,0.0,0,bored,commuter,1,0.05,1
HUT101008,Batticaloa,BAT_08,Tamil,Max 40GB,40,1827,21,0.0,0,healthy,commuter,0,0.05,0
HUT101009,Matara,MAT_10,Sinhala,Value 15GB,15,1093,34,0.0,0,healthy,static,0,0.05,0
HUT101010,Trincomalee,TRI_04,English,Lite 5GB,5,483,44,0.0,0,healthy,commuter,0,0.05,0
HUT101011,Jaffna,JAF_09,Tamil,Max 40GB,40,1822,54,0.0,0,healthy,commuter,0,0.05,0
HUT101012,Batticaloa,BAT_05,English,Unlimited,100,3027,72,0.0,0,plan_too_big,static,1,0.05,0
HUT101013,Matara,MAT_10,Sinhala,Lite 5GB,5,526,57,309.0,0,bill_shock,static,1,0.05,0
HUT101014,Colombo,COL_08,English,Value 15GB,15,1022,46,0.0,0,plan_too_small,commuter,1,0.05,0
HUT101015,Kandy,KAN_11,Sinhala,Max 40GB,40,1716,10,0.0,0,healthy,commuter,0,0.552,0
HUT101016,Kandy,KAN_05,Sinhala,Lite 5GB,5,494,15,857.0,1,bill_shock,commuter,0,0.552,1
HUT101017,Kandy,KAN_10,Sinhala,Max 40GB,40,1886,58,0.0,0,bored,static,0,0.552,0
HUT101018,Negombo,NEG_06,Sinhala,Lite 5GB,5,494,31,442.0,0,bill_shock,roamer,0,0.552,0
HUT101019,Jaffna,JAF_10,English,Value 15GB,15,973,50,0.0,1,network,static,0,0.05,1
HUT101020,Batticaloa,BAT_01,Tamil,Value 15GB,15,962,25,0.0,0,plan_too_big,commuter,0,0.05,0
HUT101021,Kurunegala,KUR_10,Sinhala,Value 15GB,15,1116,9,0.0,0,plan_too_big,static,0,0.552,0
HUT101022,Galle,GAL_10,Sinhala,Lite 5GB,5,453,69,0.0,0,plan_too_small,commuter,0,0.05,0
HUT101023,Trincomalee,TRI_03,Tamil,Max 40GB,40,2079,23,0.0,0,healthy,commuter,1,0.05,0
HUT101024,Gampaha,GAM_09,English,Lite 5GB,5,530,14,0.0,0,healthy,roamer,0,0.552,0
HUT101025,Trincomalee,TRI_08,English,Lite 5GB,5,622,6,0.0,0,healthy,static,0,0.05,0
HUT101026,Negombo,NEG_07,Sinhala,Value 15GB,15,1182,66,866.0,1,bill_shock,commuter,0,0.552,1
HUT101027,Galle,GAL_10,English,Lite 5GB,5,515,23,0.0,0,plan_too_big,commuter,0,0.05,0
HUT101028,Gampaha,GAM_04,Sinhala,Unlimited,100,2836,9,0.0,0,traveller,roamer,0,0.552,0
HUT101029,Colombo,COL_03,Tamil,Max 40GB,40,2100,10,0.0,0,healthy,commuter,0,0.05,0
HUT101030,Galle,GAL_04,Sinhala,Max 40GB,40,1739,47,0.0,0,plan_too_big,static,0,0.05,0
HUT101031,Ratnapura,RAT_04,English,Value 15GB,15,1282,64,0.0,0,healthy,roamer,0,0.05,0
HUT101032,Gampaha,GAM_09,Sinhala,Max 40GB,40,2077,4,0.0,0,healthy,commuter,0,0.552,0
HUT101033,Kandy,KAN_10,English,Lite 5GB,5,452,5,0.0,0,network,commuter,1,0.552,1
HUT101034,Kandy,KAN_02,English,Max 40GB,40,2316,59,0.0,0,healthy,commuter,1,0.552,0
HUT101035,Matara,MAT_09,English,Value 15GB,15,1100,36,0.0,0,healthy,roamer,1,0.05,0
HUT101036,Gampaha,GAM_02,Sinhala,Lite 5GB,5,621,70,0.0,1,network,static,0,0.552,0
HUT101037,Anuradhapura,ANU_07,Sinhala,Unlimited,100,3875,40,0.0,0,healthy,static,1,0.05,0
HUT101038,Ratnapura,RAT_01,Sinhala,Max 40GB,40,1873,69,0.0,0,network,static,1,0.05,0
HUT101039,Galle,GAL_04,Sinhala,Max 40GB,40,2020,63,0.0,0,healthy,static,0,0.05,0
HUT101040,Negombo,NEG_01,Sinhala,Lite 5GB,5,600,33,0.0,0,healthy,commuter,1,0.552,1
HUT101041,Jaffna,JAF_02,Tamil,Value 15GB,15,1232,13,0.0,0,healthy,static,0,0.05,0
HUT101042,Ratnapura,RAT_03,Sinhala,Lite 5GB,5,627,35,0.0,0,traveller,commuter,0,0.05,0
HUT101043,Kandy,KAN_06,Sinhala,Value 15GB,15,1084,64,491.0,0,bill_shock,commuter,1,0.552,0
HUT101044,Anuradhapura,ANU_11,Sinhala,Unlimited,100,2759,40,0.0,0,traveller,commuter,0,0.05,0
HUT101045,Galle,GAL_09,Sinhala,Lite 5GB,5,578,5,0.0,0,healthy,commuter,0,0.05,0
HUT101046,Gampaha,GAM_05,Sinhala,Max 40GB,40,1917,7,0.0,0,plan_too_big,roamer,1,0.552,0
HUT101047,Jaffna,JAF_07,Tamil,Lite 5GB,5,593,38,0.0,0,healthy,commuter,0,0.05,0
HUT101048,Trincomalee,TRI_09,English,Value 15GB,15,940,70,0.0,0,network,commuter,1,0.05,0
HUT101049,Jaffna,JAF_03,Tamil,Unlimited,100,3216,70,0.0,0,healthy,roamer,1,0.05,0
HUT101050,Kandy,KAN_10,Sinhala,Value 15GB,15,1014,45,0.0,0,network,static,0,0.552,1
HUT101051,Jaffna,JAF_03,Tamil,Value 15GB,15,1258,22,0.0,0,healthy,commuter,1,0.05,0
HUT101052,Matara,MAT_02,Sinhala,Unlimited,100,3750,12,0.0,0,healthy,static,1,0.05,0
HUT101053,Gampaha,GAM_11,Sinhala,Max 40GB,40,2141,33,0.0,0,healthy,commuter,0,0.552,0
HUT101054,Anuradhapura,ANU_02,English,Value 15GB,15,912,20,0.0,2,network,static,1,0.05,1
HUT101055,Matara,MAT_10,Sinhala,Lite 5GB,5,493,51,0.0,0,healthy,commuter,0,0.05,0
HUT101056,Gampaha,GAM_03,Sinhala,Value 15GB,15,1264,3,0.0,0,healthy,static,1,0.552,1
HUT101057,Jaffna,JAF_03,Tamil,Max 40GB,40,1997,43,462.0,0,bill_shock,commuter,0,0.05,0
HUT101058,Galle,GAL_04,English,Value 15GB,15,1251,28,0.0,0,bored,static,0,0.05,0
HUT101059,Gampaha,GAM_03,Sinhala,Unlimited,100,2962,51,0.0,0,healthy,static,1,0.552,0
HUT101060,Colombo,COL_11,English,Max 40GB,40,1812,15,0.0,0,traveller,commuter,0,0.05,0
HUT101061,Colombo,COL_12,English,Lite 5GB,5,619,72,0.0,0,healthy,commuter,1,0.05,0
HUT101062,Jaffna,JAF_08,Tamil,Lite 5GB,5,494,39,0.0,0,plan_too_small,commuter,1,0.05,0
HUT101063,Colombo,COL_07,English,Value 15GB,15,1000,72,0.0,0,healthy,static,0,0.05,0
HUT101064,Jaffna,JAF_01,Tamil,Unlimited,100,3721,39,0.0,0,healthy,commuter,1,0.05,0
HUT101065,Ratnapura,RAT_04,English,Unlimited,100,3484,58,0.0,0,healthy,commuter,0,0.05,0
HUT101066,Matara,MAT_09,English,Value 15GB,15,1064,56,595.0,0,bill_shock,commuter,0,0.05,0
HUT101067,Negombo,NEG_06,Sinhala,Lite 5GB,5,609,3,0.0,0,healthy,commuter,0,0.552,0
HUT101068,Galle,GAL_01,English,Value 15GB,15,1028,68,0.0,0,healthy,commuter,1,0.05,0
HUT101069,Kurunegala,KUR_11,Sinhala,Value 15GB,15,1046,3,0.0,0,plan_too_big,commuter,0,0.552,0
HUT101070,Gampaha,GAM_02,Sinhala,Value 15GB,15,1247,15,805.0,0,bill_shock,static,0,0.552,1
HUT101071,Colombo,COL_05,Sinhala,Value 15GB,15,1008,62,0.0,0,healthy,static,1,0.05,0
HUT101072,Kurunegala,KUR_08,English,Max 40GB,40,1677,34,339.0,0,bill_shock,static,0,0.552,0
HUT101073,Ratnapura,RAT_06,Sinhala,Max 40GB,40,1997,44,0.0,0,traveller,commuter,1,0.05,0
HUT101074,Jaffna,JAF_06,English,Max 40GB,40,1827,23,0.0,0,healthy,commuter,1,0.05,0
HUT101075,Colombo,COL_01,Sinhala,Lite 5GB,5,623,54,0.0,0,network,commuter,0,0.05,1
HUT101076,Gampaha,GAM_11,Sinhala,Max 40GB,40,1795,63,0.0,0,network,roamer,0,0.552,0
HUT101077,Ratnapura,RAT_01,English,Lite 5GB,5,619,12,0.0,2,network,commuter,0,0.05,1
HUT101078,Gampaha,GAM_08,Sinhala,Value 15GB,15,921,10,0.0,0,traveller,commuter,0,0.552,0
HUT101079,Ratnapura,RAT_01,English,Value 15GB,15,983,58,0.0,0,traveller,commuter,1,0.05,0
HUT101080,Kandy,KAN_11,English,Value 15GB,15,1041,20,0.0,0,healthy,commuter,0,0.552,0
HUT101081,Colombo,COL_10,English,Value 15GB,15,1246,66,0.0,0,bored,commuter,1,0.05,0
HUT101082,Ratnapura,RAT_05,Sinhala,Unlimited,100,3827,13,0.0,0,healthy,commuter,1,0.05,1
HUT101083,Batticaloa,BAT_03,English,Value 15GB,15,963,12,0.0,0,plan_too_big,commuter,1,0.05,0
HUT101084,Gampaha,GAM_09,Sinhala,Lite 5GB,5,529,24,795.0,1,bill_shock,commuter,1,0.552,1
HUT101085,Kandy,KAN_12,Sinhala,Lite 5GB,5,576,64,0.0,0,plan_too_small,static,0,0.552,0
HUT101086,Batticaloa,BAT_08,English,Max 40GB,40,1893,9,386.0,0,bill_shock,roamer,0,0.05,0
HUT101087,Kandy,KAN_08,Sinhala,Max 40GB,40,1854,62,0.0,0,healthy,static,1,0.552,0
HUT101088,Kandy,KAN_06,Sinhala,Lite 5GB,5,499,24,0.0,0,traveller,commuter,0,0.552,0
HUT101089,Batticaloa,BAT_09,Tamil,Max 40GB,40,2017,52,0.0,0,healthy,commuter,0,0.05,0
HUT101090,Jaffna,JAF_04,Tamil,Value 15GB,15,925,2,308.0,1,bill_shock,commuter,0,0.05,0
HUT101091,Jaffna,JAF_06,Tamil,Value 15GB,15,1016,61,0.0,0,plan_too_big,static,0,0.05,0
HUT101092,Anuradhapura,ANU_04,English,Value 15GB,15,956,57,0.0,0,bored,static,1,0.05,0
HUT101093,Negombo,NEG_08,English,Max 40GB,40,1688,61,0.0,0,healthy,commuter,0,0.552,0
HUT101094,Kurunegala,KUR_06,Sinhala,Value 15GB,15,1102,52,0.0,0,healthy,commuter,0,0.552,1
HUT101095,Anuradhapura,ANU_03,Sinhala,Value 15GB,15,1015,35,0.0,0,plan_too_big,static,0,0.05,0
HUT101096,Kandy,KAN_01,Sinhala,Unlimited,100,3745,23,0.0,0,healthy,commuter,0,0.552,0
HUT101097,Negombo,NEG_11,English,Max 40GB,40,2191,21,188.0,2,bill_shock,commuter,0,0.552,0
HUT101098,Matara,MAT_11,Sinhala,Lite 5GB,5,599,48,0.0,0,healthy,commuter,1,0.05,0
HUT101099,Anuradhapura,ANU_02,Sinhala,Value 15GB,15,1146,14,0.0,0,plan_too_big,commuter,0,0.05,1
HUT101100,Kurunegala,KUR_05,Sinhala,Value 15GB,15,1150,71,0.0,0,plan_too_big,static,1,0.552,0
HUT101101,Negombo,NEG_08,Sinhala,Lite 5GB,5,527,11,0.0,0,traveller,commuter,1,0.552,0
HUT101102,Kurunegala,KUR_03,Sinhala,Max 40GB,40,1834,57,0.0,0,traveller,commuter,0,0.552,0
HUT101103,Negombo,NEG_05,English,Value 15GB,15,1230,25,0.0,0,traveller,commuter,0,0.552,0
HUT101104,Batticaloa,BAT_08,Tamil,Value 15GB,15,1221,24,0.0,0,healthy,static,1,0.05,0
HUT101105,Kandy,KAN_03,Sinhala,Value 15GB,15,1128,15,0.0,0,traveller,static,1,0.552,0
HUT101106,Jaffna,JAF_04,Tamil,Value 15GB,15,1037,47,0.0,0,healthy,static,0,0.05,0
HUT101107,Negombo,NEG_12,English,Value 15GB,15,911,60,753.0,1,bill_shock,commuter,1,0.552,1
HUT101108,Matara,MAT_08,English,Max 40GB,40,2184,67,0.0,0,healthy,commuter,0,0.05,0
HUT101109,Negombo,NEG_05,Sinhala,Max 40GB,40,2189,34,0.0,0,plan_too_big,roamer,0,0.552,0
HUT101110,Gampaha,GAM_11,Sinhala,Value 15GB,15,1155,22,0.0,0,healthy,commuter,1,0.552,1
HUT101111,Anuradhapura,ANU_08,Sinhala,Max 40GB,40,1678,5,0.0,0,plan_too_big,static,0,0.05,0
HUT101112,Ratnapura,RAT_11,Sinhala,Lite 5GB,5,506,23,0.0,0,healthy,roamer,0,0.05,0
HUT101113,Batticaloa,BAT_03,Tamil,Max 40GB,40,1893,70,0.0,0,healthy,commuter,0,0.05,0
HUT101114,Ratnapura,RAT_01,Sinhala,Unlimited,100,3145,29,0.0,0,traveller,commuter,1,0.05,0
HUT101115,Batticaloa,BAT_01,Tamil,Max 40GB,40,1655,27,0.0,0,healthy,commuter,0,0.05,0
HUT101116,Colombo,COL_07,Tamil,Unlimited,100,3499,60,0.0,0,traveller,commuter,0,0.05,0
HUT101117,Kandy,KAN_09,Sinhala,Value 15GB,15,1079,59,0.0,0,traveller,commuter,0,0.552,0
HUT101118,Matara,MAT_07,English,Lite 5GB,5,603,25,0.0,0,healthy,static,0,0.05,0
HUT101119,Kandy,KAN_06,Sinhala,Lite 5GB,5,508,55,0.0,0,healthy,commuter,0,0.552,0
HUT101120,Negombo,NEG_08,Sinhala,Lite 5GB,5,566,38,0.0,0,healthy,commuter,0,0.552,0
HUT101121,Jaffna,JAF_06,Tamil,Value 15GB,15,1062,5,0.0,0,healthy,commuter,1,0.05,0
HUT101122,Kurunegala,KUR_04,Sinhala,Lite 5GB,5,521,26,0.0,0,plan_too_big,static,0,0.552,0
HUT101123,Gampaha,GAM_11,Sinhala,Max 40GB,40,1714,67,0.0,0,network,commuter,1,0.552,1
HUT101124,Kurunegala,KUR_03,Sinhala,Value 15GB,15,1097,69,0.0,0,traveller,static,1,0.552,0
HUT101125,Negombo,NEG_12,English,Value 15GB,15,1056,4,0.0,0,bored,commuter,1,0.552,0
HUT101126,Matara,MAT_09,Sinhala,Value 15GB,15,1200,16,0.0,0,healthy,commuter,1,0.05,0
HUT101127,Gampaha,GAM_06,Sinhala,Lite 5GB,5,630,47,0.0,0,traveller,commuter,0,0.552,0
HUT101128,Colombo,COL_01,English,Value 15GB,15,1033,36,0.0,0,healthy,commuter,1,0.05,0
HUT101129,Galle,GAL_03,Sinhala,Value 15GB,15,1198,61,0.0,0,healthy,static,0,0.05,0
HUT101130,Gampaha,GAM_11,Sinhala,Lite 5GB,5,547,46,0.0,0,healthy,commuter,0,0.552,0
HUT101131,Gampaha,GAM_04,English,Value 15GB,15,1237,11,0.0,3,network,static,1,0.552,1
HUT101132,Kurunegala,KUR_09,Sinhala,Lite 5GB,5,589,27,0.0,0,traveller,roamer,0,0.552,0
HUT101133,Colombo,COL_01,Sinhala,Value 15GB,15,933,24,0.0,1,network,commuter,1,0.05,0
HUT101134,Batticaloa,BAT_05,English,Value 15GB,15,1199,9,280.0,0,bill_shock,commuter,1,0.05,0
HUT101135,Colombo,COL_12,English,Value 15GB,15,992,37,0.0,0,traveller,static,1,0.05,0
HUT101136,Matara,MAT_02,Sinhala,Lite 5GB,5,486,27,0.0,0,healthy,commuter,1,0.05,0
HUT101137,Kurunegala,KUR_12,Sinhala,Value 15GB,15,1263,27,0.0,0,traveller,commuter,1,0.552,0
HUT101138,Colombo,COL_01,Tamil,Unlimited,100,3325,42,0.0,0,healthy,commuter,1,0.05,0
HUT101139,Negombo,NEG_03,Sinhala,Lite 5GB,5,520,63,0.0,0,bored,static,1,0.552,0
HUT101140,Anuradhapura,ANU_05,Sinhala,Lite 5GB,5,500,6,0.0,1,network,commuter,0,0.05,0
HUT101141,Ratnapura,RAT_01,Sinhala,Value 15GB,15,982,10,0.0,2,network,commuter,0,0.05,0
HUT101142,Negombo,NEG_07,Sinhala,Max 40GB,40,2277,13,0.0,0,plan_too_small,commuter,1,0.552,0
HUT101143,Kandy,KAN_01,English,Max 40GB,40,2053,63,0.0,0,plan_too_big,commuter,1,0.552,0
HUT101144,Kurunegala,KUR_05,Sinhala,Max 40GB,40,2140,52,0.0,0,traveller,roamer,1,0.552,0
HUT101145,Jaffna,JAF_05,English,Lite 5GB,5,543,59,0.0,0,plan_too_big,commuter,0,0.05,1
HUT101146,Kandy,KAN_08,Sinhala,Value 15GB,15,1251,57,841.0,1,bill_shock,commuter,1,0.552,0
HUT101147,Galle,GAL_07,Sinhala,Value 15GB,15,1032,53,0.0,0,healthy,static,0,0.05,0
HUT101148,Kurunegala,KUR_04,English,Max 40GB,40,2126,47,0.0,0,plan_too_small,static,0,0.552,0
HUT101149,Kandy,KAN_10,Sinhala,Unlimited,100,2995,27,0.0,0,healthy,static,1,0.552,0
HUT101150,Matara,MAT_10,English,Value 15GB,15,952,43,0.0,0,plan_too_big,commuter,0,0.05,0
HUT101151,Ratnapura,RAT_10,English,Lite 5GB,5,607,3,334.0,0,bill_shock,commuter,0,0.05,0
HUT101152,Anuradhapura,ANU_02,English,Unlimited,100,3354,29,843.0,0,bill_shock,commuter,0,0.05,0
HUT101153,Kandy,KAN_05,English,Unlimited,100,2783,30,0.0,0,network,commuter,0,0.552,0
HUT101154,Batticaloa,BAT_01,English,Max 40GB,40,2293,10,0.0,0,traveller,commuter,0,0.05,0
HUT101155,Matara,MAT_08,Sinhala,Max 40GB,40,2297,52,0.0,0,plan_too_big,commuter,1,0.05,0
HUT101156,Gampaha,GAM_02,English,Value 15GB,15,1247,35,0.0,0,traveller,commuter,0,0.552,0
HUT101157,Matara,MAT_06,English,Lite 5GB,5,519,31,299.0,1,bill_shock,static,1,0.05,0
HUT101158,Gampaha,GAM_02,Sinhala,Lite 5GB,5,580,58,0.0,1,network,roamer,1,0.552,1
HUT101159,Colombo,COL_07,Sinhala,Value 15GB,15,974,6,0.0,0,healthy,static,1,0.05,0
HUT101160,Anuradhapura,ANU_11,English,Value 15GB,15,1074,36,0.0,0,healthy,commuter,0,0.05,0
HUT101161,Ratnapura,RAT_11,Sinhala,Lite 5GB,5,497,17,435.0,0,bill_shock,roamer,0,0.05,0
HUT101162,Ratnapura,RAT_06,Sinhala,Max 40GB,40,1995,11,843.0,0,bill_shock,commuter,0,0.05,0
HUT101163,Kurunegala,KUR_08,English,Unlimited,100,3627,60,0.0,0,healthy,commuter,0,0.552,0
HUT101164,Gampaha,GAM_05,Sinhala,Value 15GB,15,1014,38,367.0,0,bill_shock,commuter,0,0.552,1
HUT101165,Anuradhapura,ANU_04,Sinhala,Max 40GB,40,2137,27,0.0,0,plan_too_big,commuter,1,0.05,0
HUT101166,Anuradhapura,ANU_09,English,Value 15GB,15,1185,15,0.0,0,healthy,commuter,0,0.05,0
HUT101167,Kurunegala,KUR_07,English,Unlimited,100,3375,29,0.0,0,bored,static,1,0.552,1
HUT101168,Kandy,KAN_05,English,Lite 5GB,5,573,7,0.0,0,network,commuter,0,0.552,1
HUT101169,Matara,MAT_08,English,Max 40GB,40,1668,70,0.0,0,healthy,commuter,0,0.05,0
HUT101170,Batticaloa,BAT_11,Tamil,Unlimited,100,3169,4,0.0,0,healthy,commuter,0,0.05,0
HUT101171,Jaffna,JAF_08,Tamil,Max 40GB,40,1830,12,0.0,0,healthy,commuter,1,0.05,0
HUT101172,Colombo,COL_06,English,Max 40GB,40,1804,62,0.0,0,traveller,commuter,0,0.05,0
HUT101173,Kurunegala,KUR_07,Sinhala,Lite 5GB,5,599,14,0.0,0,plan_too_small,commuter,1,0.552,1
HUT101174,Negombo,NEG_10,English,Max 40GB,40,1971,34,0.0,0,healthy,commuter,1,0.552,0
HUT101175,Trincomalee,TRI_04,Tamil,Lite 5GB,5,600,31,0.0,0,healthy,commuter,1,0.05,0
HUT101176,Batticaloa,BAT_11,Tamil,Lite 5GB,5,587,11,0.0,0,traveller,static,0,0.05,0
HUT101177,Trincomalee,TRI_10,Tamil,Value 15GB,15,1033,47,0.0,0,plan_too_small,static,0,0.05,0
HUT101178,Colombo,COL_06,Tamil,Lite 5GB,5,570,50,0.0,0,healthy,commuter,0,0.05,0
HUT101179,Kandy,KAN_12,Sinhala,Unlimited,100,3015,60,214.0,0,bill_shock,commuter,0,0.552,0
HUT101180,Kurunegala,KUR_06,Sinhala,Value 15GB,15,1035,50,0.0,0,healthy,commuter,0,0.552,0
HUT101181,Galle,GAL_03,Sinhala,Lite 5GB,5,536,34,0.0,0,plan_too_big,commuter,1,0.05,0
HUT101182,Negombo,NEG_06,Sinhala,Lite 5GB,5,466,22,821.0,1,bill_shock,static,1,0.552,1
HUT101183,Kandy,KAN_09,Sinhala,Value 15GB,15,1245,43,0.0,0,plan_too_big,commuter,1,0.552,1
HUT101184,Anuradhapura,ANU_02,Sinhala,Value 15GB,15,954,72,0.0,2,network,static,1,0.05,0
HUT101185,Ratnapura,RAT_11,Sinhala,Value 15GB,15,1097,46,0.0,0,healthy,static,0,0.05,0
HUT101186,Gampaha,GAM_04,English,Value 15GB,15,1002,60,0.0,2,network,static,0,0.552,0
HUT101187,Colombo,COL_10,Sinhala,Max 40GB,40,2053,8,0.0,2,network,static,0,0.05,0
HUT101188,Galle,GAL_01,Sinhala,Max 40GB,40,1837,63,0.0,0,traveller,static,0,0.05,0
HUT101189,Galle,GAL_08,Sinhala,Value 15GB,15,993,28,448.0,1,bill_shock,commuter,0,0.05,0
HUT101190,Jaffna,JAF_08,Tamil,Lite 5GB,5,622,30,0.0,0,plan_too_big,commuter,0,0.05,0
HUT101191,Kandy,KAN_03,Sinhala,Value 15GB,15,1255,50,0.0,0,healthy,roamer,1,0.552,0
HUT101192,Galle,GAL_04,Sinhala,Value 15GB,15,1056,47,0.0,0,traveller,static,0,0.05,0
HUT101193,Batticaloa,BAT_10,Tamil,Unlimited,100,3456,9,0.0,0,bored,static,0,0.05,1
HUT101194,Kandy,KAN_03,Sinhala,Value 15GB,15,959,12,0.0,0,healthy,commuter,1,0.552,0
HUT101195,Gampaha,GAM_11,English,Lite 5GB,5,631,71,0.0,0,plan_too_big,commuter,0,0.552,0
HUT101196,Negombo,NEG_12,Sinhala,Max 40GB,40,1788,45,0.0,0,healthy,static,1,0.552,0
HUT101197,Kandy,KAN_02,Sinhala,Lite 5GB,5,573,2,0.0,0,bored,commuter,0,0.552,1
HUT101198,Batticaloa,BAT_04,Tamil,Unlimited,100,3232,24,0.0,0,plan_too_small,static,1,0.05,0
HUT101199,Trincomalee,TRI_10,Tamil,Lite 5GB,5,563,54,839.0,0,bill_shock,static,0,0.05,0
HUT101200,Jaffna,JAF_09,Tamil,Value 15GB,15,1201,35,0.0,0,bored,commuter,1,0.05,0
HUT101201,Gampaha,GAM_07,English,Value 15GB,15,934,71,0.0,0,plan_too_small,commuter,0,0.552,0
HUT101202,Galle,GAL_07,English,Unlimited,100,3127,16,0.0,0,bored,commuter,0,0.05,0
HUT101203,Kurunegala,KUR_10,Sinhala,Max 40GB,40,1648,38,224.0,1,bill_shock,commuter,0,0.552,0
HUT101204,Negombo,NEG_11,Sinhala,Max 40GB,40,2206,52,0.0,0,healthy,commuter,1,0.552,0
HUT101205,Trincomalee,TRI_09,English,Unlimited,100,3364,33,0.0,0,network,commuter,0,0.05,0
HUT101206,Jaffna,JAF_12,Tamil,Max 40GB,40,2020,12,0.0,0,traveller,commuter,0,0.05,0
HUT101207,Ratnapura,RAT_12,Sinhala,Value 15GB,15,1070,55,0.0,0,traveller,commuter,1,0.05,0
HUT101208,Trincomalee,TRI_07,Sinhala,Lite 5GB,5,486,53,0.0,0,healthy,static,0,0.05,0
HUT101209,Anuradhapura,ANU_10,Sinhala,Lite 5GB,5,529,59,0.0,0,healthy,commuter,0,0.05,0
HUT101210,Anuradhapura,ANU_11,Sinhala,Lite 5GB,5,593,24,222.0,1,bill_shock,static,0,0.05,0
HUT101211,Negombo,NEG_06,English,Lite 5GB,5,587,55,0.0,0,healthy,commuter,0,0.552,0
HUT101212,Negombo,NEG_06,Sinhala,Unlimited,100,3295,35,0.0,0,bored,static,0,0.552,1
HUT101213,Negombo,NEG_02,English,Unlimited,100,3601,19,0.0,0,plan_too_big,commuter,1,0.552,1
HUT101214,Ratnapura,RAT_09,Sinhala,Value 15GB,15,1054,9,0.0,0,healthy,commuter,1,0.05,0
HUT101215,Jaffna,JAF_07,Tamil,Lite 5GB,5,589,28,0.0,0,healthy,static,0,0.05,0
HUT101216,Matara,MAT_02,Sinhala,Lite 5GB,5,457,6,0.0,0,healthy,commuter,1,0.05,0
HUT101217,Gampaha,GAM_08,Sinhala,Lite 5GB,5,541,21,486.0,0,bill_shock,commuter,0,0.552,0
HUT101218,Ratnapura,RAT_01,English,Lite 5GB,5,525,52,0.0,0,bored,commuter,1,0.05,1
HUT101219,Ratnapura,RAT_03,Sinhala,Value 15GB,15,1148,10,0.0,0,healthy,commuter,0,0.05,0
HUT101220,Jaffna,JAF_10,English,Value 15GB,15,965,2,0.0,1,network,commuter,0,0.05,1
HUT101221,Trincomalee,TRI_12,Sinhala,Value 15GB,15,1205,52,0.0,1,network,static,0,0.05,0
HUT101222,Matara,MAT_03,Sinhala,Lite 5GB,5,542,17,0.0,0,plan_too_big,static,0,0.05,0
HUT101223,Kandy,KAN_10,English,Lite 5GB,5,563,51,0.0,0,healthy,static,1,0.552,0
HUT101224,Negombo,NEG_04,Sinhala,Value 15GB,15,1002,58,0.0,0,healthy,static,1,0.552,0
HUT101225,Jaffna,JAF_10,Tamil,Unlimited,100,2918,12,656.0,2,bill_shock,static,0,0.05,0
HUT101226,Trincomalee,TRI_12,Sinhala,Value 15GB,15,1003,25,0.0,1,network,commuter,0,0.05,1
HUT101227,Kurunegala,KUR_07,English,Lite 5GB,5,629,47,0.0,0,healthy,commuter,1,0.552,0
HUT101228,Trincomalee,TRI_05,Tamil,Max 40GB,40,1879,52,0.0,0,bored,commuter,0,0.05,0
HUT101229,Gampaha,GAM_02,Sinhala,Lite 5GB,5,621,57,0.0,1,network,commuter,1,0.552,1
HUT101230,Galle,GAL_08,English,Max 40GB,40,1698,63,0.0,0,healthy,static,1,0.05,0
HUT101231,Kurunegala,KUR_03,Sinhala,Unlimited,100,3835,69,0.0,0,healthy,static,1,0.552,0
HUT101232,Negombo,NEG_12,English,Lite 5GB,5,530,29,0.0,0,healthy,static,1,0.552,0
HUT101233,Gampaha,GAM_02,Sinhala,Lite 5GB,5,555,12,0.0,0,bored,commuter,0,0.552,1
HUT101234,Trincomalee,TRI_07,English,Value 15GB,15,924,51,272.0,1,bill_shock,static,1,0.05,1
HUT101235,Jaffna,JAF_06,Tamil,Value 15GB,15,1132,7,0.0,0,healthy,static,0,0.05,0
HUT101236,Anuradhapura,ANU_07,English,Value 15GB,15,1060,5,0.0,0,bored,commuter,0,0.05,1
HUT101237,Ratnapura,RAT_12,English,Lite 5GB,5,510,18,0.0,2,network,commuter,1,0.05,1
HUT101238,Kurunegala,KUR_07,Sinhala,Lite 5GB,5,563,4,0.0,0,healthy,commuter,0,0.552,0
HUT101239,Colombo,COL_04,Tamil,Value 15GB,15,1011,15,0.0,1,network,static,0,0.05,1
HUT101240,Negombo,NEG_06,English,Max 40GB,40,1970,9,0.0,0,healthy,static,0,0.552,0
HUT101241,Kurunegala,KUR_08,Sinhala,Value 15GB,15,1040,69,568.0,1,bill_shock,static,1,0.552,0
HUT101242,Colombo,COL_06,English,Max 40GB,40,2131,22,611.0,0,bill_shock,commuter,0,0.05,1
HUT101243,Anuradhapura,ANU_02,Sinhala,Lite 5GB,5,497,52,0.0,0,healthy,static,1,0.05,0
HUT101244,Negombo,NEG_08,Sinhala,Value 15GB,15,1099,72,0.0,1,network,roamer,0,0.552,0
HUT101245,Galle,GAL_07,Sinhala,Value 15GB,15,923,24,0.0,0,plan_too_small,commuter,0,0.05,0
HUT101246,Negombo,NEG_08,Sinhala,Unlimited,100,3806,11,0.0,0,healthy,commuter,0,0.552,0
HUT101247,Ratnapura,RAT_06,Sinhala,Max 40GB,40,2080,35,0.0,0,healthy,commuter,0,0.05,0
HUT101248,Kandy,KAN_06,Sinhala,Unlimited,100,3154,71,0.0,0,plan_too_small,static,0,0.552,0
HUT101249,Jaffna,JAF_09,English,Max 40GB,40,1649,43,0.0,0,healthy,roamer,0,0.05,0
HUT101250,Gampaha,GAM_05,English,Max 40GB,40,2061,64,0.0,0,plan_too_small,static,0,0.552,0
HUT101251,Trincomalee,TRI_08,Tamil,Lite 5GB,5,522,71,0.0,0,bored,static,1,0.05,1
HUT101252,Negombo,NEG_12,English,Lite 5GB,5,569,28,0.0,0,traveller,commuter,1,0.552,0
HUT101253,Batticaloa,BAT_06,Tamil,Value 15GB,15,993,30,0.0,0,healthy,commuter,0,0.05,0
HUT101254,Jaffna,JAF_04,English,Lite 5GB,5,563,29,0.0,0,traveller,static,1,0.05,0
HUT101255,Anuradhapura,ANU_09,Sinhala,Value 15GB,15,1277,69,0.0,0,traveller,roamer,1,0.05,0
HUT101256,Batticaloa,BAT_03,Tamil,Value 15GB,15,983,34,0.0,0,healthy,commuter,1,0.05,0
HUT101257,Gampaha,GAM_01,Sinhala,Max 40GB,40,1976,60,0.0,0,bored,commuter,0,0.552,0
HUT101258,Anuradhapura,ANU_08,Sinhala,Lite 5GB,5,628,58,0.0,0,plan_too_big,commuter,1,0.05,0
HUT101259,Batticaloa,BAT_10,English,Value 15GB,15,1017,53,0.0,0,plan_too_small,static,1,0.05,0
HUT101260,Batticaloa,BAT_02,English,Value 15GB,15,1249,12,0.0,0,healthy,commuter,0,0.05,0
HUT101261,Jaffna,JAF_09,Tamil,Max 40GB,40,2263,26,0.0,0,plan_too_small,commuter,0,0.05,0
HUT101262,Negombo,NEG_03,Sinhala,Lite 5GB,5,620,2,822.0,1,bill_shock,commuter,1,0.552,1
HUT101263,Gampaha,GAM_02,Sinhala,Unlimited,100,3618,3,0.0,0,plan_too_small,commuter,1,0.552,0
HUT101264,Batticaloa,BAT_08,English,Value 15GB,15,1039,38,0.0,0,plan_too_big,commuter,1,0.05,0
HUT101265,Colombo,COL_10,Sinhala,Value 15GB,15,1018,8,0.0,0,network,commuter,0,0.05,1
HUT101266,Jaffna,JAF_09,Tamil,Value 15GB,15,957,37,484.0,0,bill_shock,roamer,0,0.05,0
HUT101267,Gampaha,GAM_10,English,Lite 5GB,5,497,63,751.0,0,bill_shock,commuter,0,0.552,0
HUT101268,Trincomalee,TRI_12,Sinhala,Value 15GB,15,1073,64,0.0,0,network,commuter,0,0.05,1
HUT101269,Anuradhapura,ANU_06,Sinhala,Value 15GB,15,921,38,0.0,0,bored,commuter,1,0.05,0
HUT101270,Trincomalee,TRI_12,English,Value 15GB,15,1141,43,0.0,0,plan_too_small,commuter,1,0.05,0
HUT101271,Anuradhapura,ANU_02,Sinhala,Unlimited,100,3682,53,0.0,0,plan_too_big,static,0,0.05,0
HUT101272,Colombo,COL_04,Sinhala,Unlimited,100,3784,52,0.0,1,network,commuter,0,0.05,1
HUT101273,Anuradhapura,ANU_02,English,Value 15GB,15,1018,37,0.0,0,traveller,static,0,0.05,0
HUT101274,Gampaha,GAM_03,Sinhala,Lite 5GB,5,628,11,863.0,0,bill_shock,roamer,0,0.552,0
HUT101275,Negombo,NEG_09,Sinhala,Lite 5GB,5,543,27,0.0,0,healthy,static,0,0.552,0
HUT101276,Negombo,NEG_03,Sinhala,Lite 5GB,5,509,24,292.0,1,bill_shock,static,0,0.552,0
HUT101277,Galle,GAL_08,Sinhala,Max 40GB,40,1664,16,0.0,0,healthy,roamer,1,0.05,0
HUT101278,Anuradhapura,ANU_01,English,Max 40GB,40,1684,51,0.0,0,plan_too_big,commuter,1,0.05,0
HUT101279,Galle,GAL_05,Sinhala,Value 15GB,15,1075,24,0.0,0,healthy,roamer,0,0.05,0
HUT101280,Kurunegala,KUR_01,Sinhala,Max 40GB,40,1904,51,0.0,0,healthy,commuter,0,0.552,0
HUT101281,Matara,MAT_02,English,Lite 5GB,5,607,16,0.0,0,bored,commuter,0,0.05,0
HUT101282,Trincomalee,TRI_03,Sinhala,Value 15GB,15,985,53,0.0,0,plan_too_big,commuter,0,0.05,0
HUT101283,Negombo,NEG_01,Sinhala,Value 15GB,15,1115,40,0.0,0,bored,static,0,0.552,0
HUT101284,Kandy,KAN_04,Sinhala,Lite 5GB,5,480,18,0.0,0,healthy,roamer,1,0.552,0
HUT101285,Ratnapura,RAT_09,Sinhala,Max 40GB,40,1980,12,586.0,0,bill_shock,static,0,0.05,0
HUT101286,Negombo,NEG_06,Sinhala,Max 40GB,40,1839,38,266.0,1,bill_shock,commuter,0,0.552,0
HUT101287,Jaffna,JAF_01,English,Unlimited,100,2941,66,0.0,0,healthy,commuter,0,0.05,0
HUT101288,Gampaha,GAM_12,Sinhala,Unlimited,100,3877,7,0.0,0,network,commuter,0,0.552,0
HUT101289,Jaffna,JAF_08,Tamil,Value 15GB,15,964,2,0.0,0,traveller,commuter,1,0.05,0
HUT101290,Matara,MAT_02,Sinhala,Lite 5GB,5,477,58,785.0,0,bill_shock,roamer,0,0.05,1
HUT101291,Ratnapura,RAT_01,Sinhala,Max 40GB,40,2114,41,0.0,0,network,commuter,0,0.05,0
HUT101292,Jaffna,JAF_09,English,Value 15GB,15,1041,55,0.0,0,traveller,static,1,0.05,0
HUT101293,Gampaha,GAM_07,Sinhala,Unlimited,100,3766,64,0.0,0,traveller,commuter,0,0.552,0
HUT101294,Batticaloa,BAT_07,Tamil,Lite 5GB,5,604,5,0.0,0,bored,static,1,0.05,0
HUT101295,Batticaloa,BAT_03,Tamil,Unlimited,100,3463,5,0.0,0,healthy,commuter,1,0.05,0
HUT101296,Kurunegala,KUR_05,Sinhala,Lite 5GB,5,465,42,0.0,0,healthy,static,1,0.552,0
HUT101297,Anuradhapura,ANU_05,English,Max 40GB,40,2147,40,0.0,0,plan_too_big,static,0,0.05,0
HUT101298,Jaffna,JAF_07,Tamil,Max 40GB,40,2285,69,0.0,0,healthy,static,0,0.05,0
HUT101299,Trincomalee,TRI_09,Sinhala,Unlimited,100,3517,7,0.0,2,network,static,1,0.05,1
HUT101300,Galle,GAL_02,Sinhala,Lite 5GB,5,592,60,0.0,0,healthy,commuter,0,0.05,0
HUT101301,Ratnapura,RAT_03,English,Value 15GB,15,1198,70,0.0,0,plan_too_small,commuter,0,0.05,0
HUT101302,Kurunegala,KUR_06,English,Lite 5GB,5,543,20,210.0,0,bill_shock,commuter,0,0.552,0
HUT101303,Batticaloa,BAT_01,Tamil,Max 40GB,40,2263,49,0.0,0,healthy,commuter,1,0.05,0
HUT101304,Ratnapura,RAT_01,Sinhala,Value 15GB,15,1262,30,0.0,0,traveller,commuter,1,0.05,0
HUT101305,Matara,MAT_04,English,Value 15GB,15,1011,33,238.0,2,bill_shock,static,1,0.05,0
HUT101306,Colombo,COL_02,Sinhala,Lite 5GB,5,628,64,0.0,0,healthy,static,1,0.05,0
HUT101307,Jaffna,JAF_03,English,Value 15GB,15,1015,29,0.0,0,healthy,commuter,0,0.05,0
HUT101308,Kandy,KAN_06,English,Unlimited,100,3656,20,0.0,0,healthy,commuter,0,0.552,0
HUT101309,Anuradhapura,ANU_05,Sinhala,Max 40GB,40,1828,16,0.0,0,healthy,commuter,0,0.05,0
HUT101310,Trincomalee,TRI_09,English,Max 40GB,40,1739,30,0.0,0,plan_too_big,commuter,0,0.05,0
HUT101311,Kandy,KAN_05,English,Value 15GB,15,1283,6,0.0,0,traveller,static,1,0.552,0
HUT101312,Ratnapura,RAT_01,English,Unlimited,100,3235,69,0.0,0,plan_too_small,commuter,1,0.05,0
HUT101313,Trincomalee,TRI_06,English,Value 15GB,15,925,58,0.0,0,plan_too_big,static,1,0.05,0
HUT101314,Colombo,COL_05,English,Lite 5GB,5,518,60,0.0,0,plan_too_big,roamer,0,0.05,0
HUT101315,Batticaloa,BAT_01,Tamil,Value 15GB,15,1037,29,0.0,0,healthy,commuter,1,0.05,0
HUT101316,Trincomalee,TRI_06,Tamil,Unlimited,100,3570,68,0.0,0,healthy,commuter,1,0.05,0
HUT101317,Colombo,COL_04,Sinhala,Value 15GB,15,1246,5,0.0,0,network,commuter,0,0.05,0
HUT101318,Batticaloa,BAT_02,English,Lite 5GB,5,460,62,0.0,0,healthy,commuter,0,0.05,0
HUT101319,Kurunegala,KUR_08,Sinhala,Unlimited,100,3274,65,0.0,0,healthy,commuter,0,0.552,0
HUT101320,Anuradhapura,ANU_09,English,Value 15GB,15,1236,30,0.0,0,plan_too_small,commuter,1,0.05,0
HUT101321,Negombo,NEG_07,Sinhala,Lite 5GB,5,478,35,0.0,0,healthy,static,0,0.552,0
HUT101322,Colombo,COL_10,Sinhala,Value 15GB,15,1042,62,0.0,0,network,static,0,0.05,1
HUT101323,Jaffna,JAF_07,Tamil,Lite 5GB,5,518,45,0.0,0,bored,commuter,0,0.05,0
HUT101324,Colombo,COL_11,Sinhala,Max 40GB,40,1939,48,0.0,0,healthy,static,0,0.05,0
HUT101325,Batticaloa,BAT_03,Tamil,Lite 5GB,5,475,69,0.0,0,healthy,static,1,0.05,0
HUT101326,Galle,GAL_03,English,Lite 5GB,5,510,16,0.0,0,healthy,commuter,0,0.05,0
HUT101327,Colombo,COL_07,Sinhala,Value 15GB,15,1220,50,0.0,0,healthy,static,0,0.05,0
HUT101328,Kurunegala,KUR_03,Sinhala,Lite 5GB,5,520,34,0.0,0,healthy,commuter,0,0.552,0
HUT101329,Jaffna,JAF_08,Tamil,Unlimited,100,2791,70,0.0,0,healthy,commuter,1,0.05,0
HUT101330,Gampaha,GAM_07,English,Value 15GB,15,976,53,0.0,0,traveller,commuter,0,0.552,0
HUT101331,Kandy,KAN_09,Sinhala,Lite 5GB,5,529,22,0.0,0,plan_too_small,commuter,1,0.552,0
HUT101332,Galle,GAL_11,Sinhala,Lite 5GB,5,565,64,426.0,0,bill_shock,commuter,0,0.05,0
HUT101333,Anuradhapura,ANU_10,English,Max 40GB,40,2290,53,0.0,0,plan_too_big,static,1,0.05,0
HUT101334,Anuradhapura,ANU_02,English,Lite 5GB,5,551,10,0.0,0,plan_too_big,commuter,0,0.05,0
HUT101335,Galle,GAL_03,Sinhala,Lite 5GB,5,511,27,0.0,0,plan_too_small,static,0,0.05,0
HUT101336,Batticaloa,BAT_01,Tamil,Lite 5GB,5,474,46,0.0,0,bored,commuter,0,0.05,0
HUT101337,Negombo,NEG_08,English,Max 40GB,40,2232,28,0.0,0,network,static,0,0.552,0
HUT101338,Kurunegala,KUR_05,English,Lite 5GB,5,597,44,0.0,0,healthy,static,0,0.552,0
HUT101339,Trincomalee,TRI_02,Tamil,Value 15GB,15,1016,35,0.0,0,healthy,static,0,0.05,0
HUT101340,Kurunegala,KUR_03,Sinhala,Max 40GB,40,1856,69,863.0,0,bill_shock,static,1,0.552,0
HUT101341,Colombo,COL_08,Sinhala,Lite 5GB,5,516,40,829.0,1,bill_shock,commuter,0,0.05,0
HUT101342,Matara,MAT_12,Sinhala,Lite 5GB,5,579,52,0.0,0,traveller,commuter,0,0.05,0
HUT101343,Trincomalee,TRI_08,English,Max 40GB,40,1861,14,0.0,0,traveller,commuter,1,0.05,0
HUT101344,Trincomalee,TRI_06,Sinhala,Value 15GB,15,1220,45,0.0,0,healthy,roamer,0,0.05,0
HUT101345,Kurunegala,KUR_02,Sinhala,Value 15GB,15,1009,3,0.0,0,healthy,static,1,0.552,0
HUT101346,Anuradhapura,ANU_09,Sinhala,Unlimited,100,2979,5,0.0,0,traveller,commuter,0,0.05,0
HUT101347,Kandy,KAN_08,Sinhala,Lite 5GB,5,625,21,647.0,1,bill_shock,commuter,0,0.552,0
HUT101348,Galle,GAL_02,Sinhala,Unlimited,100,2863,63,0.0,0,healthy,static,0,0.05,0
HUT101349,Gampaha,GAM_10,English,Value 15GB,15,1154,36,0.0,0,healthy,static,0,0.552,1
HUT101350,Kurunegala,KUR_03,Sinhala,Value 15GB,15,1067,27,0.0,0,plan_too_big,commuter,0,0.552,0
HUT101351,Trincomalee,TRI_12,Tamil,Value 15GB,15,1243,54,0.0,0,plan_too_small,commuter,0,0.05,0
HUT101352,Matara,MAT_03,Sinhala,Max 40GB,40,1956,26,0.0,0,healthy,static,0,0.05,0
HUT101353,Batticaloa,BAT_05,Tamil,Unlimited,100,3510,58,0.0,0,plan_too_big,commuter,0,0.05,0
HUT101354,Trincomalee,TRI_08,Tamil,Unlimited,100,3563,55,0.0,0,plan_too_big,commuter,0,0.05,0
HUT101355,Kurunegala,KUR_05,Sinhala,Unlimited,100,3460,17,385.0,2,bill_shock,commuter,1,0.552,1
HUT101356,Galle,GAL_07,English,Max 40GB,40,2307,18,0.0,0,plan_too_big,static,1,0.05,0
HUT101357,Galle,GAL_02,Sinhala,Value 15GB,15,1228,24,0.0,0,traveller,static,1,0.05,0
HUT101358,Ratnapura,RAT_10,Sinhala,Unlimited,100,3618,63,0.0,0,healthy,commuter,0,0.05,0
HUT101359,Negombo,NEG_08,English,Max 40GB,40,1904,11,0.0,0,network,commuter,0,0.552,1
HUT101360,Gampaha,GAM_07,Sinhala,Lite 5GB,5,483,26,0.0,0,healthy,static,1,0.552,0
HUT101361,Ratnapura,RAT_12,Sinhala,Lite 5GB,5,601,54,0.0,0,network,commuter,0,0.05,1
HUT101362,Kurunegala,KUR_04,Sinhala,Lite 5GB,5,581,4,668.0,1,bill_shock,commuter,0,0.552,1
HUT101363,Ratnapura,RAT_11,Sinhala,Max 40GB,40,2209,26,0.0,0,plan_too_big,commuter,1,0.05,0
HUT101364,Gampaha,GAM_06,Sinhala,Max 40GB,40,2193,36,663.0,0,bill_shock,static,0,0.552,1
HUT101365,Colombo,COL_03,English,Max 40GB,40,2308,71,0.0,0,plan_too_small,commuter,0,0.05,1
HUT101366,Ratnapura,RAT_08,English,Unlimited,100,3421,31,0.0,0,plan_too_big,commuter,0,0.05,0
HUT101367,Batticaloa,BAT_07,Tamil,Unlimited,100,3819,69,0.0,0,healthy,static,0,0.05,0
HUT101368,Anuradhapura,ANU_03,Sinhala,Max 40GB,40,2017,41,0.0,0,healthy,commuter,0,0.05,0
HUT101369,Kurunegala,KUR_08,Sinhala,Max 40GB,40,2019,56,0.0,0,bored,commuter,0,0.552,0
HUT101370,Negombo,NEG_12,Sinhala,Value 15GB,15,1173,57,0.0,0,healthy,commuter,0,0.552,0
HUT101371,Jaffna,JAF_07,Tamil,Value 15GB,15,995,35,0.0,0,traveller,roamer,0,0.05,0
HUT101372,Galle,GAL_09,Sinhala,Lite 5GB,5,606,60,0.0,0,bored,static,1,0.05,1
HUT101373,Matara,MAT_02,Sinhala,Unlimited,100,3773,2,0.0,1,network,commuter,0,0.05,0
HUT101374,Anuradhapura,ANU_01,English,Value 15GB,15,1021,63,0.0,0,plan_too_small,commuter,0,0.05,0
HUT101375,Colombo,COL_09,Tamil,Max 40GB,40,2299,46,0.0,0,healthy,static,0,0.05,0
HUT101376,Negombo,NEG_05,English,Unlimited,100,3302,53,0.0,0,healthy,commuter,0,0.552,0
HUT101377,Jaffna,JAF_05,Tamil,Lite 5GB,5,568,60,0.0,0,healthy,commuter,0,0.05,0
HUT101378,Negombo,NEG_08,English,Value 15GB,15,1263,63,0.0,0,bored,static,0,0.552,0
HUT101379,Anuradhapura,ANU_05,English,Lite 5GB,5,473,41,0.0,0,healthy,commuter,0,0.05,0
HUT101380,Jaffna,JAF_06,Tamil,Value 15GB,15,997,70,0.0,0,traveller,commuter,1,0.05,0
HUT101381,Matara,MAT_09,English,Max 40GB,40,2121,32,0.0,0,plan_too_small,commuter,0,0.05,0
HUT101382,Kurunegala,KUR_05,English,Lite 5GB,5,595,61,0.0,0,plan_too_small,roamer,0,0.552,0
HUT101383,Gampaha,GAM_03,English,Lite 5GB,5,478,46,0.0,0,healthy,commuter,0,0.552,0
HUT101384,Galle,GAL_01,Sinhala,Max 40GB,40,1974,13,0.0,0,traveller,commuter,0,0.05,0
HUT101385,Kurunegala,KUR_07,English,Value 15GB,15,1107,62,0.0,0,healthy,static,1,0.552,0
HUT101386,Matara,MAT_10,Sinhala,Value 15GB,15,1145,68,0.0,0,healthy,commuter,1,0.05,0
HUT101387,Galle,GAL_02,Sinhala,Lite 5GB,5,610,22,0.0,0,traveller,commuter,1,0.05,0
HUT101388,Trincomalee,TRI_05,English,Unlimited,100,3165,66,0.0,0,healthy,commuter,1,0.05,0
HUT101389,Anuradhapura,ANU_02,Sinhala,Unlimited,100,2976,71,0.0,0,healthy,roamer,1,0.05,0
HUT101390,Batticaloa,BAT_11,English,Lite 5GB,5,562,52,0.0,1,network,roamer,0,0.05,0
HUT101391,Galle,GAL_04,English,Unlimited,100,2983,66,0.0,0,healthy,static,0,0.05,0
HUT101392,Trincomalee,TRI_09,Tamil,Value 15GB,15,920,43,0.0,0,bored,commuter,0,0.05,0
HUT101393,Kurunegala,KUR_05,Sinhala,Value 15GB,15,1120,24,0.0,0,healthy,roamer,1,0.552,0
HUT101394,Galle,GAL_05,Sinhala,Lite 5GB,5,505,35,0.0,0,healthy,commuter,0,0.05,0
HUT101395,Jaffna,JAF_10,English,Max 40GB,40,1866,57,0.0,0,bored,static,0,0.05,0
HUT101396,Kurunegala,KUR_07,Sinhala,Value 15GB,15,1229,5,0.0,0,plan_too_small,commuter,0,0.552,1
HUT101397,Kandy,KAN_01,English,Value 15GB,15,1057,37,0.0,0,healthy,commuter,1,0.552,0
HUT101398,Matara,MAT_09,Sinhala,Value 15GB,15,1052,61,0.0,0,healthy,commuter,1,0.05,0
HUT101399,Jaffna,JAF_03,Tamil,Lite 5GB,5,552,17,0.0,0,healthy,commuter,0,0.05,0
HUT101400,Negombo,NEG_08,Sinhala,Lite 5GB,5,537,56,0.0,0,healthy,commuter,0,0.552,1
HUT101401,Colombo,COL_06,Tamil,Max 40GB,40,1982,67,0.0,0,traveller,commuter,0,0.05,0
HUT101402,Kandy,KAN_12,Sinhala,Value 15GB,15,1022,5,0.0,0,bored,commuter,0,0.552,1
HUT101403,Colombo,COL_07,English,Lite 5GB,5,505,30,0.0,0,plan_too_small,commuter,0,0.05,0
HUT101404,Galle,GAL_09,Sinhala,Value 15GB,15,1098,3,0.0,0,healthy,static,0,0.05,0
HUT101405,Colombo,COL_01,English,Value 15GB,15,1235,26,0.0,1,network,commuter,0,0.05,0
HUT101406,Colombo,COL_06,English,Unlimited,100,3094,25,0.0,0,healthy,commuter,1,0.05,0
HUT101407,Jaffna,JAF_12,Tamil,Unlimited,100,2990,14,0.0,0,traveller,commuter,0,0.05,0
HUT101408,Colombo,COL_07,Sinhala,Value 15GB,15,911,55,0.0,0,plan_too_big,static,0,0.05,0
HUT101409,Anuradhapura,ANU_12,English,Value 15GB,15,1240,67,0.0,0,healthy,commuter,0,0.05,0
HUT101410,Kandy,KAN_11,English,Unlimited,100,3092,4,0.0,0,traveller,static,1,0.552,0
HUT101411,Kandy,KAN_09,English,Max 40GB,40,1909,30,0.0,0,plan_too_small,commuter,1,0.552,0
HUT101412,Gampaha,GAM_08,Sinhala,Value 15GB,15,1218,60,0.0,0,healthy,commuter,0,0.552,0
HUT101413,Anuradhapura,ANU_11,Sinhala,Unlimited,100,3483,51,0.0,0,healthy,roamer,0,0.05,0
HUT101414,Negombo,NEG_11,Sinhala,Value 15GB,15,1274,50,474.0,0,bill_shock,commuter,0,0.552,0
HUT101415,Kurunegala,KUR_06,Sinhala,Value 15GB,15,1057,72,0.0,0,plan_too_small,roamer,0,0.552,0
HUT101416,Galle,GAL_04,English,Lite 5GB,5,528,29,0.0,0,plan_too_big,static,1,0.05,0
HUT101417,Batticaloa,BAT_12,English,Unlimited,100,2811,39,713.0,0,bill_shock,static,1,0.05,0
HUT101418,Negombo,NEG_03,English,Max 40GB,40,1850,47,412.0,2,bill_shock,static,0,0.552,1
HUT101419,Matara,MAT_04,Sinhala,Value 15GB,15,1226,46,779.0,0,bill_shock,commuter,0,0.05,1
HUT101420,Batticaloa,BAT_07,Tamil,Value 15GB,15,922,9,0.0,0,traveller,commuter,0,0.05,0
HUT101421,Jaffna,JAF_05,Tamil,Value 15GB,15,1193,11,0.0,1,network,commuter,1,0.05,0
HUT101422,Negombo,NEG_09,Sinhala,Lite 5GB,5,463,28,0.0,0,healthy,static,0,0.552,0
HUT101423,Trincomalee,TRI_08,Sinhala,Value 15GB,15,1162,58,0.0,3,network,commuter,0,0.05,1
HUT101424,Ratnapura,RAT_08,Sinhala,Lite 5GB,5,542,70,0.0,0,bored,static,1,0.05,0
HUT101425,Colombo,COL_09,Sinhala,Max 40GB,40,1727,8,0.0,0,healthy,static,0,0.05,0
HUT101426,Kandy,KAN_10,Sinhala,Lite 5GB,5,621,54,0.0,0,plan_too_big,static,0,0.552,0
HUT101427,Galle,GAL_02,English,Lite 5GB,5,568,62,0.0,0,traveller,commuter,1,0.05,0
HUT101428,Negombo,NEG_11,Sinhala,Max 40GB,40,2153,29,0.0,0,bored,static,1,0.552,0
HUT101429,Kandy,KAN_10,English,Max 40GB,40,2312,9,0.0,0,traveller,commuter,0,0.552,0
HUT101430,Trincomalee,TRI_12,Sinhala,Value 15GB,15,1020,63,0.0,2,network,commuter,1,0.05,1
HUT101431,Matara,MAT_08,English,Max 40GB,40,1713,5,860.0,0,bill_shock,commuter,1,0.05,1
HUT101432,Negombo,NEG_01,Sinhala,Max 40GB,40,1701,64,0.0,3,network,static,1,0.552,1
HUT101433,Kurunegala,KUR_01,Sinhala,Unlimited,100,3222,67,0.0,0,traveller,commuter,1,0.552,0
HUT101434,Ratnapura,RAT_12,English,Lite 5GB,5,535,51,0.0,1,network,roamer,0,0.05,1
HUT101435,Negombo,NEG_10,Sinhala,Value 15GB,15,1014,47,0.0,0,bored,commuter,0,0.552,0
HUT101436,Batticaloa,BAT_08,English,Max 40GB,40,2149,8,0.0,0,bored,commuter,0,0.05,0
HUT101437,Kurunegala,KUR_07,Sinhala,Max 40GB,40,2302,12,0.0,0,healthy,commuter,0,0.552,0
HUT101438,Matara,MAT_02,English,Unlimited,100,3089,25,0.0,1,network,commuter,0,0.05,1
HUT101439,Gampaha,GAM_04,English,Value 15GB,15,1051,66,0.0,0,healthy,commuter,0,0.552,0
HUT101440,Anuradhapura,ANU_06,Sinhala,Value 15GB,15,1234,13,0.0,0,traveller,commuter,0,0.05,0
HUT101441,Jaffna,JAF_06,Tamil,Lite 5GB,5,532,7,0.0,1,network,roamer,0,0.05,1
HUT101442,Ratnapura,RAT_07,English,Lite 5GB,5,629,69,0.0,0,bored,commuter,0,0.05,0
HUT101443,Negombo,NEG_02,English,Max 40GB,40,1925,68,0.0,0,healthy,roamer,0,0.552,0
HUT101444,Negombo,NEG_01,English,Unlimited,100,3331,42,510.0,0,bill_shock,static,0,0.552,0
HUT101445,Batticaloa,BAT_08,Tamil,Value 15GB,15,944,39,0.0,0,traveller,static,0,0.05,1
HUT101446,Kandy,KAN_05,Sinhala,Value 15GB,15,1001,49,0.0,0,network,static,0,0.552,0
HUT101447,Gampaha,GAM_12,Sinhala,Value 15GB,15,1286,70,0.0,0,network,static,0,0.552,1
HUT101448,Kandy,KAN_10,English,Max 40GB,40,1649,11,0.0,0,healthy,static,0,0.552,0
HUT101449,Gampaha,GAM_08,Sinhala,Value 15GB,15,1124,64,0.0,0,traveller,commuter,1,0.552,0
HUT101450,Colombo,COL_09,English,Value 15GB,15,1183,67,0.0,0,plan_too_big,commuter,1,0.05,0
HUT101451,Trincomalee,TRI_10,Tamil,Max 40GB,40,2000,11,326.0,0,bill_shock,static,0,0.05,0
HUT101452,Colombo,COL_02,Tamil,Value 15GB,15,915,17,0.0,0,bored,static,1,0.05,1
HUT101453,Kandy,KAN_03,English,Lite 5GB,5,616,42,0.0,0,plan_too_big,commuter,1,0.552,0
HUT101454,Kandy,KAN_09,Sinhala,Value 15GB,15,1279,17,0.0,0,healthy,static,0,0.552,0
HUT101455,Kandy,KAN_11,Sinhala,Value 15GB,15,1208,42,0.0,0,traveller,static,1,0.552,0
HUT101456,Kurunegala,KUR_02,Sinhala,Max 40GB,40,1922,8,0.0,0,healthy,commuter,0,0.552,0
HUT101457,Trincomalee,TRI_07,English,Lite 5GB,5,489,70,0.0,0,traveller,static,0,0.05,0
HUT101458,Gampaha,GAM_03,Sinhala,Unlimited,100,3675,55,0.0,0,healthy,roamer,0,0.552,0
HUT101459,Trincomalee,TRI_12,Tamil,Value 15GB,15,1046,68,0.0,2,network,commuter,0,0.05,0
HUT101460,Jaffna,JAF_10,English,Value 15GB,15,1023,48,0.0,0,network,commuter,0,0.05,1
HUT101461,Colombo,COL_10,English,Unlimited,100,3425,23,0.0,0,plan_too_big,static,0,0.05,0
HUT101462,Jaffna,JAF_04,Tamil,Lite 5GB,5,487,40,613.0,3,bill_shock,static,0,0.05,0
HUT101463,Jaffna,JAF_01,Tamil,Value 15GB,15,1177,22,0.0,0,bored,commuter,1,0.05,0
HUT101464,Colombo,COL_03,Tamil,Max 40GB,40,2099,32,0.0,0,healthy,commuter,0,0.05,0
HUT101465,Trincomalee,TRI_01,Sinhala,Max 40GB,40,2200,3,426.0,1,bill_shock,commuter,0,0.05,1
HUT101466,Trincomalee,TRI_07,Sinhala,Value 15GB,15,1148,43,0.0,0,plan_too_small,commuter,0,0.05,0
HUT101467,Trincomalee,TRI_03,Tamil,Max 40GB,40,1781,6,0.0,0,traveller,commuter,1,0.05,0
HUT101468,Kandy,KAN_10,Sinhala,Value 15GB,15,926,57,0.0,1,network,static,1,0.552,1
HUT101469,Batticaloa,BAT_01,Tamil,Max 40GB,40,1854,46,0.0,0,bored,static,1,0.05,0
HUT101470,Jaffna,JAF_10,English,Lite 5GB,5,528,38,0.0,1,network,static,0,0.05,1
HUT101471,Matara,MAT_04,Sinhala,Unlimited,100,3492,7,0.0,0,traveller,commuter,1,0.05,0
HUT101472,Gampaha,GAM_05,Sinhala,Max 40GB,40,2187,8,0.0,0,plan_too_big,commuter,1,0.552,0
HUT101473,Matara,MAT_12,Sinhala,Value 15GB,15,1158,7,0.0,0,healthy,static,0,0.05,0
HUT101474,Kandy,KAN_10,Sinhala,Lite 5GB,5,462,29,0.0,0,network,static,0,0.552,1
HUT101475,Ratnapura,RAT_12,English,Value 15GB,15,1228,34,0.0,0,network,static,1,0.05,0
HUT101476,Gampaha,GAM_04,Sinhala,Max 40GB,40,1904,31,0.0,1,network,roamer,1,0.552,1
HUT101477,Anuradhapura,ANU_06,Sinhala,Unlimited,100,3543,32,0.0,0,traveller,commuter,1,0.05,0
HUT101478,Galle,GAL_02,Sinhala,Value 15GB,15,987,47,0.0,0,plan_too_big,static,0,0.05,0
HUT101479,Kandy,KAN_11,Sinhala,Max 40GB,40,1878,10,0.0,0,plan_too_big,commuter,0,0.552,0
HUT101480,Colombo,COL_08,English,Value 15GB,15,1140,34,0.0,0,plan_too_big,commuter,0,0.05,0
HUT101481,Jaffna,JAF_02,English,Value 15GB,15,931,59,0.0,0,traveller,commuter,1,0.05,0
HUT101482,Negombo,NEG_11,English,Unlimited,100,3240,53,0.0,0,plan_too_small,commuter,0,0.552,1
HUT101483,Galle,GAL_11,Sinhala,Max 40GB,40,1962,17,0.0,0,healthy,commuter,0,0.05,0
HUT101484,Galle,GAL_11,Sinhala,Unlimited,100,3314,66,0.0,0,plan_too_big,commuter,0,0.05,1
HUT101485,Galle,GAL_07,Sinhala,Max 40GB,40,1957,14,0.0,0,healthy,commuter,0,0.05,0
HUT101486,Batticaloa,BAT_06,Tamil,Max 40GB,40,2309,13,0.0,0,plan_too_big,commuter,0,0.05,0
HUT101487,Colombo,COL_03,English,Max 40GB,40,2241,56,0.0,0,bored,commuter,0,0.05,1
HUT101488,Kurunegala,KUR_02,English,Max 40GB,40,2074,15,0.0,0,plan_too_big,commuter,0,0.552,0
HUT101489,Matara,MAT_12,Sinhala,Lite 5GB,5,490,46,0.0,0,healthy,commuter,0,0.05,0
HUT101490,Batticaloa,BAT_11,English,Value 15GB,15,915,14,0.0,1,network,roamer,0,0.05,1
HUT101491,Kurunegala,KUR_06,English,Lite 5GB,5,561,12,0.0,0,healthy,static,1,0.552,1
HUT101492,Batticaloa,BAT_06,Tamil,Max 40GB,40,1996,2,0.0,0,traveller,commuter,1,0.05,0
HUT101493,Galle,GAL_05,Sinhala,Unlimited,100,3862,70,0.0,0,plan_too_small,static,1,0.05,0
HUT101494,Ratnapura,RAT_06,Sinhala,Lite 5GB,5,452,25,0.0,0,healthy,static,0,0.05,0
HUT101495,Trincomalee,TRI_05,English,Value 15GB,15,1273,23,0.0,0,plan_too_big,static,1,0.05,0
HUT101496,Kurunegala,KUR_06,Sinhala,Value 15GB,15,1164,2,0.0,0,plan_too_big,commuter,0,0.552,0
HUT101497,Ratnapura,RAT_01,Sinhala,Max 40GB,40,1846,11,0.0,0,healthy,commuter,0,0.05,0
HUT101498,Negombo,NEG_07,Sinhala,Lite 5GB,5,498,44,0.0,0,healthy,commuter,0,0.552,0
HUT101499,Gampaha,GAM_07,Sinhala,Unlimited,100,3234,18,585.0,0,bill_shock,static,1,0.552,0
HUT101500,Galle,GAL_03,Sinhala,Value 15GB,15,940,13,0.0,0,plan_too_big,commuter,0,0.05,0
HUT101501,Matara,MAT_08,Sinhala,Unlimited,100,2975,51,251.0,1,bill_shock,static,0,0.05,0
HUT101502,Colombo,COL_12,Sinhala,Max 40GB,40,1767,6,0.0,0,traveller,commuter,1,0.05,0
HUT101503,Gampaha,GAM_10,Sinhala,Lite 5GB,5,502,66,0.0,0,healthy,commuter,0,0.552,0
HUT101504,Ratnapura,RAT_01,English,Value 15GB,15,979,62,0.0,0,network,commuter,0,0.05,1
HUT101505,Kurunegala,KUR_06,Sinhala,Max 40GB,40,2079,41,0.0,0,traveller,commuter,1,0.552,0
HUT101506,Anuradhapura,ANU_08,Sinhala,Lite 5GB,5,540,46,0.0,0,bored,static,1,0.05,1
HUT101507,Gampaha,GAM_11,Sinhala,Value 15GB,15,1285,11,0.0,0,healthy,commuter,0,0.552,1
HUT101508,Kurunegala,KUR_01,Sinhala,Unlimited,100,3247,14,350.0,0,bill_shock,static,1,0.552,0
HUT101509,Anuradhapura,ANU_05,Sinhala,Lite 5GB,5,520,57,0.0,1,network,commuter,0,0.05,1
HUT101510,Kandy,KAN_08,Sinhala,Lite 5GB,5,629,6,0.0,0,healthy,static,0,0.552,0
HUT101511,Ratnapura,RAT_02,English,Lite 5GB,5,469,53,842.0,0,bill_shock,commuter,0,0.05,0
HUT101512,Kandy,KAN_12,Sinhala,Value 15GB,15,1087,65,0.0,0,healthy,commuter,0,0.552,0
HUT101513,Trincomalee,TRI_11,English,Max 40GB,40,2311,9,0.0,0,healthy,commuter,1,0.05,0
HUT101514,Negombo,NEG_10,English,Unlimited,100,3712,47,0.0,0,healthy,commuter,1,0.552,0
HUT101515,Jaffna,JAF_03,English,Value 15GB,15,1051,10,621.0,0,bill_shock,static,1,0.05,0
HUT101516,Gampaha,GAM_11,Sinhala,Value 15GB,15,1267,27,0.0,0,network,commuter,0,0.552,1
HUT101517,Negombo,NEG_06,Sinhala,Lite 5GB,5,568,34,0.0,0,plan_too_small,roamer,0,0.552,0
HUT101518,Kandy,KAN_02,Sinhala,Lite 5GB,5,494,36,0.0,0,healthy,commuter,0,0.552,0
HUT101519,Gampaha,GAM_11,Sinhala,Lite 5GB,5,612,7,0.0,0,healthy,commuter,0,0.552,0
HUT101520,Gampaha,GAM_03,Sinhala,Lite 5GB,5,541,13,0.0,0,healthy,roamer,0,0.552,0
HUT101521,Batticaloa,BAT_11,English,Max 40GB,40,1725,50,420.0,0,bill_shock,commuter,0,0.05,0
HUT101522,Jaffna,JAF_06,Tamil,Value 15GB,15,952,18,0.0,0,bored,static,0,0.05,0
HUT101523,Kurunegala,KUR_09,Sinhala,Lite 5GB,5,482,38,0.0,0,healthy,commuter,0,0.552,0
HUT101524,Galle,GAL_11,Sinhala,Value 15GB,15,1251,37,0.0,0,healthy,commuter,1,0.05,0
HUT101525,Kandy,KAN_10,Sinhala,Lite 5GB,5,484,39,400.0,1,bill_shock,commuter,1,0.552,1
HUT101526,Trincomalee,TRI_09,Sinhala,Value 15GB,15,973,26,0.0,0,network,static,1,0.05,1
HUT101527,Anuradhapura,ANU_11,Sinhala,Value 15GB,15,1192,47,687.0,1,bill_shock,static,1,0.05,0
HUT101528,Anuradhapura,ANU_04,Sinhala,Lite 5GB,5,467,23,0.0,0,healthy,static,0,0.05,0
HUT101529,Colombo,COL_07,Sinhala,Unlimited,100,3211,52,0.0,0,traveller,commuter,0,0.05,0
HUT101530,Matara,MAT_05,English,Lite 5GB,5,546,4,0.0,0,healthy,static,0,0.05,0
HUT101531,Negombo,NEG_01,Sinhala,Lite 5GB,5,570,14,0.0,3,network,commuter,0,0.552,0
HUT101532,Kurunegala,KUR_03,Sinhala,Lite 5GB,5,597,30,0.0,0,healthy,static,1,0.552,0
HUT101533,Gampaha,GAM_07,Sinhala,Lite 5GB,5,551,19,454.0,3,bill_shock,commuter,1,0.552,1
HUT101534,Kandy,KAN_08,English,Max 40GB,40,1793,43,0.0,0,traveller,commuter,0,0.552,0
HUT101535,Kurunegala,KUR_04,English,Lite 5GB,5,452,23,0.0,0,healthy,commuter,0,0.552,0
HUT101536,Kandy,KAN_08,Sinhala,Max 40GB,40,1899,70,0.0,0,bored,static,1,0.552,1
HUT101537,Trincomalee,TRI_07,Tamil,Lite 5GB,5,585,35,0.0,0,healthy,commuter,0,0.05,0
HUT101538,Kandy,KAN_03,English,Lite 5GB,5,496,21,0.0,0,plan_too_small,commuter,0,0.552,0
HUT101539,Kurunegala,KUR_02,English,Value 15GB,15,943,31,0.0,0,traveller,static,0,0.552,0
HUT101540,Kurunegala,KUR_07,Sinhala,Max 40GB,40,1806,5,0.0,0,healthy,commuter,1,0.552,0
HUT101541,Colombo,COL_07,English,Max 40GB,40,1826,48,0.0,0,plan_too_small,commuter,0,0.05,0
HUT101542,Negombo,NEG_04,English,Lite 5GB,5,611,15,0.0,0,bored,static,0,0.552,1
HUT101543,Gampaha,GAM_11,Sinhala,Lite 5GB,5,470,23,0.0,1,network,static,0,0.552,1
HUT101544,Kurunegala,KUR_02,Sinhala,Value 15GB,15,1277,47,0.0,0,traveller,static,0,0.552,0
HUT101545,Anuradhapura,ANU_02,English,Max 40GB,40,2292,67,0.0,0,network,commuter,1,0.05,1
HUT101546,Matara,MAT_08,Sinhala,Lite 5GB,5,613,18,0.0,0,healthy,commuter,0,0.05,0
HUT101547,Matara,MAT_04,English,Lite 5GB,5,504,22,0.0,0,healthy,static,0,0.05,0
HUT101548,Trincomalee,TRI_07,English,Value 15GB,15,1148,18,898.0,3,bill_shock,commuter,0,0.05,0
HUT101549,Kurunegala,KUR_06,Sinhala,Value 15GB,15,1225,26,0.0,0,healthy,commuter,1,0.552,0
HUT101550,Jaffna,JAF_11,English,Value 15GB,15,1110,18,0.0,0,healthy,commuter,1,0.05,0
HUT101551,Matara,MAT_11,English,Max 40GB,40,2217,2,0.0,0,bored,static,0,0.05,0
HUT101552,Colombo,COL_03,Tamil,Max 40GB,40,1663,16,0.0,0,plan_too_small,commuter,0,0.05,0
HUT101553,Negombo,NEG_01,Sinhala,Max 40GB,40,1710,21,0.0,0,bored,static,0,0.552,0
HUT101554,Anuradhapura,ANU_05,English,Lite 5GB,5,506,48,0.0,0,healthy,commuter,0,0.05,0
HUT101555,Jaffna,JAF_07,Tamil,Max 40GB,40,2002,41,0.0,0,healthy,commuter,0,0.05,0
HUT101556,Ratnapura,RAT_09,Sinhala,Lite 5GB,5,600,55,0.0,0,plan_too_big,static,0,0.05,0
HUT101557,Trincomalee,TRI_11,Sinhala,Value 15GB,15,1110,44,0.0,0,healthy,static,0,0.05,0
HUT101558,Kurunegala,KUR_09,English,Max 40GB,40,2283,34,0.0,0,plan_too_small,commuter,0,0.552,0
HUT101559,Jaffna,JAF_03,English,Max 40GB,40,2088,67,685.0,0,bill_shock,static,1,0.05,0
HUT101560,Kurunegala,KUR_03,English,Lite 5GB,5,529,32,0.0,0,bored,commuter,0,0.552,1
HUT101561,Ratnapura,RAT_03,Sinhala,Value 15GB,15,1098,13,0.0,0,plan_too_small,commuter,0,0.05,0
HUT101562,Gampaha,GAM_01,Sinhala,Value 15GB,15,958,68,0.0,0,healthy,commuter,1,0.552,1
HUT101563,Colombo,COL_05,English,Value 15GB,15,973,62,748.0,0,bill_shock,commuter,0,0.05,0
HUT101564,Matara,MAT_10,English,Max 40GB,40,1991,44,571.0,0,bill_shock,commuter,0,0.05,0
HUT101565,Anuradhapura,ANU_05,Sinhala,Max 40GB,40,1833,67,0.0,1,network,commuter,1,0.05,0
HUT101566,Negombo,NEG_03,Sinhala,Value 15GB,15,1227,45,0.0,0,traveller,commuter,0,0.552,0
HUT101567,Anuradhapura,ANU_11,Sinhala,Unlimited,100,3671,64,0.0,0,healthy,commuter,0,0.05,0
HUT101568,Colombo,COL_10,English,Lite 5GB,5,465,50,0.0,0,network,roamer,0,0.05,1
HUT101569,Colombo,COL_01,Tamil,Max 40GB,40,2255,26,0.0,0,network,commuter,0,0.05,0
HUT101570,Trincomalee,TRI_04,Tamil,Value 15GB,15,969,33,0.0,0,bored,commuter,1,0.05,0
HUT101571,Anuradhapura,ANU_02,Sinhala,Value 15GB,15,976,71,0.0,2,network,static,1,0.05,1
HUT101572,Ratnapura,RAT_08,Sinhala,Value 15GB,15,1067,28,232.0,1,bill_shock,roamer,0,0.05,1
HUT101573,Colombo,COL_08,Sinhala,Unlimited,100,3355,14,0.0,0,healthy,commuter,1,0.05,0
HUT101574,Galle,GAL_12,English,Value 15GB,15,1053,34,0.0,0,healthy,static,0,0.05,0
HUT101575,Gampaha,GAM_02,English,Value 15GB,15,1261,14,0.0,0,bored,commuter,0,0.552,1
HUT101576,Negombo,NEG_08,Sinhala,Max 40GB,40,2066,3,0.0,0,healthy,commuter,0,0.552,0
HUT101577,Batticaloa,BAT_03,English,Value 15GB,15,1116,21,0.0,0,healthy,roamer,1,0.05,0
HUT101578,Batticaloa,BAT_05,English,Max 40GB,40,2092,33,0.0,0,healthy,static,1,0.05,0
HUT101579,Negombo,NEG_04,Sinhala,Lite 5GB,5,574,59,0.0,0,plan_too_big,commuter,0,0.552,0
HUT101580,Jaffna,JAF_07,Tamil,Value 15GB,15,1177,24,857.0,3,bill_shock,commuter,0,0.05,0
HUT101581,Jaffna,JAF_02,Tamil,Value 15GB,15,1270,64,0.0,0,healthy,commuter,0,0.05,0
HUT101582,Colombo,COL_04,Sinhala,Max 40GB,40,1743,28,0.0,1,network,commuter,1,0.05,0
HUT101583,Colombo,COL_10,Tamil,Value 15GB,15,957,38,0.0,0,bored,roamer,0,0.05,0
HUT101584,Gampaha,GAM_11,Sinhala,Lite 5GB,5,607,56,593.0,0,bill_shock,commuter,1,0.552,1
HUT101585,Galle,GAL_05,Sinhala,Lite 5GB,5,470,51,0.0,0,healthy,commuter,0,0.05,0
HUT101586,Jaffna,JAF_06,English,Value 15GB,15,1180,36,0.0,0,network,static,0,0.05,1
HUT101587,Jaffna,JAF_04,English,Value 15GB,15,1227,16,0.0,0,healthy,static,0,0.05,0
HUT101588,Batticaloa,BAT_02,Tamil,Lite 5GB,5,517,58,276.0,0,bill_shock,static,0,0.05,1
HUT101589,Gampaha,GAM_05,English,Max 40GB,40,2149,4,0.0,0,healthy,commuter,0,0.552,0
HUT101590,Trincomalee,TRI_02,Sinhala,Max 40GB,40,1777,46,0.0,0,plan_too_small,commuter,1,0.05,0
HUT101591,Anuradhapura,ANU_10,English,Unlimited,100,3778,67,0.0,0,healthy,static,0,0.05,0
HUT101592,Gampaha,GAM_01,English,Unlimited,100,3449,35,404.0,1,bill_shock,static,0,0.552,0
HUT101593,Negombo,NEG_05,Sinhala,Lite 5GB,5,498,3,0.0,0,traveller,commuter,0,0.552,0
HUT101594,Gampaha,GAM_04,English,Max 40GB,40,2256,12,0.0,0,network,commuter,1,0.552,0
HUT101595,Colombo,COL_01,Sinhala,Value 15GB,15,1265,29,0.0,2,network,commuter,0,0.05,1
HUT101596,Galle,GAL_05,Sinhala,Max 40GB,40,2061,9,0.0,0,bored,static,0,0.05,0
HUT101597,Negombo,NEG_01,English,Lite 5GB,5,615,8,0.0,0,healthy,commuter,0,0.552,0
HUT101598,Trincomalee,TRI_10,Sinhala,Max 40GB,40,1826,69,0.0,0,traveller,commuter,0,0.05,0
HUT101599,Batticaloa,BAT_04,Tamil,Lite 5GB,5,581,24,0.0,0,healthy,static,1,0.05,0
HUT101600,Negombo,NEG_09,Sinhala,Max 40GB,40,1974,40,0.0,0,bored,static,1,0.552,1
HUT101601,Negombo,NEG_05,Sinhala,Value 15GB,15,953,11,0.0,0,traveller,static,0,0.552,0
HUT101602,Batticaloa,BAT_01,Tamil,Value 15GB,15,931,44,755.0,0,bill_shock,commuter,1,0.05,0
HUT101603,Negombo,NEG_01,English,Value 15GB,15,1051,67,0.0,1,network,commuter,0,0.552,1
HUT101604,Kurunegala,KUR_11,Sinhala,Max 40GB,40,2172,10,0.0,0,bored,commuter,0,0.552,0
HUT101605,Ratnapura,RAT_03,Sinhala,Lite 5GB,5,523,47,0.0,0,healthy,commuter,1,0.05,0
HUT101606,Trincomalee,TRI_01,Sinhala,Max 40GB,40,2113,40,312.0,0,bill_shock,commuter,1,0.05,0
HUT101607,Batticaloa,BAT_05,Tamil,Lite 5GB,5,470,2,0.0,0,plan_too_big,commuter,1,0.05,0
HUT101608,Colombo,COL_04,English,Unlimited,100,3880,52,0.0,0,healthy,commuter,1,0.05,0
HUT101609,Colombo,COL_11,Sinhala,Value 15GB,15,1263,11,0.0,0,healthy,commuter,1,0.05,0
HUT101610,Ratnapura,RAT_02,Sinhala,Unlimited,100,3537,29,0.0,0,traveller,roamer,1,0.05,0
HUT101611,Jaffna,JAF_10,Tamil,Max 40GB,40,2163,5,0.0,1,network,commuter,1,0.05,1
HUT101612,Colombo,COL_01,Tamil,Max 40GB,40,2214,25,0.0,0,network,commuter,0,0.05,0
HUT101613,Galle,GAL_05,Sinhala,Lite 5GB,5,593,42,0.0,0,plan_too_small,commuter,0,0.05,0
HUT101614,Jaffna,JAF_01,English,Value 15GB,15,933,46,0.0,0,traveller,commuter,0,0.05,0
HUT101615,Galle,GAL_07,English,Lite 5GB,5,590,71,0.0,0,bored,commuter,1,0.05,0
HUT101616,Jaffna,JAF_05,Tamil,Max 40GB,40,1968,25,0.0,0,healthy,commuter,0,0.05,0
HUT101617,Matara,MAT_04,Sinhala,Max 40GB,40,1886,43,0.0,0,bored,commuter,0,0.05,0
HUT101618,Kurunegala,KUR_05,Sinhala,Value 15GB,15,1258,20,0.0,0,healthy,commuter,0,0.552,0
HUT101619,Colombo,COL_02,English,Value 15GB,15,1167,7,0.0,0,healthy,commuter,0,0.05,0
HUT101620,Negombo,NEG_04,English,Value 15GB,15,1126,50,0.0,0,healthy,commuter,1,0.552,0
HUT101621,Galle,GAL_09,Sinhala,Lite 5GB,5,474,62,0.0,0,healthy,static,1,0.05,0
HUT101622,Ratnapura,RAT_10,Sinhala,Lite 5GB,5,501,12,0.0,0,healthy,static,0,0.05,0
HUT101623,Kandy,KAN_05,English,Unlimited,100,3413,38,0.0,0,traveller,roamer,1,0.552,0
HUT101624,Kandy,KAN_11,Sinhala,Max 40GB,40,2113,40,0.0,0,healthy,static,0,0.552,0
HUT101625,Gampaha,GAM_08,English,Value 15GB,15,1096,15,0.0,0,healthy,static,0,0.552,0
HUT101626,Anuradhapura,ANU_04,Sinhala,Value 15GB,15,1133,37,0.0,0,bored,commuter,1,0.05,1
HUT101627,Trincomalee,TRI_08,Tamil,Value 15GB,15,1035,17,0.0,0,network,static,1,0.05,0
HUT101628,Trincomalee,TRI_01,Sinhala,Max 40GB,40,2078,61,0.0,0,healthy,roamer,0,0.05,0
HUT101629,Matara,MAT_03,English,Lite 5GB,5,452,70,0.0,0,plan_too_big,commuter,0,0.05,0
HUT101630,Trincomalee,TRI_11,Sinhala,Value 15GB,15,1158,55,0.0,0,healthy,commuter,0,0.05,0
HUT101631,Matara,MAT_02,Sinhala,Value 15GB,15,1023,2,0.0,0,network,roamer,0,0.05,0
HUT101632,Gampaha,GAM_04,Sinhala,Max 40GB,40,2322,22,0.0,0,bored,commuter,0,0.552,1
HUT101633,Kandy,KAN_01,Sinhala,Unlimited,100,2840,30,0.0,0,bored,commuter,1,0.552,1
HUT101634,Anuradhapura,ANU_09,English,Lite 5GB,5,570,12,0.0,0,bored,static,1,0.05,0
HUT101635,Kandy,KAN_10,English,Lite 5GB,5,556,23,0.0,0,healthy,commuter,1,0.552,0
HUT101636,Ratnapura,RAT_06,English,Value 15GB,15,1266,59,0.0,0,plan_too_big,commuter,1,0.05,0
HUT101637,Jaffna,JAF_01,Tamil,Max 40GB,40,2222,44,0.0,0,bored,commuter,0,0.05,0
HUT101638,Jaffna,JAF_06,English,Lite 5GB,5,531,58,0.0,2,network,static,0,0.05,1
HUT101639,Matara,MAT_06,English,Value 15GB,15,1135,60,0.0,0,traveller,commuter,0,0.05,0
HUT101640,Batticaloa,BAT_03,Tamil,Value 15GB,15,1067,13,0.0,0,plan_too_big,commuter,0,0.05,0
HUT101641,Colombo,COL_07,Tamil,Value 15GB,15,1119,36,0.0,0,traveller,commuter,1,0.05,0
HUT101642,Colombo,COL_05,Sinhala,Lite 5GB,5,471,9,0.0,0,bored,static,0,0.05,0
HUT101643,Colombo,COL_08,Tamil,Value 15GB,15,1093,56,0.0,0,healthy,commuter,0,0.05,0
HUT101644,Colombo,COL_10,Tamil,Lite 5GB,5,583,57,0.0,1,network,commuter,1,0.05,1
HUT101645,Kandy,KAN_06,Sinhala,Max 40GB,40,1890,46,0.0,0,healthy,commuter,0,0.552,0
HUT101646,Anuradhapura,ANU_06,Sinhala,Max 40GB,40,2257,62,0.0,0,traveller,commuter,0,0.05,0
HUT101647,Batticaloa,BAT_12,Tamil,Unlimited,100,3280,15,0.0,0,plan_too_small,static,0,0.05,0
HUT101648,Matara,MAT_04,English,Value 15GB,15,1248,15,0.0,0,plan_too_small,static,0,0.05,0
HUT101649,Batticaloa,BAT_12,Tamil,Unlimited,100,3450,2,0.0,0,traveller,commuter,0,0.05,0
HUT101650,Gampaha,GAM_08,Sinhala,Lite 5GB,5,564,19,0.0,0,healthy,commuter,0,0.552,0
HUT101651,Matara,MAT_07,Sinhala,Max 40GB,40,2174,25,0.0,0,healthy,commuter,0,0.05,0
HUT101652,Kurunegala,KUR_05,English,Lite 5GB,5,475,12,0.0,0,healthy,commuter,1,0.552,0
HUT101653,Kurunegala,KUR_10,Sinhala,Unlimited,100,2826,53,0.0,0,bored,commuter,1,0.552,1
HUT101654,Negombo,NEG_03,Sinhala,Lite 5GB,5,625,70,0.0,0,traveller,commuter,0,0.552,0
HUT101655,Galle,GAL_06,English,Lite 5GB,5,592,28,0.0,0,healthy,commuter,0,0.05,1
HUT101656,Ratnapura,RAT_05,Sinhala,Lite 5GB,5,573,37,0.0,0,healthy,commuter,0,0.05,0
HUT101657,Negombo,NEG_12,Sinhala,Max 40GB,40,2175,2,0.0,0,healthy,commuter,1,0.552,1
HUT101658,Kurunegala,KUR_01,English,Unlimited,100,3035,43,0.0,0,traveller,commuter,1,0.552,0
HUT101659,Colombo,COL_01,Sinhala,Max 40GB,40,2012,19,0.0,0,network,commuter,0,0.05,0
HUT101660,Anuradhapura,ANU_05,Sinhala,Max 40GB,40,2188,18,0.0,0,network,static,1,0.05,1
HUT101661,Colombo,COL_09,Sinhala,Value 15GB,15,1133,29,0.0,0,plan_too_small,static,0,0.05,0
HUT101662,Matara,MAT_10,Sinhala,Lite 5GB,5,496,54,0.0,0,traveller,static,0,0.05,0
HUT101663,Gampaha,GAM_03,Sinhala,Lite 5GB,5,456,65,0.0,0,healthy,roamer,0,0.552,0
HUT101664,Galle,GAL_06,Sinhala,Unlimited,100,3444,60,0.0,0,healthy,commuter,0,0.05,0
HUT101665,Anuradhapura,ANU_03,Sinhala,Value 15GB,15,970,10,0.0,0,plan_too_small,commuter,1,0.05,0
HUT101666,Kurunegala,KUR_04,Sinhala,Lite 5GB,5,584,64,0.0,0,plan_too_big,static,0,0.552,0
HUT101667,Gampaha,GAM_11,English,Max 40GB,40,1729,48,0.0,0,healthy,static,0,0.552,0
HUT101668,Jaffna,JAF_08,Tamil,Lite 5GB,5,547,27,0.0,0,traveller,static,1,0.05,0
HUT101669,Colombo,COL_06,Tamil,Lite 5GB,5,457,72,0.0,0,plan_too_big,static,0,0.05,0
HUT101670,Colombo,COL_07,Tamil,Max 40GB,40,2168,8,0.0,0,healthy,commuter,1,0.05,0
HUT101671,Kandy,KAN_07,Sinhala,Value 15GB,15,1024,9,799.0,0,bill_shock,commuter,0,0.552,1
HUT101672,Negombo,NEG_06,English,Value 15GB,15,1040,44,0.0,0,bored,commuter,0,0.552,0
HUT101673,Ratnapura,RAT_04,Sinhala,Lite 5GB,5,518,52,221.0,0,bill_shock,roamer,0,0.05,1
HUT101674,Gampaha,GAM_11,Sinhala,Unlimited,100,2757,63,0.0,0,healthy,roamer,1,0.552,1
HUT101675,Kandy,KAN_02,Sinhala,Max 40GB,40,2248,61,0.0,0,healthy,commuter,1,0.552,0
HUT101676,Colombo,COL_01,Sinhala,Lite 5GB,5,524,49,0.0,0,plan_too_small,static,0,0.05,0
HUT101677,Matara,MAT_12,Sinhala,Lite 5GB,5,580,44,0.0,0,bored,static,0,0.05,0
HUT101678,Galle,GAL_12,English,Value 15GB,15,1137,46,0.0,0,plan_too_small,commuter,0,0.05,0
HUT101679,Colombo,COL_03,Tamil,Unlimited,100,3628,55,0.0,0,plan_too_small,static,0,0.05,0
HUT101680,Jaffna,JAF_08,English,Value 15GB,15,980,28,0.0,0,bored,commuter,1,0.05,1
HUT101681,Anuradhapura,ANU_12,English,Lite 5GB,5,507,33,0.0,0,healthy,commuter,0,0.05,0
HUT101682,Gampaha,GAM_11,English,Unlimited,100,3038,7,0.0,0,network,commuter,0,0.552,1
HUT101683,Negombo,NEG_01,English,Max 40GB,40,1810,43,0.0,1,network,static,0,0.552,1
HUT101684,Ratnapura,RAT_05,English,Unlimited,100,3000,66,0.0,0,healthy,static,0,0.05,0
HUT101685,Ratnapura,RAT_01,Sinhala,Lite 5GB,5,460,44,0.0,0,traveller,commuter,1,0.05,0
HUT101686,Jaffna,JAF_04,English,Lite 5GB,5,535,68,606.0,0,bill_shock,commuter,1,0.05,0
HUT101687,Kurunegala,KUR_11,English,Lite 5GB,5,471,32,0.0,0,healthy,commuter,0,0.552,0
HUT101688,Kandy,KAN_12,Sinhala,Value 15GB,15,1175,20,0.0,0,healthy,commuter,1,0.552,0
HUT101689,Galle,GAL_03,Sinhala,Value 15GB,15,1221,29,0.0,0,bored,commuter,1,0.05,1
HUT101690,Anuradhapura,ANU_09,Sinhala,Lite 5GB,5,529,44,746.0,1,bill_shock,static,0,0.05,0
HUT101691,Galle,GAL_09,Sinhala,Lite 5GB,5,569,38,0.0,0,healthy,static,0,0.05,0
HUT101692,Kurunegala,KUR_04,English,Lite 5GB,5,515,64,0.0,0,traveller,commuter,0,0.552,0
HUT101693,Jaffna,JAF_04,Tamil,Value 15GB,15,1037,7,810.0,1,bill_shock,static,0,0.05,0
HUT101694,Colombo,COL_07,Sinhala,Value 15GB,15,969,47,0.0,0,plan_too_big,static,0,0.05,0
HUT101695,Gampaha,GAM_02,English,Max 40GB,40,2237,8,0.0,0,healthy,commuter,0,0.552,0
HUT101696,Batticaloa,BAT_04,Tamil,Max 40GB,40,1699,72,0.0,0,plan_too_big,static,1,0.05,0
HUT101697,Ratnapura,RAT_07,Sinhala,Value 15GB,15,1261,52,0.0,0,plan_too_small,commuter,1,0.05,0
HUT101698,Jaffna,JAF_05,Tamil,Value 15GB,15,1078,17,0.0,1,network,commuter,0,0.05,1
HUT101699,Anuradhapura,ANU_01,English,Value 15GB,15,1275,9,744.0,0,bill_shock,static,0,0.05,1
HUT101700,Gampaha,GAM_10,Sinhala,Max 40GB,40,2142,23,0.0,0,healthy,static,0,0.552,0
HUT101701,Negombo,NEG_12,Sinhala,Max 40GB,40,1963,39,0.0,0,plan_too_big,static,0,0.552,0
HUT101702,Galle,GAL_01,Sinhala,Value 15GB,15,1042,37,0.0,0,traveller,commuter,0,0.05,0
HUT101703,Batticaloa,BAT_07,English,Max 40GB,40,2273,23,0.0,0,traveller,commuter,1,0.05,0
HUT101704,Gampaha,GAM_10,English,Value 15GB,15,1285,3,284.0,0,bill_shock,commuter,1,0.552,1
HUT101705,Matara,MAT_05,English,Max 40GB,40,2085,70,0.0,0,healthy,commuter,0,0.05,0
HUT101706,Kurunegala,KUR_09,Sinhala,Lite 5GB,5,496,15,453.0,0,bill_shock,static,1,0.552,1
HUT101707,Trincomalee,TRI_05,English,Lite 5GB,5,614,27,0.0,0,healthy,commuter,1,0.05,0
HUT101708,Matara,MAT_01,English,Max 40GB,40,2168,17,0.0,0,plan_too_big,static,1,0.05,0
HUT101709,Kandy,KAN_07,Sinhala,Lite 5GB,5,579,24,0.0,0,healthy,commuter,0,0.552,0
HUT101710,Anuradhapura,ANU_07,English,Value 15GB,15,1052,70,745.0,0,bill_shock,static,0,0.05,0
HUT101711,Trincomalee,TRI_08,English,Value 15GB,15,1129,58,0.0,1,network,commuter,0,0.05,0
HUT101712,Galle,GAL_11,Sinhala,Max 40GB,40,1706,61,269.0,0,bill_shock,commuter,0,0.05,0
HUT101713,Ratnapura,RAT_03,Sinhala,Max 40GB,40,2294,58,0.0,0,healthy,static,0,0.05,0
HUT101714,Kurunegala,KUR_03,English,Unlimited,100,3291,60,258.0,1,bill_shock,commuter,1,0.552,1
HUT101715,Trincomalee,TRI_02,Tamil,Value 15GB,15,975,39,0.0,0,traveller,commuter,1,0.05,0
HUT101716,Matara,MAT_04,Sinhala,Value 15GB,15,1081,4,0.0,0,healthy,commuter,0,0.05,0
HUT101717,Galle,GAL_04,English,Value 15GB,15,1268,19,0.0,0,healthy,commuter,0,0.05,0
HUT101718,Batticaloa,BAT_11,Tamil,Max 40GB,40,2063,46,0.0,0,traveller,commuter,1,0.05,0
HUT101719,Kurunegala,KUR_02,Sinhala,Value 15GB,15,1245,3,0.0,0,healthy,commuter,0,0.552,0
HUT101720,Jaffna,JAF_08,English,Value 15GB,15,1131,8,0.0,0,healthy,static,0,0.05,0
HUT101721,Matara,MAT_05,Sinhala,Value 15GB,15,1264,10,0.0,0,plan_too_big,commuter,0,0.05,0
HUT101722,Matara,MAT_03,English,Lite 5GB,5,499,29,0.0,0,plan_too_small,static,1,0.05,0
HUT101723,Jaffna,JAF_10,Tamil,Value 15GB,15,1010,11,0.0,2,network,commuter,0,0.05,1
HUT101724,Jaffna,JAF_06,English,Max 40GB,40,2287,7,0.0,5,network,roamer,0,0.05,1
HUT101725,Galle,GAL_10,Sinhala,Value 15GB,15,1281,28,0.0,0,bored,commuter,0,0.05,0
HUT101726,Negombo,NEG_02,Sinhala,Unlimited,100,3479,18,0.0,0,plan_too_big,commuter,0,0.552,0
HUT101727,Kurunegala,KUR_02,English,Max 40GB,40,1892,61,0.0,0,bored,commuter,0,0.552,0
HUT101728,Kurunegala,KUR_11,Sinhala,Max 40GB,40,2305,9,774.0,1,bill_shock,commuter,1,0.552,1
HUT101729,Jaffna,JAF_04,Tamil,Value 15GB,15,1087,57,0.0,0,traveller,commuter,1,0.05,0
HUT101730,Colombo,COL_07,English,Value 15GB,15,917,15,0.0,0,plan_too_big,commuter,1,0.05,0
HUT101731,Kurunegala,KUR_08,Sinhala,Lite 5GB,5,589,23,572.0,0,bill_shock,commuter,1,0.552,0
HUT101732,Trincomalee,TRI_05,Sinhala,Value 15GB,15,1080,42,0.0,0,healthy,roamer,1,0.05,0
HUT101733,Ratnapura,RAT_01,English,Unlimited,100,3088,38,0.0,1,network,static,1,0.05,1
HUT101734,Galle,GAL_05,Sinhala,Lite 5GB,5,488,26,0.0,0,plan_too_big,commuter,1,0.05,0
HUT101735,Colombo,COL_04,English,Value 15GB,15,1231,25,0.0,0,healthy,roamer,0,0.05,1
HUT101736,Kurunegala,KUR_09,Sinhala,Unlimited,100,3447,67,0.0,0,plan_too_small,commuter,0,0.552,0
HUT101737,Anuradhapura,ANU_02,Sinhala,Value 15GB,15,997,60,0.0,0,bored,commuter,0,0.05,1
HUT101738,Negombo,NEG_01,Sinhala,Lite 5GB,5,586,17,0.0,0,plan_too_small,static,1,0.552,0
HUT101739,Kurunegala,KUR_12,English,Lite 5GB,5,474,37,415.0,0,bill_shock,static,0,0.552,0
HUT101740,Batticaloa,BAT_03,English,Value 15GB,15,1040,56,0.0,0,healthy,commuter,1,0.05,0
HUT101741,Matara,MAT_03,Sinhala,Value 15GB,15,1219,23,0.0,0,healthy,commuter,0,0.05,0
HUT101742,Negombo,NEG_04,Sinhala,Max 40GB,40,1948,17,0.0,0,healthy,static,0,0.552,1
HUT101743,Trincomalee,TRI_06,Tamil,Value 15GB,15,1057,18,0.0,0,plan_too_small,commuter,0,0.05,0
HUT101744,Negombo,NEG_12,Sinhala,Unlimited,100,3263,35,0.0,0,healthy,roamer,1,0.552,0
HUT101745,Negombo,NEG_07,Sinhala,Max 40GB,40,1801,3,0.0,0,bored,roamer,1,0.552,0
HUT101746,Negombo,NEG_01,Sinhala,Unlimited,100,3571,38,0.0,0,healthy,static,1,0.552,0
HUT101747,Gampaha,GAM_11,English,Value 15GB,15,1154,4,0.0,1,network,static,0,0.552,1
HUT101748,Negombo,NEG_09,Sinhala,Lite 5GB,5,496,39,0.0,0,traveller,commuter,1,0.552,0
HUT101749,Kurunegala,KUR_11,English,Max 40GB,40,2245,43,0.0,0,plan_too_small,commuter,0,0.552,0
HUT101750,Gampaha,GAM_03,English,Value 15GB,15,1076,42,0.0,0,plan_too_big,static,0,0.552,0
HUT101751,Anuradhapura,ANU_02,Sinhala,Lite 5GB,5,540,20,0.0,2,network,commuter,0,0.05,1
HUT101752,Colombo,COL_10,English,Value 15GB,15,1147,55,0.0,0,traveller,commuter,0,0.05,0
HUT101753,Colombo,COL_04,Tamil,Max 40GB,40,2166,57,0.0,0,plan_too_small,commuter,1,0.05,0
HUT101754,Gampaha,GAM_12,English,Unlimited,100,3326,38,0.0,0,healthy,static,0,0.552,0
HUT101755,Trincomalee,TRI_09,Tamil,Value 15GB,15,1156,8,0.0,0,network,static,1,0.05,1
HUT101756,Galle,GAL_10,Sinhala,Max 40GB,40,2244,16,0.0,0,healthy,commuter,0,0.05,0
HUT101757,Trincomalee,TRI_10,English,Lite 5GB,5,548,16,0.0,0,plan_too_small,static,1,0.05,0
HUT101758,Galle,GAL_03,Sinhala,Value 15GB,15,1013,39,586.0,0,bill_shock,commuter,0,0.05,0
HUT101759,Trincomalee,TRI_11,English,Value 15GB,15,958,60,0.0,0,healthy,static,0,0.05,0
HUT101760,Ratnapura,RAT_12,English,Max 40GB,40,1903,67,0.0,0,healthy,commuter,0,0.05,0
HUT101761,Galle,GAL_06,English,Lite 5GB,5,607,48,0.0,0,healthy,static,0,0.05,0
HUT101762,Negombo,NEG_01,Sinhala,Max 40GB,40,2012,9,0.0,1,network,commuter,0,0.552,1
HUT101763,Batticaloa,BAT_10,English,Lite 5GB,5,612,26,0.0,0,healthy,static,0,0.05,0
HUT101764,Negombo,NEG_02,Sinhala,Value 15GB,15,955,26,0.0,0,plan_too_small,static,0,0.552,0
HUT101765,Gampaha,GAM_08,English,Unlimited,100,2866,61,0.0,0,plan_too_big,commuter,0,0.552,0
HUT101766,Kandy,KAN_05,Sinhala,Lite 5GB,5,581,5,0.0,1,network,static,1,0.552,1
HUT101767,Trincomalee,TRI_07,English,Max 40GB,40,2042,36,0.0,0,plan_too_big,static,0,0.05,0
HUT101768,Negombo,NEG_06,Sinhala,Lite 5GB,5,550,71,0.0,0,traveller,commuter,1,0.552,0
HUT101769,Negombo,NEG_05,Sinhala,Max 40GB,40,2132,70,0.0,0,healthy,commuter,1,0.552,0
HUT101770,Ratnapura,RAT_01,Sinhala,Value 15GB,15,1241,26,0.0,2,network,commuter,1,0.05,1
HUT101771,Ratnapura,RAT_04,Sinhala,Max 40GB,40,2022,36,0.0,0,healthy,static,0,0.05,0
HUT101772,Galle,GAL_02,Sinhala,Value 15GB,15,1069,36,0.0,0,traveller,static,0,0.05,0
HUT101773,Kandy,KAN_06,English,Unlimited,100,2827,40,0.0,0,healthy,commuter,1,0.552,0
HUT101774,Jaffna,JAF_05,Tamil,Unlimited,100,3211,72,0.0,0,network,roamer,0,0.05,0
HUT101775,Anuradhapura,ANU_08,Sinhala,Unlimited,100,3066,27,0.0,0,healthy,commuter,0,0.05,0
HUT101776,Colombo,COL_11,English,Lite 5GB,5,588,4,0.0,0,healthy,static,0,0.05,0
HUT101777,Matara,MAT_08,Sinhala,Max 40GB,40,2026,36,0.0,0,healthy,commuter,0,0.05,0
HUT101778,Trincomalee,TRI_07,English,Lite 5GB,5,499,55,0.0,0,healthy,commuter,0,0.05,0
HUT101779,Colombo,COL_01,Tamil,Lite 5GB,5,559,24,0.0,1,network,commuter,0,0.05,1
HUT101780,Batticaloa,BAT_04,Tamil,Value 15GB,15,1070,10,0.0,0,healthy,static,0,0.05,0
HUT101781,Jaffna,JAF_11,Tamil,Lite 5GB,5,505,36,0.0,0,healthy,static,1,0.05,0
HUT101782,Trincomalee,TRI_04,English,Value 15GB,15,1254,15,509.0,0,bill_shock,static,0,0.05,0
HUT101783,Negombo,NEG_03,English,Max 40GB,40,2206,25,0.0,0,traveller,static,0,0.552,0
HUT101784,Gampaha,GAM_05,Sinhala,Max 40GB,40,1853,43,494.0,1,bill_shock,commuter,1,0.552,0
HUT101785,Kurunegala,KUR_11,Sinhala,Value 15GB,15,1264,71,610.0,0,bill_shock,static,1,0.552,0
HUT101786,Kandy,KAN_10,English,Value 15GB,15,1152,40,0.0,2,network,roamer,0,0.552,0
HUT101787,Anuradhapura,ANU_01,Sinhala,Value 15GB,15,1090,55,0.0,0,healthy,commuter,1,0.05,0
HUT101788,Anuradhapura,ANU_02,Sinhala,Value 15GB,15,1073,15,0.0,1,network,commuter,0,0.05,1
HUT101789,Ratnapura,RAT_02,Sinhala,Lite 5GB,5,588,13,0.0,0,plan_too_small,static,0,0.05,0
HUT101790,Galle,GAL_11,Sinhala,Max 40GB,40,2014,24,0.0,0,healthy,commuter,0,0.05,0
HUT101791,Negombo,NEG_11,Sinhala,Value 15GB,15,1188,7,0.0,0,traveller,commuter,0,0.552,0
HUT101792,Batticaloa,BAT_11,English,Lite 5GB,5,623,46,0.0,0,plan_too_small,static,0,0.05,0
HUT101793,Anuradhapura,ANU_09,Sinhala,Max 40GB,40,1930,8,0.0,0,plan_too_small,roamer,0,0.05,0
HUT101794,Colombo,COL_08,Tamil,Lite 5GB,5,484,16,669.0,0,bill_shock,commuter,1,0.05,0
HUT101795,Kurunegala,KUR_04,Sinhala,Value 15GB,15,1053,54,0.0,0,bored,commuter,0,0.552,0
HUT101796,Galle,GAL_04,Sinhala,Max 40GB,40,1904,68,0.0,0,healthy,static,0,0.05,0
HUT101797,Anuradhapura,ANU_07,Sinhala,Max 40GB,40,2127,63,0.0,0,plan_too_big,commuter,0,0.05,0
HUT101798,Ratnapura,RAT_04,English,Max 40GB,40,1649,70,0.0,0,traveller,static,0,0.05,0
HUT101799,Colombo,COL_03,Tamil,Lite 5GB,5,525,41,0.0,0,plan_too_small,commuter,0,0.05,0
HUT101800,Galle,GAL_05,Sinhala,Max 40GB,40,2092,25,0.0,0,bored,static,0,0.05,0
HUT101801,Matara,MAT_06,English,Value 15GB,15,981,13,0.0,0,healthy,commuter,0,0.05,0
HUT101802,Jaffna,JAF_09,Tamil,Unlimited,100,2993,62,0.0,0,traveller,commuter,1,0.05,0
HUT101803,Batticaloa,BAT_05,Tamil,Value 15GB,15,1143,23,610.0,0,bill_shock,commuter,1,0.05,0
HUT101804,Gampaha,GAM_04,Sinhala,Value 15GB,15,1276,23,458.0,1,bill_shock,commuter,0,0.552,0
HUT101805,Jaffna,JAF_07,English,Max 40GB,40,2039,66,0.0,0,healthy,commuter,0,0.05,0
HUT101806,Gampaha,GAM_05,Sinhala,Lite 5GB,5,474,31,372.0,0,bill_shock,commuter,1,0.552,0
HUT101807,Jaffna,JAF_03,Tamil,Lite 5GB,5,460,40,0.0,0,healthy,commuter,0,0.05,0
HUT101808,Kurunegala,KUR_05,English,Lite 5GB,5,493,60,0.0,0,healthy,commuter,1,0.552,0
HUT101809,Kandy,KAN_05,Sinhala,Value 15GB,15,1094,38,0.0,0,healthy,commuter,0,0.552,0
HUT101810,Batticaloa,BAT_10,Tamil,Max 40GB,40,1974,3,0.0,0,bored,roamer,0,0.05,0
HUT101811,Anuradhapura,ANU_11,English,Unlimited,100,3598,20,0.0,0,healthy,commuter,0,0.05,1
HUT101812,Jaffna,JAF_10,Tamil,Unlimited,100,3509,15,0.0,0,healthy,roamer,0,0.05,0
HUT101813,Jaffna,JAF_11,Tamil,Lite 5GB,5,455,61,0.0,0,healthy,commuter,1,0.05,0
HUT101814,Gampaha,GAM_02,Sinhala,Max 40GB,40,1700,5,0.0,0,healthy,commuter,0,0.552,0
HUT101815,Jaffna,JAF_12,Tamil,Lite 5GB,5,482,7,0.0,0,healthy,commuter,0,0.05,0
HUT101816,Galle,GAL_04,Sinhala,Value 15GB,15,1200,29,0.0,0,healthy,commuter,0,0.05,0
HUT101817,Colombo,COL_11,Sinhala,Max 40GB,40,1872,20,0.0,0,plan_too_big,commuter,0,0.05,0
HUT101818,Trincomalee,TRI_01,Tamil,Value 15GB,15,916,8,0.0,0,plan_too_big,commuter,0,0.05,0
HUT101819,Jaffna,JAF_01,English,Lite 5GB,5,528,61,0.0,0,healthy,static,0,0.05,0
HUT101820,Colombo,COL_04,Tamil,Value 15GB,15,1030,9,0.0,0,network,commuter,0,0.05,1
HUT101821,Trincomalee,TRI_08,Sinhala,Lite 5GB,5,463,43,0.0,0,healthy,commuter,0,0.05,0
HUT101822,Ratnapura,RAT_01,Sinhala,Max 40GB,40,2001,2,327.0,0,bill_shock,roamer,0,0.05,0
HUT101823,Galle,GAL_03,English,Unlimited,100,3037,12,0.0,0,traveller,commuter,0,0.05,0
HUT101824,Batticaloa,BAT_02,Tamil,Max 40GB,40,1706,9,0.0,0,healthy,commuter,0,0.05,0
HUT101825,Trincomalee,TRI_02,Tamil,Value 15GB,15,1224,5,0.0,0,healthy,static,1,0.05,0
HUT101826,Anuradhapura,ANU_09,Sinhala,Max 40GB,40,2324,55,0.0,0,healthy,roamer,0,0.05,0
HUT101827,Batticaloa,BAT_04,Tamil,Unlimited,100,3068,72,0.0,0,plan_too_small,static,0,0.05,0
HUT101828,Ratnapura,RAT_06,English,Value 15GB,15,1194,34,0.0,0,plan_too_big,static,1,0.05,0
HUT101829,Anuradhapura,ANU_10,Sinhala,Lite 5GB,5,547,57,0.0,0,healthy,commuter,1,0.05,0
HUT101830,Galle,GAL_08,Sinhala,Lite 5GB,5,467,52,762.0,0,bill_shock,static,1,0.05,0
HUT101831,Anuradhapura,ANU_08,English,Max 40GB,40,1960,63,0.0,0,healthy,commuter,1,0.05,0
HUT101832,Anuradhapura,ANU_01,English,Lite 5GB,5,532,58,0.0,0,plan_too_big,commuter,0,0.05,0
HUT101833,Ratnapura,RAT_06,Sinhala,Max 40GB,40,2012,53,0.0,0,healthy,static,0,0.05,0
HUT101834,Kurunegala,KUR_11,Sinhala,Max 40GB,40,1955,68,0.0,0,plan_too_small,static,0,0.552,0
HUT101835,Trincomalee,TRI_03,Sinhala,Value 15GB,15,1208,46,0.0,0,healthy,commuter,0,0.05,0
HUT101836,Colombo,COL_10,Sinhala,Lite 5GB,5,506,5,0.0,0,network,static,1,0.05,0
HUT101837,Anuradhapura,ANU_02,Sinhala,Value 15GB,15,1106,37,0.0,0,plan_too_small,static,0,0.05,1
HUT101838,Matara,MAT_02,Sinhala,Max 40GB,40,2289,68,0.0,0,network,static,0,0.05,0
HUT101839,Matara,MAT_03,English,Max 40GB,40,1943,48,0.0,0,traveller,static,0,0.05,0
HUT101840,Anuradhapura,ANU_07,Sinhala,Lite 5GB,5,612,68,0.0,0,healthy,commuter,0,0.05,0
HUT101841,Negombo,NEG_02,Sinhala,Value 15GB,15,1187,11,0.0,0,plan_too_big,roamer,1,0.552,0
HUT101842,Gampaha,GAM_05,Sinhala,Value 15GB,15,918,5,0.0,0,healthy,roamer,0,0.552,0
HUT101843,Batticaloa,BAT_12,Tamil,Value 15GB,15,954,11,262.0,0,bill_shock,commuter,1,0.05,0
HUT101844,Kandy,KAN_10,English,Lite 5GB,5,517,55,0.0,0,network,commuter,1,0.552,1
HUT101845,Colombo,COL_01,English,Value 15GB,15,1245,49,640.0,0,bill_shock,static,1,0.05,0
HUT101846,Kandy,KAN_07,Sinhala,Max 40GB,40,2168,52,0.0,0,healthy,commuter,0,0.552,0
HUT101847,Matara,MAT_01,English,Unlimited,100,2867,48,663.0,0,bill_shock,roamer,0,0.05,1
HUT101848,Gampaha,GAM_10,Sinhala,Value 15GB,15,1174,70,0.0,0,healthy,roamer,1,0.552,0
HUT101849,Ratnapura,RAT_02,Sinhala,Value 15GB,15,1022,9,0.0,0,healthy,commuter,1,0.05,0
HUT101850,Anuradhapura,ANU_07,Sinhala,Max 40GB,40,2200,17,0.0,0,healthy,commuter,0,0.05,0
HUT101851,Kandy,KAN_07,Sinhala,Lite 5GB,5,578,15,0.0,0,plan_too_big,commuter,1,0.552,1
HUT101852,Galle,GAL_03,Sinhala,Value 15GB,15,1106,12,0.0,0,plan_too_big,roamer,0,0.05,0
HUT101853,Colombo,COL_07,English,Value 15GB,15,1213,24,0.0,0,healthy,static,1,0.05,0
HUT101854,Batticaloa,BAT_03,English,Value 15GB,15,1155,3,0.0,0,healthy,static,0,0.05,0
HUT101855,Anuradhapura,ANU_06,Sinhala,Value 15GB,15,985,15,0.0,0,plan_too_small,static,0,0.05,0
HUT101856,Batticaloa,BAT_03,English,Unlimited,100,2780,34,415.0,0,bill_shock,commuter,1,0.05,0
HUT101857,Gampaha,GAM_04,Sinhala,Max 40GB,40,2029,11,0.0,0,network,static,0,0.552,1
HUT101858,Negombo,NEG_01,English,Lite 5GB,5,516,58,0.0,0,healthy,static,1,0.552,0
HUT101859,Anuradhapura,ANU_10,Sinhala,Lite 5GB,5,545,69,0.0,0,bored,static,0,0.05,0
HUT101860,Trincomalee,TRI_10,Tamil,Value 15GB,15,1121,15,0.0,0,healthy,commuter,0,0.05,0
HUT101861,Colombo,COL_04,Tamil,Max 40GB,40,2174,38,0.0,0,plan_too_big,roamer,0,0.05,0
HUT101862,Gampaha,GAM_07,Sinhala,Lite 5GB,5,605,63,0.0,0,healthy,static,1,0.552,0
HUT101863,Matara,MAT_05,Sinhala,Value 15GB,15,929,8,0.0,0,healthy,commuter,1,0.05,0
HUT101864,Colombo,COL_10,Sinhala,Lite 5GB,5,599,31,0.0,1,network,roamer,0,0.05,1
HUT101865,Ratnapura,RAT_01,Sinhala,Lite 5GB,5,577,67,0.0,0,traveller,commuter,0,0.05,0
HUT101866,Colombo,COL_01,Sinhala,Value 15GB,15,1016,18,0.0,1,network,commuter,0,0.05,1
HUT101867,Anuradhapura,ANU_01,Sinhala,Value 15GB,15,1218,38,0.0,0,plan_too_small,commuter,0,0.05,0
HUT101868,Jaffna,JAF_10,Tamil,Max 40GB,40,2144,33,0.0,0,healthy,commuter,0,0.05,0
HUT101869,Ratnapura,RAT_12,Sinhala,Unlimited,100,2912,11,0.0,0,healthy,static,0,0.05,0
HUT101870,Batticaloa,BAT_06,English,Max 40GB,40,2270,66,0.0,0,healthy,commuter,0,0.05,0
HUT101871,Anuradhapura,ANU_04,Sinhala,Max 40GB,40,1872,67,0.0,0,healthy,commuter,0,0.05,0
HUT101872,Negombo,NEG_12,Sinhala,Max 40GB,40,2249,71,0.0,0,plan_too_small,commuter,0,0.552,0
HUT101873,Negombo,NEG_07,Sinhala,Value 15GB,15,924,3,0.0,0,healthy,commuter,1,0.552,0
HUT101874,Kandy,KAN_07,Sinhala,Lite 5GB,5,584,55,0.0,0,healthy,commuter,0,0.552,0
HUT101875,Galle,GAL_01,Sinhala,Lite 5GB,5,558,12,0.0,0,healthy,commuter,1,0.05,0
HUT101876,Kurunegala,KUR_06,Sinhala,Max 40GB,40,1989,52,0.0,0,bored,commuter,0,0.552,0
HUT101877,Anuradhapura,ANU_11,Sinhala,Value 15GB,15,1188,72,0.0,0,healthy,commuter,0,0.05,0
HUT101878,Kandy,KAN_04,English,Lite 5GB,5,452,50,0.0,0,bored,commuter,1,0.552,1
HUT101879,Ratnapura,RAT_12,English,Max 40GB,40,1817,54,0.0,0,healthy,commuter,1,0.05,0
HUT101880,Gampaha,GAM_08,Sinhala,Value 15GB,15,1007,7,782.0,1,bill_shock,static,0,0.552,0
HUT101881,Anuradhapura,ANU_12,Sinhala,Value 15GB,15,1163,33,0.0,0,traveller,static,0,0.05,0
HUT101882,Anuradhapura,ANU_07,Sinhala,Lite 5GB,5,570,11,852.0,0,bill_shock,roamer,0,0.05,0
HUT101883,Ratnapura,RAT_11,English,Value 15GB,15,1210,30,0.0,0,healthy,commuter,0,0.05,0
HUT101884,Matara,MAT_04,English,Max 40GB,40,2208,24,0.0,0,healthy,commuter,1,0.05,0
HUT101885,Colombo,COL_03,English,Value 15GB,15,968,32,0.0,0,healthy,static,0,0.05,1
HUT101886,Matara,MAT_05,Sinhala,Value 15GB,15,1157,8,492.0,0,bill_shock,static,0,0.05,0
HUT101887,Matara,MAT_11,Sinhala,Lite 5GB,5,572,49,0.0,0,healthy,commuter,0,0.05,1
HUT101888,Batticaloa,BAT_03,Tamil,Max 40GB,40,2241,53,0.0,0,plan_too_big,commuter,0,0.05,0
HUT101889,Kurunegala,KUR_02,Sinhala,Value 15GB,15,1131,7,0.0,0,healthy,commuter,1,0.552,0
HUT101890,Kandy,KAN_08,Sinhala,Lite 5GB,5,504,16,0.0,0,healthy,commuter,1,0.552,0
HUT101891,Kandy,KAN_11,English,Value 15GB,15,980,65,611.0,0,bill_shock,static,1,0.552,1
HUT101892,Jaffna,JAF_09,Tamil,Lite 5GB,5,485,37,0.0,0,plan_too_small,commuter,1,0.05,0
HUT101893,Kandy,KAN_05,Sinhala,Value 15GB,15,1259,28,0.0,0,network,commuter,0,0.552,1
HUT101894,Ratnapura,RAT_07,Sinhala,Lite 5GB,5,472,41,0.0,0,healthy,static,1,0.05,1
HUT101895,Trincomalee,TRI_06,Tamil,Max 40GB,40,1720,28,0.0,0,plan_too_small,roamer,0,0.05,0
HUT101896,Ratnapura,RAT_01,Sinhala,Max 40GB,40,1758,29,0.0,0,plan_too_small,commuter,1,0.05,0
HUT101897,Ratnapura,RAT_12,Sinhala,Lite 5GB,5,511,5,0.0,0,healthy,commuter,0,0.05,0
HUT101898,Gampaha,GAM_04,English,Unlimited,100,3471,42,0.0,0,healthy,commuter,0,0.552,0
HUT101899,Galle,GAL_12,Sinhala,Lite 5GB,5,462,34,0.0,0,healthy,commuter,0,0.05,0
HUT101900,Trincomalee,TRI_04,English,Unlimited,100,3501,36,0.0,0,plan_too_small,commuter,1,0.05,0
HUT101901,Ratnapura,RAT_01,Sinhala,Max 40GB,40,2019,15,0.0,1,network,static,0,0.05,1
HUT101902,Jaffna,JAF_05,English,Lite 5GB,5,484,20,0.0,0,network,static,0,0.05,0
HUT101903,Galle,GAL_05,Sinhala,Max 40GB,40,2283,5,0.0,0,healthy,commuter,0,0.05,0
HUT101904,Trincomalee,TRI_12,Tamil,Lite 5GB,5,456,59,0.0,0,healthy,static,0,0.05,0
HUT101905,Batticaloa,BAT_03,English,Lite 5GB,5,568,24,0.0,0,bored,static,0,0.05,0
HUT101906,Galle,GAL_06,English,Max 40GB,40,1769,8,0.0,0,healthy,static,0,0.05,0
HUT101907,Jaffna,JAF_01,English,Unlimited,100,2935,47,0.0,0,healthy,static,0,0.05,0
HUT101908,Ratnapura,RAT_01,English,Value 15GB,15,1206,19,0.0,0,network,commuter,0,0.05,0
HUT101909,Gampaha,GAM_02,Sinhala,Lite 5GB,5,621,66,0.0,0,healthy,static,1,0.552,0
HUT101910,Anuradhapura,ANU_01,English,Lite 5GB,5,616,60,0.0,0,healthy,commuter,0,0.05,0
HUT101911,Gampaha,GAM_11,English,Max 40GB,40,2206,28,0.0,0,plan_too_small,commuter,0,0.552,0
HUT101912,Matara,MAT_11,Sinhala,Lite 5GB,5,611,18,0.0,0,healthy,commuter,1,0.05,0
HUT101913,Matara,MAT_06,Sinhala,Lite 5GB,5,555,71,0.0,0,traveller,static,1,0.05,0
HUT101914,Matara,MAT_09,English,Lite 5GB,5,569,6,0.0,0,plan_too_small,commuter,1,0.05,0
HUT101915,Anuradhapura,ANU_08,Sinhala,Max 40GB,40,2218,15,0.0,0,bored,static,0,0.05,0
HUT101916,Galle,GAL_01,Sinhala,Value 15GB,15,1014,39,0.0,0,healthy,commuter,0,0.05,0
HUT101917,Gampaha,GAM_04,Sinhala,Lite 5GB,5,472,58,0.0,0,plan_too_big,static,0,0.552,0
HUT101918,Kandy,KAN_08,Sinhala,Value 15GB,15,1039,43,0.0,0,bored,commuter,1,0.552,0
HUT101919,Jaffna,JAF_09,English,Max 40GB,40,1736,8,0.0,0,healthy,roamer,1,0.05,0
HUT101920,Colombo,COL_03,Sinhala,Lite 5GB,5,479,48,0.0,0,healthy,commuter,1,0.05,1
HUT101921,Jaffna,JAF_03,Tamil,Unlimited,100,3605,43,0.0,0,plan_too_small,static,0,0.05,0
HUT101922,Colombo,COL_02,English,Max 40GB,40,2236,61,0.0,0,healthy,static,0,0.05,0
HUT101923,Matara,MAT_03,Sinhala,Max 40GB,40,1890,46,0.0,0,healthy,commuter,1,0.05,0
HUT101924,Colombo,COL_04,Sinhala,Lite 5GB,5,532,47,0.0,0,plan_too_small,commuter,0,0.05,0
HUT101925,Ratnapura,RAT_10,Sinhala,Unlimited,100,2845,66,0.0,0,traveller,static,0,0.05,0
HUT101926,Colombo,COL_07,English,Unlimited,100,3119,17,0.0,0,traveller,commuter,1,0.05,0
HUT101927,Galle,GAL_11,Sinhala,Value 15GB,15,1071,35,0.0,0,healthy,roamer,0,0.05,1
HUT101928,Anuradhapura,ANU_12,English,Value 15GB,15,940,39,0.0,0,plan_too_small,commuter,1,0.05,0
HUT101929,Trincomalee,TRI_10,English,Unlimited,100,3186,39,0.0,0,bored,commuter,1,0.05,0
HUT101930,Jaffna,JAF_03,Tamil,Max 40GB,40,2043,13,0.0,0,traveller,static,0,0.05,0
HUT101931,Jaffna,JAF_10,English,Value 15GB,15,1232,24,0.0,0,plan_too_big,commuter,1,0.05,0
HUT101932,Trincomalee,TRI_03,Tamil,Value 15GB,15,965,53,0.0,0,traveller,static,0,0.05,0
HUT101933,Batticaloa,BAT_12,English,Lite 5GB,5,592,36,0.0,0,bored,commuter,0,0.05,0
HUT101934,Kandy,KAN_08,English,Unlimited,100,3002,52,321.0,0,bill_shock,commuter,0,0.552,0
HUT101935,Kandy,KAN_05,Sinhala,Value 15GB,15,1023,49,0.0,0,plan_too_big,commuter,1,0.552,0
HUT101936,Anuradhapura,ANU_03,Sinhala,Value 15GB,15,1012,64,0.0,0,bored,commuter,0,0.05,0
HUT101937,Gampaha,GAM_07,English,Lite 5GB,5,549,26,0.0,0,plan_too_big,commuter,0,0.552,0
HUT101938,Ratnapura,RAT_10,Sinhala,Lite 5GB,5,548,42,0.0,0,plan_too_big,commuter,0,0.05,0
HUT101939,Kandy,KAN_11,English,Lite 5GB,5,451,66,0.0,0,plan_too_small,commuter,1,0.552,0
HUT101940,Jaffna,JAF_08,Tamil,Value 15GB,15,1111,57,0.0,0,traveller,static,0,0.05,0
HUT101941,Kandy,KAN_12,Sinhala,Max 40GB,40,1943,31,0.0,0,plan_too_big,roamer,0,0.552,0
HUT101942,Trincomalee,TRI_04,Tamil,Unlimited,100,3443,28,0.0,0,plan_too_big,commuter,0,0.05,0
HUT101943,Batticaloa,BAT_03,English,Value 15GB,15,1104,35,0.0,0,traveller,static,0,0.05,1
HUT101944,Batticaloa,BAT_09,Tamil,Value 15GB,15,1178,57,0.0,0,healthy,roamer,1,0.05,0
HUT101945,Jaffna,JAF_12,Tamil,Lite 5GB,5,614,11,896.0,0,bill_shock,commuter,1,0.05,1
HUT101946,Galle,GAL_07,English,Lite 5GB,5,597,65,0.0,0,bored,commuter,0,0.05,1
HUT101947,Colombo,COL_05,English,Value 15GB,15,1113,29,0.0,0,healthy,commuter,0,0.05,0
HUT101948,Galle,GAL_11,Sinhala,Value 15GB,15,1115,55,877.0,0,bill_shock,commuter,0,0.05,1
HUT101949,Negombo,NEG_06,Sinhala,Value 15GB,15,1069,32,0.0,0,healthy,static,0,0.552,0
HUT101950,Jaffna,JAF_06,Tamil,Max 40GB,40,1718,70,0.0,0,healthy,static,1,0.05,0
HUT101951,Gampaha,GAM_02,Sinhala,Value 15GB,15,1178,59,0.0,2,network,commuter,0,0.552,1
HUT101952,Anuradhapura,ANU_03,Sinhala,Value 15GB,15,919,38,668.0,3,bill_shock,commuter,0,0.05,1
HUT101953,Trincomalee,TRI_12,Sinhala,Lite 5GB,5,488,45,0.0,3,network,static,0,0.05,1
HUT101954,Galle,GAL_12,English,Value 15GB,15,1122,24,0.0,0,healthy,static,0,0.05,0
HUT101955,Ratnapura,RAT_12,English,Max 40GB,40,2279,11,0.0,1,network,commuter,0,0.05,1
HUT101956,Gampaha,GAM_08,Sinhala,Value 15GB,15,986,9,0.0,0,plan_too_big,static,0,0.552,0
HUT101957,Batticaloa,BAT_07,English,Lite 5GB,5,600,38,0.0,0,traveller,commuter,0,0.05,0
HUT101958,Negombo,NEG_02,Sinhala,Lite 5GB,5,478,28,0.0,0,healthy,roamer,1,0.552,1
HUT101959,Trincomalee,TRI_07,Tamil,Max 40GB,40,1879,21,0.0,0,healthy,static,1,0.05,0
HUT101960,Trincomalee,TRI_04,English,Value 15GB,15,1006,19,0.0,0,bored,static,1,0.05,0
HUT101961,Jaffna,JAF_12,English,Lite 5GB,5,555,55,651.0,0,bill_shock,static,0,0.05,0
HUT101962,Batticaloa,BAT_06,Tamil,Value 15GB,15,965,43,0.0,0,plan_too_small,static,0,0.05,0
HUT101963,Galle,GAL_02,Sinhala,Unlimited,100,3820,59,0.0,0,plan_too_small,commuter,0,0.05,0
HUT101964,Kurunegala,KUR_05,Sinhala,Lite 5GB,5,493,7,0.0,0,plan_too_big,commuter,1,0.552,0
HUT101965,Ratnapura,RAT_08,Sinhala,Value 15GB,15,1258,42,0.0,0,bored,commuter,0,0.05,1
HUT101966,Batticaloa,BAT_01,Tamil,Value 15GB,15,1192,24,0.0,0,traveller,commuter,1,0.05,0
HUT101967,Jaffna,JAF_10,Tamil,Value 15GB,15,1208,69,0.0,1,network,commuter,0,0.05,0
HUT101968,Jaffna,JAF_04,Tamil,Lite 5GB,5,574,29,0.0,0,plan_too_big,roamer,1,0.05,0
HUT101969,Ratnapura,RAT_11,Sinhala,Max 40GB,40,2286,66,0.0,0,healthy,commuter,0,0.05,0
HUT101970,Trincomalee,TRI_03,Tamil,Max 40GB,40,1852,53,0.0,0,healthy,commuter,1,0.05,0
HUT101971,Galle,GAL_07,Sinhala,Value 15GB,15,965,4,0.0,0,healthy,static,1,0.05,0
HUT101972,Trincomalee,TRI_08,English,Value 15GB,15,1149,31,0.0,0,healthy,commuter,0,0.05,0
HUT101973,Jaffna,JAF_06,Tamil,Value 15GB,15,1041,38,0.0,0,plan_too_big,commuter,0,0.05,0
HUT101974,Ratnapura,RAT_01,Sinhala,Unlimited,100,3349,7,0.0,0,healthy,commuter,0,0.05,0
HUT101975,Ratnapura,RAT_12,English,Max 40GB,40,2069,62,0.0,1,network,commuter,0,0.05,1
HUT101976,Kurunegala,KUR_10,Sinhala,Value 15GB,15,1236,59,0.0,0,healthy,static,0,0.552,1
HUT101977,Matara,MAT_09,Sinhala,Max 40GB,40,1893,10,0.0,0,plan_too_big,commuter,1,0.05,0
HUT101978,Trincomalee,TRI_08,Tamil,Value 15GB,15,1004,69,0.0,0,healthy,commuter,1,0.05,0
HUT101979,Matara,MAT_01,Sinhala,Max 40GB,40,2254,53,384.0,1,bill_shock,commuter,1,0.05,0
HUT101980,Anuradhapura,ANU_04,Sinhala,Value 15GB,15,1036,20,0.0,0,healthy,commuter,1,0.05,0
HUT101981,Colombo,COL_03,English,Lite 5GB,5,589,14,0.0,0,healthy,static,0,0.05,0
HUT101982,Jaffna,JAF_06,Tamil,Value 15GB,15,1051,48,0.0,1,network,commuter,1,0.05,1
HUT101983,Gampaha,GAM_07,English,Lite 5GB,5,536,5,0.0,0,plan_too_small,commuter,0,0.552,0
HUT101984,Jaffna,JAF_05,English,Lite 5GB,5,635,48,0.0,0,healthy,static,1,0.05,0
HUT101985,Gampaha,GAM_05,English,Value 15GB,15,927,65,0.0,0,healthy,static,0,0.552,0
HUT101986,Matara,MAT_03,Sinhala,Lite 5GB,5,544,58,551.0,1,bill_shock,commuter,0,0.05,0
HUT101987,Kandy,KAN_04,Sinhala,Value 15GB,15,1180,41,0.0,0,bored,commuter,1,0.552,1
HUT101988,Kandy,KAN_11,Sinhala,Value 15GB,15,1089,7,865.0,1,bill_shock,commuter,0,0.552,0
HUT101989,Jaffna,JAF_10,Tamil,Max 40GB,40,1776,31,0.0,0,healthy,static,0,0.05,0
HUT101990,Matara,MAT_11,Sinhala,Unlimited,100,3206,11,0.0,0,plan_too_small,commuter,1,0.05,0
HUT101991,Batticaloa,BAT_02,English,Lite 5GB,5,603,22,0.0,0,bored,roamer,1,0.05,0
HUT101992,Matara,MAT_02,Sinhala,Value 15GB,15,923,7,0.0,1,network,commuter,0,0.05,1
HUT101993,Trincomalee,TRI_01,Sinhala,Value 15GB,15,1190,72,0.0,0,plan_too_small,static,0,0.05,0
HUT101994,Kurunegala,KUR_01,Sinhala,Max 40GB,40,1773,72,0.0,0,healthy,commuter,1,0.552,1
HUT101995,Jaffna,JAF_10,Tamil,Max 40GB,40,2081,54,0.0,0,healthy,commuter,0,0.05,0
HUT101996,Ratnapura,RAT_07,Sinhala,Unlimited,100,3551,62,0.0,0,healthy,static,0,0.05,0
HUT101997,Ratnapura,RAT_06,Sinhala,Max 40GB,40,1756,6,0.0,0,healthy,static,0,0.05,0
HUT101998,Kurunegala,KUR_09,English,Unlimited,100,3049,12,0.0,0,healthy,commuter,0,0.552,0
HUT101999,Colombo,COL_07,Sinhala,Max 40GB,40,1941,61,0.0,0,healthy,static,0,0.05,0
HUT102000,Colombo,COL_03,Sinhala,Lite 5GB,5,494,46,0.0,0,traveller,roamer,1,0.05,0
HUT102001,Ratnapura,RAT_07,Sinhala,Max 40GB,40,2035,5,0.0,0,plan_too_small,static,1,0.05,0
HUT102002,Matara,MAT_05,Sinhala,Max 40GB,40,1822,58,838.0,0,bill_shock,commuter,1,0.05,1
HUT102003,Kandy,KAN_05,English,Unlimited,100,3514,3,0.0,0,traveller,static,0,0.552,0
HUT102004,Colombo,COL_11,Sinhala,Lite 5GB,5,558,6,0.0,0,traveller,commuter,1,0.05,0
HUT102005,Jaffna,JAF_06,Tamil,Value 15GB,15,1016,45,0.0,0,traveller,roamer,0,0.05,0
HUT102006,Jaffna,JAF_08,Tamil,Max 40GB,40,1687,8,0.0,0,healthy,commuter,1,0.05,0
HUT102007,Kandy,KAN_02,Sinhala,Max 40GB,40,2216,45,0.0,0,healthy,commuter,1,0.552,0
HUT102008,Kandy,KAN_05,Sinhala,Unlimited,100,3881,57,0.0,1,network,roamer,0,0.552,1
HUT102009,Ratnapura,RAT_02,Sinhala,Value 15GB,15,1085,43,0.0,0,healthy,commuter,0,0.05,1
HUT102010,Negombo,NEG_01,English,Lite 5GB,5,619,3,0.0,0,bored,commuter,1,0.552,1
HUT102011,Gampaha,GAM_06,Sinhala,Value 15GB,15,1073,51,0.0,0,healthy,commuter,0,0.552,0
HUT102012,Trincomalee,TRI_08,English,Max 40GB,40,1759,18,0.0,0,plan_too_big,static,1,0.05,0
HUT102013,Galle,GAL_02,English,Unlimited,100,3410,58,0.0,0,healthy,roamer,0,0.05,0
HUT102014,Ratnapura,RAT_01,Sinhala,Unlimited,100,2817,42,0.0,0,network,commuter,1,0.05,1
HUT102015,Kandy,KAN_06,English,Value 15GB,15,1231,25,0.0,0,bored,static,1,0.552,0
HUT102016,Kandy,KAN_09,Sinhala,Lite 5GB,5,627,58,0.0,0,healthy,commuter,0,0.552,0
HUT102017,Colombo,COL_02,Tamil,Max 40GB,40,1794,72,641.0,1,bill_shock,static,0,0.05,0
HUT102018,Anuradhapura,ANU_06,Sinhala,Value 15GB,15,1016,5,0.0,0,healthy,static,0,0.05,0
HUT102019,Ratnapura,RAT_01,Sinhala,Value 15GB,15,1195,40,0.0,0,healthy,static,1,0.05,0
HUT102020,Negombo,NEG_03,Sinhala,Value 15GB,15,959,64,769.0,0,bill_shock,commuter,0,0.552,0
HUT102021,Batticaloa,BAT_11,Tamil,Max 40GB,40,1801,19,0.0,0,healthy,commuter,0,0.05,0
HUT102022,Negombo,NEG_02,English,Value 15GB,15,1218,62,0.0,0,healthy,commuter,0,0.552,0
HUT102023,Galle,GAL_11,Sinhala,Lite 5GB,5,471,44,0.0,0,healthy,commuter,0,0.05,0
HUT102024,Kurunegala,KUR_06,Sinhala,Max 40GB,40,2154,20,0.0,0,plan_too_big,commuter,0,0.552,0
HUT102025,Galle,GAL_12,English,Max 40GB,40,1654,9,0.0,0,bored,commuter,0,0.05,0
HUT102026,Trincomalee,TRI_12,Tamil,Unlimited,100,3856,59,0.0,1,network,static,0,0.05,1
HUT102027,Matara,MAT_12,English,Lite 5GB,5,552,15,0.0,0,plan_too_small,commuter,0,0.05,0
HUT102028,Colombo,COL_02,Tamil,Max 40GB,40,2296,12,0.0,0,healthy,commuter,1,0.05,0
HUT102029,Kurunegala,KUR_12,Sinhala,Max 40GB,40,1759,10,0.0,0,plan_too_big,commuter,1,0.552,0
HUT102030,Kurunegala,KUR_03,Sinhala,Lite 5GB,5,525,69,0.0,0,plan_too_big,commuter,0,0.552,0
HUT102031,Trincomalee,TRI_04,Tamil,Lite 5GB,5,519,67,882.0,0,bill_shock,commuter,0,0.05,0
HUT102032,Anuradhapura,ANU_09,Sinhala,Value 15GB,15,1281,50,0.0,0,healthy,commuter,0,0.05,0
HUT102033,Matara,MAT_02,English,Lite 5GB,5,478,41,0.0,0,network,static,1,0.05,0
HUT102034,Jaffna,JAF_02,English,Lite 5GB,5,613,52,0.0,0,traveller,static,0,0.05,0
HUT102035,Batticaloa,BAT_12,English,Value 15GB,15,1004,66,0.0,0,healthy,commuter,0,0.05,0
HUT102036,Galle,GAL_08,English,Value 15GB,15,1019,16,0.0,0,healthy,commuter,0,0.05,0
HUT102037,Kandy,KAN_02,English,Max 40GB,40,1903,72,0.0,0,plan_too_big,commuter,0,0.552,0
HUT102038,Matara,MAT_07,English,Unlimited,100,3882,17,0.0,0,bored,commuter,1,0.05,0
HUT102039,Colombo,COL_10,Sinhala,Max 40GB,40,2236,61,0.0,1,network,commuter,0,0.05,0
HUT102040,Ratnapura,RAT_11,Sinhala,Value 15GB,15,1089,12,0.0,0,plan_too_big,static,1,0.05,0
HUT102041,Jaffna,JAF_07,Tamil,Lite 5GB,5,557,54,0.0,0,plan_too_big,commuter,0,0.05,0
HUT102042,Colombo,COL_06,Sinhala,Value 15GB,15,1121,16,0.0,0,healthy,commuter,0,0.05,0
HUT102043,Ratnapura,RAT_10,Sinhala,Value 15GB,15,1104,33,0.0,0,traveller,commuter,0,0.05,0
HUT102044,Jaffna,JAF_06,English,Value 15GB,15,1053,59,0.0,0,healthy,commuter,0,0.05,0
HUT102045,Matara,MAT_10,Sinhala,Unlimited,100,3079,43,0.0,0,healthy,commuter,0,0.05,0
HUT102046,Anuradhapura,ANU_05,Sinhala,Unlimited,100,3401,30,0.0,0,network,commuter,1,0.05,1
HUT102047,Jaffna,JAF_01,Tamil,Lite 5GB,5,494,26,0.0,0,healthy,static,1,0.05,0
HUT102048,Kandy,KAN_05,Sinhala,Lite 5GB,5,538,10,0.0,2,network,roamer,0,0.552,1
HUT102049,Kurunegala,KUR_09,Sinhala,Unlimited,100,2883,4,0.0,0,bored,commuter,1,0.552,1
HUT102050,Gampaha,GAM_07,Sinhala,Max 40GB,40,1937,35,0.0,0,healthy,commuter,1,0.552,0
HUT102051,Colombo,COL_04,Tamil,Lite 5GB,5,475,2,0.0,0,bored,commuter,1,0.05,1
HUT102052,Kandy,KAN_01,Sinhala,Value 15GB,15,975,40,0.0,0,traveller,static,0,0.552,0
HUT102053,Trincomalee,TRI_11,Tamil,Lite 5GB,5,603,17,0.0,0,bored,commuter,1,0.05,1
HUT102054,Anuradhapura,ANU_05,Sinhala,Lite 5GB,5,489,23,0.0,0,network,commuter,1,0.05,1
HUT102055,Galle,GAL_02,English,Lite 5GB,5,579,48,332.0,0,bill_shock,commuter,0,0.05,1
HUT102056,Kandy,KAN_12,Sinhala,Value 15GB,15,1183,13,0.0,0,healthy,static,0,0.552,0
HUT102057,Batticaloa,BAT_12,English,Value 15GB,15,1236,68,0.0,0,plan_too_big,static,1,0.05,0
HUT102058,Kurunegala,KUR_09,Sinhala,Lite 5GB,5,560,24,0.0,0,healthy,commuter,1,0.552,0
HUT102059,Kurunegala,KUR_06,Sinhala,Value 15GB,15,1020,37,0.0,0,traveller,commuter,1,0.552,0
HUT102060,Matara,MAT_05,Sinhala,Max 40GB,40,2216,47,0.0,0,healthy,static,0,0.05,0
HUT102061,Gampaha,GAM_01,Sinhala,Max 40GB,40,1670,35,0.0,0,healthy,static,1,0.552,0
HUT102062,Kandy,KAN_06,Sinhala,Value 15GB,15,1027,17,893.0,1,bill_shock,commuter,1,0.552,1
HUT102063,Trincomalee,TRI_04,Sinhala,Unlimited,100,3356,35,0.0,0,healthy,static,1,0.05,0
HUT102064,Jaffna,JAF_06,Tamil,Unlimited,100,3387,65,0.0,1,network,static,0,0.05,1
HUT102065,Jaffna,JAF_06,Tamil,Max 40GB,40,1831,11,0.0,1,network,commuter,0,0.05,0
HUT102066,Batticaloa,BAT_09,Tamil,Max 40GB,40,1891,26,0.0,0,healthy,commuter,0,0.05,0
HUT102067,Negombo,NEG_04,Sinhala,Unlimited,100,3850,3,0.0,0,healthy,static,0,0.552,0
HUT102068,Gampaha,GAM_03,Sinhala,Value 15GB,15,1049,53,0.0,0,healthy,commuter,1,0.552,0
HUT102069,Matara,MAT_03,English,Lite 5GB,5,520,70,795.0,2,bill_shock,commuter,0,0.05,0
HUT102070,Jaffna,JAF_03,Tamil,Max 40GB,40,1792,33,552.0,0,bill_shock,commuter,0,0.05,0
HUT102071,Kurunegala,KUR_04,English,Value 15GB,15,1040,39,0.0,0,healthy,commuter,0,0.552,0
HUT102072,Jaffna,JAF_08,Tamil,Value 15GB,15,1099,18,0.0,0,plan_too_small,roamer,1,0.05,0
HUT102073,Galle,GAL_08,Sinhala,Value 15GB,15,998,35,0.0,0,healthy,static,0,0.05,0
HUT102074,Trincomalee,TRI_12,Sinhala,Value 15GB,15,1223,37,0.0,1,network,roamer,0,0.05,1
HUT102075,Negombo,NEG_04,Sinhala,Max 40GB,40,1764,24,0.0,0,traveller,commuter,0,0.552,0
HUT102076,Kurunegala,KUR_04,Sinhala,Max 40GB,40,2256,23,0.0,0,bored,static,1,0.552,1
HUT102077,Kurunegala,KUR_10,Sinhala,Unlimited,100,2900,25,0.0,0,healthy,static,1,0.552,0
HUT102078,Trincomalee,TRI_09,Sinhala,Lite 5GB,5,450,13,0.0,0,network,commuter,0,0.05,1
HUT102079,Matara,MAT_10,English,Unlimited,100,2975,14,0.0,0,plan_too_small,commuter,0,0.05,0
HUT102080,Colombo,COL_08,Tamil,Max 40GB,40,2186,16,612.0,0,bill_shock,roamer,0,0.05,1
HUT102081,Negombo,NEG_10,English,Value 15GB,15,1275,31,0.0,0,traveller,commuter,0,0.552,0
HUT102082,Trincomalee,TRI_08,English,Value 15GB,15,1228,13,0.0,2,network,static,1,0.05,0
HUT102083,Galle,GAL_02,Sinhala,Lite 5GB,5,473,48,0.0,0,healthy,commuter,0,0.05,0
HUT102084,Negombo,NEG_03,Sinhala,Max 40GB,40,1980,64,708.0,2,bill_shock,commuter,0,0.552,1
HUT102085,Kandy,KAN_10,Sinhala,Unlimited,100,3846,31,0.0,1,network,commuter,0,0.552,1
HUT102086,Ratnapura,RAT_10,Sinhala,Value 15GB,15,963,24,0.0,0,traveller,commuter,0,0.05,0
HUT102087,Kandy,KAN_10,Sinhala,Max 40GB,40,2107,4,0.0,0,plan_too_small,static,0,0.552,0
HUT102088,Ratnapura,RAT_11,English,Value 15GB,15,1255,55,0.0,0,healthy,commuter,0,0.05,0
HUT102089,Galle,GAL_12,Sinhala,Unlimited,100,3276,14,0.0,0,plan_too_small,commuter,1,0.05,0
HUT102090,Colombo,COL_04,Tamil,Max 40GB,40,2126,14,0.0,0,bored,commuter,1,0.05,1
HUT102091,Anuradhapura,ANU_05,Sinhala,Max 40GB,40,1654,71,0.0,1,network,static,1,0.05,1
HUT102092,Trincomalee,TRI_02,Tamil,Max 40GB,40,1992,69,0.0,0,healthy,static,0,0.05,0
HUT102093,Batticaloa,BAT_05,English,Value 15GB,15,1187,20,0.0,0,bored,static,0,0.05,0
HUT102094,Jaffna,JAF_01,Tamil,Lite 5GB,5,485,50,0.0,0,healthy,static,1,0.05,0
HUT102095,Ratnapura,RAT_01,Sinhala,Max 40GB,40,1801,6,0.0,0,bored,static,0,0.05,1
HUT102096,Colombo,COL_04,Tamil,Unlimited,100,3674,62,0.0,0,network,commuter,1,0.05,0
HUT102097,Jaffna,JAF_09,Tamil,Lite 5GB,5,600,64,707.0,2,bill_shock,static,0,0.05,0
HUT102098,Matara,MAT_04,Sinhala,Value 15GB,15,1188,50,0.0,0,healthy,static,1,0.05,1
HUT102099,Galle,GAL_11,Sinhala,Unlimited,100,3175,68,0.0,0,healthy,commuter,1,0.05,0
HUT102100,Jaffna,JAF_06,Tamil,Lite 5GB,5,611,33,0.0,0,healthy,commuter,0,0.05,0
HUT102101,Gampaha,GAM_03,Sinhala,Max 40GB,40,2180,61,0.0,0,plan_too_small,commuter,1,0.552,0
HUT102102,Gampaha,GAM_11,Sinhala,Value 15GB,15,1230,62,0.0,0,plan_too_big,commuter,1,0.552,0
HUT102103,Ratnapura,RAT_06,Sinhala,Value 15GB,15,1285,64,0.0,0,healthy,commuter,1,0.05,0
HUT102104,Matara,MAT_12,Sinhala,Max 40GB,40,1833,13,0.0,0,healthy,roamer,1,0.05,0
HUT102105,Kurunegala,KUR_04,English,Lite 5GB,5,521,64,0.0,0,plan_too_big,static,1,0.552,0
HUT102106,Batticaloa,BAT_12,English,Value 15GB,15,1219,62,0.0,0,healthy,roamer,0,0.05,0
HUT102107,Trincomalee,TRI_02,Tamil,Max 40GB,40,2017,20,0.0,0,healthy,roamer,0,0.05,0
HUT102108,Ratnapura,RAT_07,English,Value 15GB,15,1061,60,0.0,0,plan_too_big,commuter,0,0.05,0
HUT102109,Matara,MAT_12,English,Value 15GB,15,1017,28,0.0,0,plan_too_small,static,0,0.05,0
HUT102110,Negombo,NEG_08,Sinhala,Unlimited,100,3519,12,0.0,0,network,commuter,0,0.552,0
HUT102111,Gampaha,GAM_03,Sinhala,Max 40GB,40,1984,30,570.0,0,bill_shock,commuter,0,0.552,1
HUT102112,Kurunegala,KUR_04,English,Value 15GB,15,1031,10,0.0,0,healthy,commuter,0,0.552,0
HUT102113,Anuradhapura,ANU_01,Sinhala,Lite 5GB,5,495,38,0.0,0,healthy,static,0,0.05,0
HUT102114,Negombo,NEG_01,Sinhala,Lite 5GB,5,475,65,0.0,0,healthy,commuter,0,0.552,0
HUT102115,Colombo,COL_04,English,Lite 5GB,5,512,51,0.0,0,healthy,commuter,1,0.05,0
HUT102116,Kurunegala,KUR_01,Sinhala,Lite 5GB,5,522,38,0.0,0,healthy,commuter,1,0.552,0
HUT102117,Trincomalee,TRI_10,Tamil,Lite 5GB,5,512,26,665.0,1,bill_shock,static,0,0.05,0
HUT102118,Kurunegala,KUR_08,English,Lite 5GB,5,541,41,0.0,0,healthy,static,0,0.552,0
HUT102119,Trincomalee,TRI_01,Sinhala,Value 15GB,15,1261,13,212.0,0,bill_shock,static,0,0.05,0
HUT102120,Batticaloa,BAT_01,Tamil,Lite 5GB,5,455,68,742.0,1,bill_shock,commuter,0,0.05,1
HUT102121,Gampaha,GAM_02,English,Unlimited,100,3229,15,0.0,0,network,static,0,0.552,1
HUT102122,Galle,GAL_03,Sinhala,Lite 5GB,5,506,23,0.0,0,traveller,commuter,1,0.05,0
HUT102123,Matara,MAT_09,Sinhala,Value 15GB,15,1223,68,0.0,0,bored,commuter,1,0.05,0
HUT102124,Colombo,COL_01,English,Max 40GB,40,1667,34,0.0,0,network,commuter,1,0.05,1
HUT102125,Colombo,COL_10,Tamil,Value 15GB,15,1137,3,0.0,0,bored,static,0,0.05,1
HUT102126,Anuradhapura,ANU_10,English,Unlimited,100,3104,2,0.0,0,plan_too_big,static,1,0.05,0
HUT102127,Batticaloa,BAT_11,Tamil,Lite 5GB,5,574,20,0.0,0,healthy,commuter,0,0.05,0
HUT102128,Batticaloa,BAT_01,Tamil,Lite 5GB,5,531,44,0.0,0,plan_too_small,static,1,0.05,0
HUT102129,Ratnapura,RAT_12,English,Value 15GB,15,1209,64,0.0,0,plan_too_big,static,0,0.05,0
HUT102130,Batticaloa,BAT_03,Tamil,Lite 5GB,5,587,45,0.0,0,traveller,roamer,0,0.05,0
HUT102131,Matara,MAT_02,English,Max 40GB,40,1907,42,0.0,0,healthy,commuter,1,0.05,0
HUT102132,Batticaloa,BAT_03,English,Max 40GB,40,1673,23,0.0,0,bored,static,1,0.05,0
HUT102133,Jaffna,JAF_06,Tamil,Value 15GB,15,1038,54,0.0,1,network,roamer,1,0.05,1
HUT102134,Trincomalee,TRI_02,Tamil,Unlimited,100,3144,38,0.0,0,plan_too_big,static,0,0.05,0
HUT102135,Negombo,NEG_10,Sinhala,Value 15GB,15,1228,61,0.0,0,healthy,static,0,0.552,0
HUT102136,Batticaloa,BAT_08,Tamil,Lite 5GB,5,487,66,0.0,0,traveller,commuter,1,0.05,0
HUT102137,Jaffna,JAF_05,English,Value 15GB,15,929,42,0.0,0,plan_too_small,static,1,0.05,0
HUT102138,Gampaha,GAM_12,Sinhala,Max 40GB,40,2020,27,0.0,0,network,commuter,0,0.552,0
HUT102139,Trincomalee,TRI_10,Sinhala,Value 15GB,15,1186,41,0.0,0,traveller,static,0,0.05,0
HUT102140,Matara,MAT_07,Sinhala,Value 15GB,15,981,4,0.0,0,healthy,commuter,1,0.05,0
HUT102141,Trincomalee,TRI_05,English,Lite 5GB,5,456,27,0.0,0,healthy,commuter,0,0.05,1
HUT102142,Anuradhapura,ANU_05,Sinhala,Max 40GB,40,1995,54,0.0,0,bored,commuter,0,0.05,0
HUT102143,Jaffna,JAF_08,Tamil,Value 15GB,15,1125,4,0.0,0,plan_too_big,static,0,0.05,0
HUT102144,Gampaha,GAM_11,Sinhala,Unlimited,100,2965,65,0.0,1,network,commuter,0,0.552,1
HUT102145,Gampaha,GAM_04,Sinhala,Value 15GB,15,1146,6,0.0,1,network,commuter,0,0.552,0
HUT102146,Negombo,NEG_10,Sinhala,Value 15GB,15,1019,66,0.0,0,bored,commuter,0,0.552,0
HUT102147,Gampaha,GAM_02,Sinhala,Max 40GB,40,2210,38,0.0,0,healthy,commuter,0,0.552,0
HUT102148,Jaffna,JAF_01,English,Unlimited,100,2991,5,0.0,0,plan_too_small,commuter,0,0.05,0
HUT102149,Gampaha,GAM_04,English,Lite 5GB,5,606,49,0.0,0,healthy,commuter,0,0.552,0
HUT102150,Gampaha,GAM_05,English,Value 15GB,15,1084,69,0.0,0,healthy,static,0,0.552,0
HUT102151,Batticaloa,BAT_02,English,Lite 5GB,5,510,13,374.0,0,bill_shock,static,0,0.05,0
HUT102152,Negombo,NEG_05,Sinhala,Lite 5GB,5,593,10,0.0,0,healthy,commuter,1,0.552,0
HUT102153,Batticaloa,BAT_06,English,Value 15GB,15,1177,22,0.0,0,healthy,static,1,0.05,0
HUT102154,Jaffna,JAF_10,Tamil,Value 15GB,15,1111,37,0.0,0,plan_too_small,commuter,0,0.05,0
HUT102155,Ratnapura,RAT_06,English,Value 15GB,15,1158,51,0.0,0,healthy,commuter,0,0.05,0
HUT102156,Batticaloa,BAT_01,Tamil,Value 15GB,15,1055,2,0.0,0,healthy,roamer,0,0.05,0
HUT102157,Negombo,NEG_04,English,Lite 5GB,5,469,49,0.0,0,healthy,commuter,0,0.552,0
HUT102158,Negombo,NEG_08,Sinhala,Lite 5GB,5,564,63,0.0,1,network,commuter,0,0.552,0
HUT102159,Batticaloa,BAT_09,Tamil,Value 15GB,15,1049,20,0.0,0,plan_too_big,commuter,0,0.05,0
HUT102160,Jaffna,JAF_10,Tamil,Value 15GB,15,952,53,0.0,2,network,static,0,0.05,1
HUT102161,Matara,MAT_11,Sinhala,Max 40GB,40,2106,2,0.0,0,plan_too_big,commuter,0,0.05,0
HUT102162,Colombo,COL_10,Sinhala,Max 40GB,40,1823,59,0.0,1,network,commuter,0,0.05,1
HUT102163,Anuradhapura,ANU_08,Sinhala,Value 15GB,15,994,37,0.0,0,bored,commuter,1,0.05,1
HUT102164,Colombo,COL_12,Sinhala,Lite 5GB,5,488,58,0.0,0,plan_too_big,commuter,1,0.05,0
HUT102165,Gampaha,GAM_11,Sinhala,Lite 5GB,5,529,39,0.0,1,network,static,0,0.552,1
HUT102166,Jaffna,JAF_07,Tamil,Max 40GB,40,2228,21,0.0,0,bored,commuter,1,0.05,0
HUT102167,Trincomalee,TRI_08,Sinhala,Value 15GB,15,1248,64,0.0,0,network,commuter,1,0.05,1
HUT102168,Batticaloa,BAT_11,English,Max 40GB,40,1942,52,0.0,0,healthy,commuter,1,0.05,0
HUT102169,Matara,MAT_12,Sinhala,Unlimited,100,3148,61,0.0,0,traveller,commuter,0,0.05,0
HUT102170,Matara,MAT_07,English,Value 15GB,15,1177,53,0.0,0,plan_too_small,commuter,1,0.05,0
HUT102171,Batticaloa,BAT_08,English,Lite 5GB,5,517,19,0.0,0,traveller,commuter,1,0.05,0
HUT102172,Gampaha,GAM_08,Sinhala,Lite 5GB,5,607,14,0.0,0,healthy,commuter,1,0.552,0
HUT102173,Negombo,NEG_01,Sinhala,Lite 5GB,5,451,37,0.0,1,network,static,1,0.552,1
HUT102174,Gampaha,GAM_11,English,Lite 5GB,5,529,23,0.0,0,network,static,0,0.552,1
HUT102175,Gampaha,GAM_12,Sinhala,Max 40GB,40,2010,2,0.0,0,healthy,commuter,1,0.552,0
HUT102176,Jaffna,JAF_05,Tamil,Lite 5GB,5,621,34,0.0,0,healthy,static,1,0.05,0
HUT102177,Ratnapura,RAT_04,Sinhala,Max 40GB,40,1994,59,0.0,0,plan_too_small,commuter,1,0.05,0
HUT102178,Negombo,NEG_10,English,Value 15GB,15,964,36,0.0,0,plan_too_small,commuter,1,0.552,0
HUT102179,Kurunegala,KUR_06,English,Unlimited,100,3700,42,0.0,0,healthy,static,0,0.552,0
HUT102180,Gampaha,GAM_04,Sinhala,Max 40GB,40,1999,4,0.0,0,healthy,commuter,0,0.552,0
HUT102181,Kandy,KAN_11,English,Lite 5GB,5,561,35,0.0,0,healthy,roamer,1,0.552,0
HUT102182,Batticaloa,BAT_11,Tamil,Lite 5GB,5,463,16,0.0,0,network,commuter,1,0.05,0
HUT102183,Jaffna,JAF_10,Tamil,Max 40GB,40,1751,41,0.0,0,network,commuter,0,0.05,0
HUT102184,Anuradhapura,ANU_02,Sinhala,Value 15GB,15,1039,62,0.0,0,network,commuter,0,0.05,1
HUT102185,Trincomalee,TRI_05,Tamil,Lite 5GB,5,462,64,0.0,0,healthy,roamer,1,0.05,0
HUT102186,Gampaha,GAM_05,Sinhala,Max 40GB,40,1677,44,0.0,0,healthy,static,0,0.552,0
HUT102187,Kandy,KAN_03,Sinhala,Max 40GB,40,2100,21,0.0,0,healthy,commuter,0,0.552,0
HUT102188,Jaffna,JAF_09,English,Max 40GB,40,1835,50,0.0,0,bored,commuter,1,0.05,0
HUT102189,Matara,MAT_09,Sinhala,Lite 5GB,5,608,2,0.0,0,healthy,commuter,1,0.05,1
HUT102190,Colombo,COL_05,Tamil,Value 15GB,15,1004,72,0.0,0,healthy,commuter,1,0.05,0
HUT102191,Colombo,COL_09,Sinhala,Unlimited,100,3743,48,0.0,0,traveller,static,1,0.05,0
HUT102192,Gampaha,GAM_08,English,Max 40GB,40,1998,5,0.0,0,healthy,commuter,0,0.552,0
HUT102193,Matara,MAT_04,English,Unlimited,100,3699,34,0.0,0,plan_too_small,commuter,1,0.05,0
HUT102194,Galle,GAL_11,Sinhala,Value 15GB,15,983,8,0.0,0,plan_too_big,commuter,0,0.05,0
HUT102195,Colombo,COL_10,Sinhala,Value 15GB,15,1236,31,0.0,0,plan_too_small,static,1,0.05,0
HUT102196,Negombo,NEG_02,Sinhala,Lite 5GB,5,505,2,0.0,0,healthy,static,0,0.552,0
HUT102197,Jaffna,JAF_10,Tamil,Value 15GB,15,1285,46,0.0,1,network,commuter,0,0.05,0
HUT102198,Batticaloa,BAT_10,English,Lite 5GB,5,568,60,0.0,0,healthy,static,1,0.05,0
HUT102199,Colombo,COL_09,English,Lite 5GB,5,519,4,0.0,0,healthy,commuter,0,0.05,0
HUT102200,Kurunegala,KUR_01,Sinhala,Value 15GB,15,1140,61,0.0,0,healthy,commuter,0,0.552,0
HUT102201,Kandy,KAN_07,English,Max 40GB,40,2098,43,0.0,0,healthy,commuter,0,0.552,0
HUT102202,Jaffna,JAF_09,Tamil,Max 40GB,40,1789,47,0.0,0,plan_too_small,commuter,0,0.05,0
HUT102203,Ratnapura,RAT_07,Sinhala,Lite 5GB,5,508,12,0.0,0,healthy,commuter,0,0.05,0
HUT102204,Trincomalee,TRI_08,Sinhala,Unlimited,100,3670,70,0.0,0,healthy,roamer,0,0.05,0
HUT102205,Ratnapura,RAT_01,English,Max 40GB,40,2103,45,0.0,1,network,static,0,0.05,1
HUT102206,Gampaha,GAM_11,Sinhala,Lite 5GB,5,613,56,0.0,0,network,commuter,0,0.552,1
HUT102207,Batticaloa,BAT_10,Tamil,Value 15GB,15,1087,72,685.0,0,bill_shock,static,1,0.05,0
HUT102208,Ratnapura,RAT_08,English,Value 15GB,15,1253,41,0.0,0,bored,commuter,1,0.05,0
HUT102209,Kandy,KAN_08,Sinhala,Unlimited,100,3128,16,0.0,0,traveller,static,0,0.552,0
HUT102210,Matara,MAT_01,Sinhala,Max 40GB,40,1646,34,0.0,0,healthy,roamer,0,0.05,0
HUT102211,Negombo,NEG_08,Sinhala,Value 15GB,15,1286,66,0.0,0,healthy,static,0,0.552,0
HUT102212,Colombo,COL_11,English,Lite 5GB,5,544,23,0.0,0,plan_too_small,commuter,1,0.05,0
HUT102213,Ratnapura,RAT_09,English,Lite 5GB,5,529,24,0.0,0,healthy,static,0,0.05,0
HUT102214,Trincomalee,TRI_08,English,Max 40GB,40,2322,9,0.0,0,bored,commuter,0,0.05,1
HUT102215,Colombo,COL_06,English,Lite 5GB,5,488,3,0.0,0,traveller,commuter,1,0.05,0
HUT102216,Colombo,COL_06,Tamil,Lite 5GB,5,485,12,0.0,0,healthy,commuter,0,0.05,0
HUT102217,Kandy,KAN_02,Sinhala,Value 15GB,15,1005,12,0.0,0,bored,commuter,0,0.552,0
HUT102218,Batticaloa,BAT_09,English,Max 40GB,40,2297,15,0.0,0,traveller,commuter,0,0.05,0
HUT102219,Jaffna,JAF_01,English,Lite 5GB,5,538,49,0.0,0,plan_too_small,commuter,0,0.05,0
HUT102220,Trincomalee,TRI_03,Sinhala,Unlimited,100,2863,71,0.0,0,healthy,commuter,1,0.05,0
HUT102221,Ratnapura,RAT_08,Sinhala,Unlimited,100,3265,14,0.0,0,healthy,commuter,0,0.05,0
HUT102222,Gampaha,GAM_04,Sinhala,Value 15GB,15,992,60,0.0,0,bored,static,1,0.552,1
HUT102223,Ratnapura,RAT_08,Sinhala,Value 15GB,15,1074,24,0.0,0,plan_too_big,commuter,1,0.05,0
HUT102224,Matara,MAT_09,English,Value 15GB,15,1102,71,0.0,0,bored,roamer,1,0.05,0
HUT102225,Ratnapura,RAT_01,Sinhala,Max 40GB,40,2057,14,0.0,1,network,commuter,0,0.05,1
HUT102226,Kandy,KAN_10,Sinhala,Value 15GB,15,1028,18,0.0,0,healthy,commuter,0,0.552,0
HUT102227,Gampaha,GAM_03,English,Unlimited,100,3885,12,0.0,0,plan_too_big,static,0,0.552,1
HUT102228,Batticaloa,BAT_11,Tamil,Max 40GB,40,1901,33,0.0,1,network,commuter,0,0.05,0
HUT102229,Anuradhapura,ANU_02,English,Max 40GB,40,2248,53,0.0,1,network,commuter,1,0.05,1
HUT102230,Batticaloa,BAT_03,English,Value 15GB,15,1257,29,0.0,0,plan_too_big,static,1,0.05,0
HUT102231,Trincomalee,TRI_05,Sinhala,Value 15GB,15,1151,46,0.0,0,healthy,static,0,0.05,0
HUT102232,Negombo,NEG_11,English,Value 15GB,15,919,45,0.0,0,bored,static,0,0.552,0
HUT102233,Negombo,NEG_10,English,Value 15GB,15,1124,9,0.0,0,bored,commuter,0,0.552,0
HUT102234,Ratnapura,RAT_04,English,Lite 5GB,5,468,17,0.0,0,healthy,static,0,0.05,0
HUT102235,Galle,GAL_08,Sinhala,Lite 5GB,5,458,64,0.0,0,bored,roamer,0,0.05,0
HUT102236,Ratnapura,RAT_12,Sinhala,Lite 5GB,5,612,60,0.0,0,healthy,commuter,0,0.05,0
HUT102237,Ratnapura,RAT_06,Sinhala,Lite 5GB,5,528,8,517.0,0,bill_shock,commuter,0,0.05,0
HUT102238,Ratnapura,RAT_11,English,Lite 5GB,5,468,34,0.0,0,bored,commuter,0,0.05,0
HUT102239,Colombo,COL_04,English,Value 15GB,15,1173,54,0.0,0,network,static,0,0.05,1
HUT102240,Ratnapura,RAT_12,Sinhala,Lite 5GB,5,558,67,0.0,0,plan_too_big,static,0,0.05,0
HUT102241,Galle,GAL_03,Sinhala,Value 15GB,15,989,4,432.0,1,bill_shock,static,1,0.05,1
HUT102242,Batticaloa,BAT_04,English,Lite 5GB,5,585,51,0.0,0,bored,roamer,1,0.05,0
HUT102243,Kurunegala,KUR_03,Sinhala,Value 15GB,15,1170,28,0.0,0,healthy,static,0,0.552,1
HUT102244,Colombo,COL_09,Sinhala,Lite 5GB,5,569,22,0.0,0,traveller,static,0,0.05,0
HUT102245,Galle,GAL_11,Sinhala,Value 15GB,15,1111,18,0.0,0,healthy,static,0,0.05,1
HUT102246,Gampaha,GAM_02,Sinhala,Value 15GB,15,1102,10,310.0,1,bill_shock,commuter,0,0.552,1
HUT102247,Anuradhapura,ANU_02,English,Unlimited,100,3313,57,0.0,0,traveller,static,0,0.05,0
HUT102248,Trincomalee,TRI_04,Sinhala,Lite 5GB,5,549,25,0.0,0,plan_too_big,commuter,1,0.05,0
HUT102249,Galle,GAL_08,Sinhala,Lite 5GB,5,478,8,0.0,0,bored,commuter,0,0.05,1
HUT102250,Kandy,KAN_11,English,Lite 5GB,5,528,49,0.0,0,traveller,static,0,0.552,0
HUT102251,Trincomalee,TRI_11,English,Max 40GB,40,1988,2,0.0,0,plan_too_big,commuter,1,0.05,0
HUT102252,Kandy,KAN_08,Sinhala,Value 15GB,15,994,45,0.0,0,healthy,commuter,0,0.552,0
HUT102253,Ratnapura,RAT_07,English,Lite 5GB,5,554,29,0.0,0,bored,commuter,1,0.05,0
HUT102254,Kandy,KAN_05,Sinhala,Unlimited,100,3111,19,0.0,3,network,static,1,0.552,1
HUT102255,Kurunegala,KUR_02,Sinhala,Max 40GB,40,2283,13,0.0,0,plan_too_big,commuter,0,0.552,0
HUT102256,Kandy,KAN_07,Sinhala,Lite 5GB,5,564,30,0.0,0,bored,commuter,0,0.552,0
HUT102257,Negombo,NEG_11,Sinhala,Value 15GB,15,1228,12,0.0,0,traveller,static,0,0.552,0
HUT102258,Gampaha,GAM_04,Sinhala,Lite 5GB,5,461,70,0.0,0,traveller,static,1,0.552,0
HUT102259,Colombo,COL_12,Sinhala,Max 40GB,40,1991,24,0.0,0,healthy,roamer,0,0.05,0
HUT102260,Gampaha,GAM_04,Sinhala,Value 15GB,15,991,65,0.0,0,network,static,0,0.552,1
HUT102261,Anuradhapura,ANU_05,Sinhala,Max 40GB,40,1867,21,0.0,2,network,commuter,1,0.05,0
HUT102262,Jaffna,JAF_09,Tamil,Lite 5GB,5,621,2,398.0,2,bill_shock,roamer,1,0.05,0
HUT102263,Trincomalee,TRI_03,Tamil,Lite 5GB,5,550,25,0.0,0,traveller,commuter,1,0.05,0
HUT102264,Negombo,NEG_01,Sinhala,Lite 5GB,5,476,6,0.0,0,healthy,commuter,0,0.552,0
HUT102265,Batticaloa,BAT_02,English,Unlimited,100,3333,12,0.0,0,healthy,commuter,1,0.05,0
HUT102266,Kurunegala,KUR_02,English,Value 15GB,15,943,5,0.0,0,healthy,roamer,0,0.552,0
HUT102267,Trincomalee,TRI_01,Tamil,Max 40GB,40,1877,66,0.0,0,healthy,commuter,0,0.05,0
HUT102268,Kandy,KAN_02,Sinhala,Lite 5GB,5,517,32,0.0,0,healthy,commuter,1,0.552,0
HUT102269,Colombo,COL_02,Sinhala,Max 40GB,40,1811,37,0.0,0,plan_too_big,commuter,0,0.05,0
HUT102270,Matara,MAT_02,Sinhala,Lite 5GB,5,510,9,0.0,3,network,static,0,0.05,0
HUT102271,Gampaha,GAM_08,Sinhala,Value 15GB,15,1260,29,0.0,0,healthy,static,0,0.552,0
HUT102272,Anuradhapura,ANU_02,Sinhala,Value 15GB,15,1240,47,0.0,1,network,static,0,0.05,1
HUT102273,Colombo,COL_09,Sinhala,Max 40GB,40,2123,18,0.0,0,healthy,commuter,0,0.05,0
HUT102274,Batticaloa,BAT_01,Tamil,Unlimited,100,3830,50,0.0,0,healthy,commuter,0,0.05,0
HUT102275,Batticaloa,BAT_02,Tamil,Lite 5GB,5,584,39,0.0,0,traveller,commuter,0,0.05,0
HUT102276,Anuradhapura,ANU_12,Sinhala,Lite 5GB,5,568,25,0.0,0,healthy,commuter,0,0.05,0
HUT102277,Galle,GAL_12,Sinhala,Max 40GB,40,1921,54,0.0,0,plan_too_small,static,0,0.05,0
HUT102278,Matara,MAT_01,Sinhala,Value 15GB,15,1023,38,0.0,0,healthy,static,0,0.05,0
HUT102279,Trincomalee,TRI_11,Sinhala,Lite 5GB,5,632,25,0.0,0,healthy,commuter,1,0.05,0
HUT102280,Kandy,KAN_04,Sinhala,Max 40GB,40,2055,62,0.0,0,healthy,static,0,0.552,0
HUT102281,Matara,MAT_03,Sinhala,Max 40GB,40,2221,42,0.0,0,healthy,static,1,0.05,0
HUT102282,Colombo,COL_10,Sinhala,Unlimited,100,3508,65,0.0,2,network,commuter,1,0.05,1
HUT102283,Ratnapura,RAT_01,Sinhala,Value 15GB,15,1244,56,0.0,2,network,commuter,0,0.05,1
HUT102284,Colombo,COL_12,Sinhala,Lite 5GB,5,613,34,0.0,0,healthy,commuter,1,0.05,0
HUT102285,Colombo,COL_12,Tamil,Value 15GB,15,1113,27,0.0,0,healthy,commuter,0,0.05,0
HUT102286,Jaffna,JAF_02,Tamil,Value 15GB,15,1150,36,0.0,0,healthy,commuter,0,0.05,0
HUT102287,Colombo,COL_10,Tamil,Value 15GB,15,1065,6,0.0,0,healthy,commuter,0,0.05,0
HUT102288,Kandy,KAN_03,Sinhala,Max 40GB,40,2022,66,0.0,0,bored,commuter,1,0.552,0
HUT102289,Kandy,KAN_02,English,Lite 5GB,5,587,48,0.0,0,plan_too_big,commuter,1,0.552,0
HUT102290,Matara,MAT_01,Sinhala,Lite 5GB,5,525,30,857.0,0,bill_shock,commuter,0,0.05,0
HUT102291,Jaffna,JAF_05,Tamil,Value 15GB,15,1194,60,0.0,1,network,static,0,0.05,0
HUT102292,Jaffna,JAF_02,English,Value 15GB,15,919,8,0.0,0,bored,commuter,1,0.05,0
HUT102293,Galle,GAL_01,Sinhala,Value 15GB,15,1249,48,0.0,0,plan_too_small,commuter,1,0.05,0
HUT102294,Kandy,KAN_05,Sinhala,Lite 5GB,5,456,11,0.0,1,network,static,0,0.552,1
HUT102295,Kandy,KAN_08,Sinhala,Value 15GB,15,1280,30,0.0,0,healthy,static,0,0.552,0
HUT102296,Anuradhapura,ANU_08,English,Lite 5GB,5,560,57,0.0,0,traveller,commuter,0,0.05,0
HUT102297,Batticaloa,BAT_01,English,Value 15GB,15,912,16,0.0,0,bored,commuter,0,0.05,0
HUT102298,Gampaha,GAM_12,Sinhala,Value 15GB,15,1053,44,0.0,0,network,commuter,0,0.552,1
HUT102299,Jaffna,JAF_10,Tamil,Value 15GB,15,1241,34,0.0,0,network,commuter,0,0.05,0
HUT102300,Galle,GAL_03,Sinhala,Value 15GB,15,1058,27,0.0,0,bored,static,0,0.05,0
HUT102301,Galle,GAL_02,Sinhala,Value 15GB,15,1022,47,0.0,0,healthy,static,0,0.05,0
HUT102302,Jaffna,JAF_12,Tamil,Value 15GB,15,937,71,427.0,2,bill_shock,commuter,0,0.05,1
HUT102303,Gampaha,GAM_12,Sinhala,Lite 5GB,5,583,9,0.0,0,healthy,commuter,0,0.552,0
HUT102304,Ratnapura,RAT_04,Sinhala,Lite 5GB,5,500,40,0.0,0,traveller,commuter,0,0.05,0
HUT102305,Jaffna,JAF_10,Tamil,Lite 5GB,5,547,63,479.0,1,bill_shock,roamer,0,0.05,1
HUT102306,Gampaha,GAM_03,English,Value 15GB,15,938,18,0.0,0,healthy,static,1,0.552,0
HUT102307,Anuradhapura,ANU_09,English,Value 15GB,15,1017,2,0.0,0,healthy,commuter,0,0.05,0
HUT102308,Galle,GAL_05,Sinhala,Unlimited,100,3035,53,0.0,0,healthy,static,0,0.05,0
HUT102309,Batticaloa,BAT_02,Tamil,Value 15GB,15,970,36,0.0,0,healthy,static,0,0.05,0
HUT102310,Kurunegala,KUR_04,English,Max 40GB,40,2131,69,0.0,0,healthy,static,0,0.552,0
HUT102311,Gampaha,GAM_12,Sinhala,Max 40GB,40,1704,9,0.0,0,plan_too_big,commuter,0,0.552,0
HUT102312,Gampaha,GAM_04,Sinhala,Max 40GB,40,1703,2,0.0,2,network,commuter,0,0.552,1
HUT102313,Matara,MAT_06,Sinhala,Value 15GB,15,1124,63,0.0,0,healthy,commuter,0,0.05,0
HUT102314,Kurunegala,KUR_02,Sinhala,Value 15GB,15,1033,62,378.0,3,bill_shock,commuter,1,0.552,0
HUT102315,Galle,GAL_04,Sinhala,Value 15GB,15,1224,13,0.0,0,traveller,static,0,0.05,0
HUT102316,Kandy,KAN_01,Sinhala,Max 40GB,40,1679,22,0.0,0,healthy,commuter,1,0.552,1
HUT102317,Galle,GAL_02,Sinhala,Value 15GB,15,1142,20,0.0,0,plan_too_small,static,0,0.05,0
HUT102318,Anuradhapura,ANU_04,English,Value 15GB,15,1009,30,0.0,0,plan_too_small,commuter,1,0.05,0
HUT102319,Trincomalee,TRI_07,Sinhala,Lite 5GB,5,581,18,282.0,1,bill_shock,roamer,0,0.05,0
HUT102320,Colombo,COL_04,Tamil,Max 40GB,40,1771,26,0.0,0,bored,commuter,0,0.05,0
HUT102321,Trincomalee,TRI_09,English,Max 40GB,40,1760,52,0.0,0,plan_too_big,commuter,0,0.05,0
HUT102322,Jaffna,JAF_03,Tamil,Value 15GB,15,1256,59,0.0,0,bored,commuter,0,0.05,0
HUT102323,Colombo,COL_11,English,Max 40GB,40,2158,53,0.0,0,healthy,commuter,0,0.05,0
HUT102324,Colombo,COL_04,English,Value 15GB,15,1191,65,0.0,0,network,commuter,0,0.05,0
HUT102325,Batticaloa,BAT_02,Tamil,Value 15GB,15,1127,34,0.0,0,plan_too_big,commuter,0,0.05,0
HUT102326,Kandy,KAN_11,Sinhala,Lite 5GB,5,554,32,0.0,0,healthy,static,0,0.552,0
HUT102327,Gampaha,GAM_01,Sinhala,Value 15GB,15,1214,23,328.0,1,bill_shock,static,0,0.552,1
HUT102328,Colombo,COL_02,Tamil,Value 15GB,15,1036,19,0.0,0,healthy,commuter,1,0.05,0
HUT102329,Colombo,COL_07,Sinhala,Max 40GB,40,1713,4,0.0,0,plan_too_big,roamer,1,0.05,0
HUT102330,Kurunegala,KUR_11,Sinhala,Max 40GB,40,2001,31,0.0,0,healthy,commuter,1,0.552,0
HUT102331,Jaffna,JAF_08,Tamil,Value 15GB,15,1274,24,0.0,0,plan_too_big,commuter,1,0.05,0
HUT102332,Trincomalee,TRI_12,English,Max 40GB,40,2016,40,0.0,0,healthy,static,0,0.05,0
HUT102333,Anuradhapura,ANU_07,Sinhala,Value 15GB,15,1134,40,647.0,1,bill_shock,static,0,0.05,0
HUT102334,Negombo,NEG_10,English,Max 40GB,40,1653,43,0.0,0,healthy,commuter,0,0.552,0
HUT102335,Negombo,NEG_10,English,Lite 5GB,5,458,33,0.0,0,traveller,commuter,0,0.552,0
HUT102336,Ratnapura,RAT_12,English,Value 15GB,15,1244,46,0.0,0,traveller,roamer,1,0.05,0
HUT102337,Galle,GAL_06,English,Max 40GB,40,2105,36,0.0,0,healthy,commuter,1,0.05,0
HUT102338,Kurunegala,KUR_11,English,Max 40GB,40,1934,37,0.0,0,bored,static,0,0.552,0
HUT102339,Trincomalee,TRI_12,Tamil,Max 40GB,40,1895,48,0.0,0,network,static,1,0.05,0
HUT102340,Anuradhapura,ANU_07,Sinhala,Value 15GB,15,1184,55,0.0,0,healthy,commuter,0,0.05,0
HUT102341,Trincomalee,TRI_11,Tamil,Unlimited,100,2974,31,0.0,0,plan_too_small,commuter,1,0.05,0
HUT102342,Jaffna,JAF_12,Tamil,Lite 5GB,5,456,17,0.0,0,traveller,static,0,0.05,0
HUT102343,Trincomalee,TRI_07,Sinhala,Lite 5GB,5,583,42,0.0,0,healthy,commuter,0,0.05,0
HUT102344,Batticaloa,BAT_06,English,Lite 5GB,5,544,38,0.0,0,healthy,roamer,1,0.05,0
HUT102345,Gampaha,GAM_11,English,Max 40GB,40,1680,24,0.0,0,healthy,commuter,0,0.552,0
HUT102346,Colombo,COL_11,Tamil,Lite 5GB,5,511,39,0.0,0,bored,commuter,0,0.05,0
HUT102347,Kandy,KAN_05,Sinhala,Max 40GB,40,1748,51,0.0,2,network,static,0,0.552,1
HUT102348,Gampaha,GAM_04,English,Value 15GB,15,997,31,0.0,2,network,static,1,0.552,0
HUT102349,Batticaloa,BAT_11,Tamil,Max 40GB,40,1991,56,0.0,0,healthy,commuter,1,0.05,0
HUT102350,Kurunegala,KUR_08,Sinhala,Unlimited,100,2838,31,0.0,0,bored,static,0,0.552,0
HUT102351,Jaffna,JAF_06,Tamil,Value 15GB,15,1215,51,0.0,0,healthy,commuter,0,0.05,0
HUT102352,Ratnapura,RAT_07,Sinhala,Lite 5GB,5,556,54,0.0,0,plan_too_small,commuter,1,0.05,0
HUT102353,Negombo,NEG_04,Sinhala,Lite 5GB,5,498,18,553.0,0,bill_shock,static,0,0.552,0
HUT102354,Trincomalee,TRI_12,Tamil,Unlimited,100,3550,50,0.0,0,traveller,static,0,0.05,0
HUT102355,Colombo,COL_09,English,Lite 5GB,5,453,47,0.0,0,healthy,commuter,1,0.05,0
HUT102356,Anuradhapura,ANU_02,Sinhala,Value 15GB,15,1108,61,0.0,0,network,commuter,0,0.05,1
HUT102357,Matara,MAT_05,Sinhala,Lite 5GB,5,538,5,0.0,0,plan_too_small,static,0,0.05,0
HUT102358,Jaffna,JAF_12,English,Unlimited,100,3562,26,0.0,0,traveller,commuter,1,0.05,0
HUT102359,Kurunegala,KUR_03,Sinhala,Value 15GB,15,1195,7,0.0,0,healthy,commuter,1,0.552,0
HUT102360,Anuradhapura,ANU_06,Sinhala,Lite 5GB,5,562,26,0.0,0,bored,roamer,0,0.05,0
HUT102361,Kandy,KAN_07,English,Lite 5GB,5,533,45,0.0,0,traveller,commuter,0,0.552,0
HUT102362,Gampaha,GAM_02,English,Unlimited,100,3881,47,0.0,0,traveller,commuter,1,0.552,0
HUT102363,Matara,MAT_02,Sinhala,Value 15GB,15,1159,54,0.0,0,bored,commuter,1,0.05,1
HUT102364,Anuradhapura,ANU_05,Sinhala,Lite 5GB,5,485,60,0.0,1,network,roamer,0,0.05,0
HUT102365,Galle,GAL_12,Sinhala,Max 40GB,40,1674,36,0.0,0,traveller,commuter,1,0.05,0
HUT102366,Batticaloa,BAT_06,English,Value 15GB,15,990,20,0.0,0,healthy,commuter,0,0.05,0
HUT102367,Gampaha,GAM_03,Sinhala,Max 40GB,40,2259,7,0.0,0,healthy,static,0,0.552,0
HUT102368,Batticaloa,BAT_03,Tamil,Max 40GB,40,1669,3,0.0,0,healthy,commuter,1,0.05,0
HUT102369,Negombo,NEG_12,English,Max 40GB,40,2236,18,0.0,0,healthy,static,0,0.552,0
HUT102370,Kurunegala,KUR_01,Sinhala,Value 15GB,15,1242,59,0.0,0,healthy,commuter,0,0.552,0
HUT102371,Colombo,COL_06,Tamil,Max 40GB,40,1877,61,866.0,1,bill_shock,commuter,0,0.05,0
HUT102372,Negombo,NEG_12,English,Max 40GB,40,1817,52,423.0,0,bill_shock,roamer,0,0.552,0
HUT102373,Jaffna,JAF_07,Tamil,Lite 5GB,5,463,34,750.0,0,bill_shock,commuter,1,0.05,1
HUT102374,Jaffna,JAF_07,Tamil,Value 15GB,15,1001,8,0.0,0,traveller,static,1,0.05,0
HUT102375,Gampaha,GAM_02,Sinhala,Lite 5GB,5,574,24,0.0,0,bored,static,0,0.552,1
HUT102376,Batticaloa,BAT_10,English,Lite 5GB,5,571,20,0.0,0,bored,roamer,0,0.05,1
HUT102377,Trincomalee,TRI_02,English,Unlimited,100,2796,29,0.0,0,healthy,static,0,0.05,0
HUT102378,Kandy,KAN_09,Sinhala,Lite 5GB,5,566,8,0.0,0,healthy,commuter,0,0.552,0
HUT102379,Ratnapura,RAT_09,Sinhala,Value 15GB,15,1180,3,0.0,0,bored,commuter,1,0.05,0
HUT102380,Batticaloa,BAT_11,Tamil,Lite 5GB,5,451,36,0.0,0,network,roamer,0,0.05,0
HUT102381,Gampaha,GAM_05,Sinhala,Value 15GB,15,1177,40,0.0,0,plan_too_big,commuter,0,0.552,0
HUT102382,Gampaha,GAM_10,Sinhala,Max 40GB,40,1788,2,0.0,0,plan_too_small,static,0,0.552,0
HUT102383,Kandy,KAN_08,English,Max 40GB,40,1888,13,0.0,0,healthy,commuter,1,0.552,0
HUT102384,Trincomalee,TRI_09,English,Max 40GB,40,2123,49,0.0,0,healthy,roamer,0,0.05,0
HUT102385,Ratnapura,RAT_02,Sinhala,Lite 5GB,5,550,64,0.0,0,traveller,commuter,0,0.05,0
HUT102386,Kandy,KAN_08,Sinhala,Unlimited,100,3663,41,443.0,1,bill_shock,static,0,0.552,0
HUT102387,Colombo,COL_10,English,Unlimited,100,3578,14,0.0,1,network,commuter,1,0.05,1
HUT102388,Colombo,COL_07,English,Lite 5GB,5,493,68,0.0,0,healthy,commuter,0,0.05,0
HUT102389,Jaffna,JAF_05,Tamil,Max 40GB,40,1880,11,0.0,2,network,commuter,1,0.05,1
HUT102390,Trincomalee,TRI_08,Tamil,Value 15GB,15,1170,52,0.0,0,network,static,0,0.05,1
HUT102391,Gampaha,GAM_09,Sinhala,Value 15GB,15,944,14,0.0,0,plan_too_small,static,0,0.552,0
HUT102392,Gampaha,GAM_11,Sinhala,Max 40GB,40,2114,53,0.0,0,bored,commuter,0,0.552,0
HUT102393,Matara,MAT_01,Sinhala,Lite 5GB,5,475,23,0.0,0,healthy,commuter,1,0.05,0
HUT102394,Colombo,COL_08,Tamil,Lite 5GB,5,532,20,0.0,0,healthy,static,0,0.05,0
HUT102395,Kandy,KAN_05,English,Unlimited,100,3153,28,0.0,0,bored,commuter,0,0.552,1
HUT102396,Kandy,KAN_07,English,Value 15GB,15,1255,27,0.0,0,healthy,static,0,0.552,0
HUT102397,Gampaha,GAM_04,Sinhala,Value 15GB,15,1060,15,0.0,0,traveller,commuter,1,0.552,0
HUT102398,Trincomalee,TRI_04,Tamil,Value 15GB,15,1069,10,0.0,0,healthy,commuter,0,0.05,0
HUT102399,Kandy,KAN_06,Sinhala,Lite 5GB,5,547,19,0.0,0,bored,commuter,0,0.552,0
HUT102400,Kandy,KAN_02,English,Value 15GB,15,1094,48,0.0,0,plan_too_small,commuter,0,0.552,0
HUT102401,Trincomalee,TRI_08,Sinhala,Unlimited,100,3668,66,0.0,0,network,commuter,1,0.05,1
HUT102402,Galle,GAL_12,Sinhala,Value 15GB,15,1192,17,0.0,0,healthy,roamer,0,0.05,0
HUT102403,Colombo,COL_11,Sinhala,Lite 5GB,5,635,24,0.0,0,healthy,commuter,0,0.05,0
HUT102404,Gampaha,GAM_12,English,Value 15GB,15,1048,29,0.0,0,healthy,commuter,1,0.552,1
HUT102405,Jaffna,JAF_07,Tamil,Value 15GB,15,1129,14,0.0,0,plan_too_small,roamer,1,0.05,0
HUT102406,Galle,GAL_07,English,Value 15GB,15,1180,20,0.0,0,healthy,commuter,1,0.05,0
HUT102407,Ratnapura,RAT_01,English,Value 15GB,15,1096,66,0.0,0,network,static,0,0.05,0
HUT102408,Kurunegala,KUR_01,Sinhala,Unlimited,100,3516,41,0.0,0,healthy,roamer,0,0.552,0
HUT102409,Jaffna,JAF_09,English,Max 40GB,40,1705,63,0.0,0,traveller,static,1,0.05,0
HUT102410,Negombo,NEG_09,Sinhala,Lite 5GB,5,588,48,0.0,0,bored,commuter,0,0.552,0
HUT102411,Kandy,KAN_09,Sinhala,Unlimited,100,3330,4,0.0,0,healthy,commuter,1,0.552,0
HUT102412,Ratnapura,RAT_10,English,Max 40GB,40,1833,52,0.0,0,healthy,static,0,0.05,0
HUT102413,Matara,MAT_10,Sinhala,Unlimited,100,3562,12,0.0,0,plan_too_big,commuter,0,0.05,0
HUT102414,Kurunegala,KUR_12,Sinhala,Unlimited,100,3238,65,0.0,0,plan_too_big,commuter,0,0.552,0
HUT102415,Kurunegala,KUR_02,English,Unlimited,100,3525,14,0.0,0,traveller,static,1,0.552,0
HUT102416,Batticaloa,BAT_07,Tamil,Lite 5GB,5,505,72,0.0,0,healthy,commuter,0,0.05,0
HUT102417,Gampaha,GAM_03,English,Lite 5GB,5,459,20,0.0,0,healthy,static,0,0.552,0
HUT102418,Anuradhapura,ANU_02,English,Value 15GB,15,1026,37,0.0,0,network,commuter,0,0.05,1
HUT102419,Gampaha,GAM_02,Sinhala,Max 40GB,40,2147,64,0.0,3,network,commuter,1,0.552,1
HUT102420,Kandy,KAN_02,English,Lite 5GB,5,585,30,0.0,0,healthy,commuter,1,0.552,0
HUT102421,Gampaha,GAM_12,Sinhala,Unlimited,100,3038,65,0.0,0,network,commuter,0,0.552,1
HUT102422,Colombo,COL_09,Sinhala,Max 40GB,40,2271,36,0.0,0,plan_too_small,static,0,0.05,0
HUT102423,Colombo,COL_08,Sinhala,Max 40GB,40,1952,13,0.0,0,healthy,commuter,0,0.05,0
HUT102424,Trincomalee,TRI_10,Tamil,Lite 5GB,5,593,48,0.0,0,healthy,static,0,0.05,0
HUT102425,Batticaloa,BAT_04,Tamil,Lite 5GB,5,539,51,0.0,0,healthy,commuter,1,0.05,0
HUT102426,Colombo,COL_03,English,Unlimited,100,3455,12,0.0,0,bored,commuter,1,0.05,0
HUT102427,Colombo,COL_04,Sinhala,Max 40GB,40,2140,68,0.0,0,plan_too_big,static,0,0.05,0
HUT102428,Gampaha,GAM_03,English,Value 15GB,15,1286,67,0.0,0,traveller,commuter,0,0.552,0
HUT102429,Matara,MAT_11,English,Value 15GB,15,927,15,815.0,0,bill_shock,commuter,0,0.05,0
HUT102430,Colombo,COL_12,English,Value 15GB,15,1139,39,0.0,0,traveller,commuter,1,0.05,0
HUT102431,Batticaloa,BAT_11,Tamil,Value 15GB,15,1045,3,0.0,2,network,commuter,1,0.05,0
HUT102432,Ratnapura,RAT_10,Sinhala,Lite 5GB,5,463,60,0.0,0,healthy,static,1,0.05,0
HUT102433,Ratnapura,RAT_03,Sinhala,Lite 5GB,5,524,25,0.0,0,healthy,static,1,0.05,0
HUT102434,Galle,GAL_06,Sinhala,Lite 5GB,5,606,21,0.0,0,plan_too_big,commuter,0,0.05,0
HUT102435,Gampaha,GAM_07,Sinhala,Max 40GB,40,2094,64,0.0,0,traveller,commuter,0,0.552,0
HUT102436,Batticaloa,BAT_01,Tamil,Value 15GB,15,932,34,0.0,0,bored,static,0,0.05,0
HUT102437,Kandy,KAN_05,English,Lite 5GB,5,510,26,0.0,1,network,static,0,0.552,1
HUT102438,Matara,MAT_05,Sinhala,Lite 5GB,5,582,3,0.0,0,traveller,commuter,0,0.05,0
HUT102439,Colombo,COL_03,Sinhala,Value 15GB,15,1120,28,0.0,0,traveller,roamer,0,0.05,0
HUT102440,Galle,GAL_08,English,Lite 5GB,5,607,13,0.0,0,traveller,commuter,1,0.05,0
HUT102441,Trincomalee,TRI_06,Sinhala,Lite 5GB,5,625,2,0.0,0,healthy,roamer,1,0.05,0
HUT102442,Anuradhapura,ANU_12,Sinhala,Max 40GB,40,2228,42,0.0,0,healthy,static,0,0.05,0
HUT102443,Anuradhapura,ANU_10,English,Max 40GB,40,1802,47,0.0,0,plan_too_big,commuter,0,0.05,1
HUT102444,Galle,GAL_09,Sinhala,Unlimited,100,2792,26,0.0,0,healthy,static,1,0.05,0
HUT102445,Ratnapura,RAT_05,English,Value 15GB,15,1251,34,0.0,0,healthy,roamer,0,0.05,0
HUT102446,Batticaloa,BAT_10,Tamil,Value 15GB,15,1275,2,0.0,0,bored,commuter,1,0.05,0
HUT102447,Anuradhapura,ANU_07,Sinhala,Max 40GB,40,1900,57,0.0,0,bored,commuter,0,0.05,0
HUT102448,Galle,GAL_12,Sinhala,Value 15GB,15,1225,6,0.0,0,healthy,static,1,0.05,0
HUT102449,Matara,MAT_02,English,Value 15GB,15,1269,54,0.0,2,network,static,0,0.05,0
HUT102450,Kurunegala,KUR_11,English,Lite 5GB,5,525,23,0.0,0,healthy,commuter,1,0.552,0
HUT102451,Negombo,NEG_09,English,Value 15GB,15,1153,35,0.0,0,healthy,commuter,0,0.552,0
HUT102452,Matara,MAT_05,Sinhala,Unlimited,100,3110,57,0.0,0,bored,static,0,0.05,1
HUT102453,Jaffna,JAF_10,Tamil,Lite 5GB,5,472,26,0.0,2,network,static,0,0.05,0
HUT102454,Anuradhapura,ANU_09,English,Lite 5GB,5,504,45,0.0,0,plan_too_small,static,1,0.05,0
HUT102455,Galle,GAL_11,English,Max 40GB,40,2042,36,0.0,0,plan_too_small,static,0,0.05,0
HUT102456,Batticaloa,BAT_08,Tamil,Max 40GB,40,1700,38,0.0,0,healthy,commuter,0,0.05,0
HUT102457,Colombo,COL_08,Sinhala,Value 15GB,15,1256,67,0.0,0,healthy,commuter,1,0.05,0
HUT102458,Trincomalee,TRI_02,Tamil,Max 40GB,40,2317,63,0.0,0,healthy,static,0,0.05,0
HUT102459,Jaffna,JAF_12,Tamil,Value 15GB,15,1230,45,0.0,0,healthy,commuter,1,0.05,0
HUT102460,Kurunegala,KUR_12,Sinhala,Value 15GB,15,1147,17,0.0,0,healthy,static,0,0.552,0
HUT102461,Kurunegala,KUR_11,Sinhala,Value 15GB,15,1271,5,0.0,0,traveller,commuter,1,0.552,1
HUT102462,Kurunegala,KUR_01,Sinhala,Max 40GB,40,2303,33,0.0,0,healthy,commuter,1,0.552,1
HUT102463,Gampaha,GAM_11,Sinhala,Lite 5GB,5,519,62,0.0,1,network,commuter,0,0.552,1
HUT102464,Negombo,NEG_05,Sinhala,Lite 5GB,5,481,30,240.0,0,bill_shock,static,0,0.552,0
HUT102465,Anuradhapura,ANU_01,Sinhala,Value 15GB,15,989,72,0.0,0,plan_too_big,static,0,0.05,0
HUT102466,Kandy,KAN_07,Sinhala,Lite 5GB,5,467,8,0.0,0,healthy,commuter,0,0.552,0
HUT102467,Gampaha,GAM_12,Sinhala,Value 15GB,15,1143,17,0.0,0,bored,static,0,0.552,1
HUT102468,Galle,GAL_03,Sinhala,Value 15GB,15,939,34,766.0,0,bill_shock,roamer,0,0.05,0
HUT102469,Kurunegala,KUR_02,Sinhala,Value 15GB,15,1216,50,0.0,0,bored,commuter,1,0.552,0
HUT102470,Gampaha,GAM_10,Sinhala,Value 15GB,15,1214,23,0.0,0,healthy,static,0,0.552,0
HUT102471,Kandy,KAN_11,Sinhala,Lite 5GB,5,465,31,0.0,0,healthy,commuter,0,0.552,0
HUT102472,Batticaloa,BAT_10,Tamil,Value 15GB,15,1066,10,0.0,0,traveller,commuter,0,0.05,1
HUT102473,Kurunegala,KUR_11,Sinhala,Value 15GB,15,937,21,0.0,0,healthy,commuter,0,0.552,0
HUT102474,Kurunegala,KUR_03,Sinhala,Value 15GB,15,1071,64,0.0,0,healthy,commuter,0,0.552,0
HUT102475,Anuradhapura,ANU_03,Sinhala,Value 15GB,15,979,35,298.0,0,bill_shock,static,1,0.05,1
HUT102476,Ratnapura,RAT_09,English,Value 15GB,15,1001,17,692.0,0,bill_shock,static,1,0.05,0
HUT102477,Ratnapura,RAT_08,Sinhala,Max 40GB,40,2199,2,394.0,1,bill_shock,commuter,0,0.05,0
HUT102478,Jaffna,JAF_04,English,Value 15GB,15,1279,26,0.0,0,healthy,commuter,0,0.05,0
HUT102479,Ratnapura,RAT_09,Sinhala,Value 15GB,15,1213,11,693.0,0,bill_shock,static,0,0.05,0
HUT102480,Ratnapura,RAT_12,Sinhala,Lite 5GB,5,532,12,0.0,0,network,commuter,1,0.05,1
HUT102481,Matara,MAT_02,Sinhala,Lite 5GB,5,634,34,0.0,0,network,static,0,0.05,0
HUT102482,Ratnapura,RAT_12,English,Max 40GB,40,2123,33,0.0,0,network,commuter,0,0.05,1
HUT102483,Negombo,NEG_03,English,Max 40GB,40,1708,7,0.0,0,healthy,commuter,0,0.552,0
HUT102484,Kandy,KAN_05,Sinhala,Lite 5GB,5,464,6,737.0,1,bill_shock,roamer,0,0.552,0
HUT102485,Jaffna,JAF_05,Tamil,Unlimited,100,3421,45,0.0,2,network,commuter,1,0.05,1
HUT102486,Colombo,COL_04,English,Value 15GB,15,1146,2,0.0,0,healthy,commuter,0,0.05,0
HUT102487,Trincomalee,TRI_11,Tamil,Value 15GB,15,1189,57,0.0,0,healthy,commuter,1,0.05,0
HUT102488,Colombo,COL_04,English,Max 40GB,40,1773,48,0.0,1,network,commuter,1,0.05,1
HUT102489,Negombo,NEG_10,Sinhala,Unlimited,100,3214,25,659.0,0,bill_shock,commuter,0,0.552,0
HUT102490,Jaffna,JAF_07,Tamil,Value 15GB,15,1045,28,0.0,0,plan_too_big,commuter,1,0.05,0
HUT102491,Colombo,COL_04,Sinhala,Value 15GB,15,1131,55,401.0,1,bill_shock,commuter,1,0.05,0
HUT102492,Anuradhapura,ANU_02,Sinhala,Max 40GB,40,2228,30,0.0,2,network,commuter,1,0.05,1
HUT102493,Galle,GAL_02,English,Lite 5GB,5,618,50,0.0,0,healthy,commuter,0,0.05,0
HUT102494,Matara,MAT_02,Sinhala,Value 15GB,15,1217,61,0.0,1,network,roamer,0,0.05,1
HUT102495,Trincomalee,TRI_11,English,Lite 5GB,5,592,45,0.0,0,healthy,roamer,1,0.05,0
HUT102496,Matara,MAT_02,Sinhala,Unlimited,100,3403,27,0.0,2,network,static,0,0.05,1
HUT102497,Jaffna,JAF_07,Tamil,Value 15GB,15,974,38,491.0,0,bill_shock,commuter,0,0.05,0
HUT102498,Trincomalee,TRI_02,Sinhala,Value 15GB,15,1166,20,0.0,0,traveller,static,0,0.05,0
HUT102499,Gampaha,GAM_04,Sinhala,Value 15GB,15,1139,43,0.0,0,plan_too_big,commuter,0,0.552,0
HUT102500,Negombo,NEG_02,Sinhala,Value 15GB,15,1252,71,0.0,0,traveller,commuter,0,0.552,0
HUT102501,Galle,GAL_11,Sinhala,Value 15GB,15,1011,27,0.0,0,healthy,roamer,0,0.05,0
HUT102502,Ratnapura,RAT_04,Sinhala,Max 40GB,40,1832,17,0.0,0,healthy,static,0,0.05,0
HUT102503,Kandy,KAN_08,Sinhala,Lite 5GB,5,613,67,0.0,0,traveller,static,0,0.552,0
HUT102504,Negombo,NEG_11,English,Value 15GB,15,914,33,823.0,0,bill_shock,commuter,0,0.552,0
HUT102505,Kurunegala,KUR_05,English,Value 15GB,15,995,5,0.0,0,healthy,commuter,1,0.552,0
HUT102506,Matara,MAT_09,Sinhala,Max 40GB,40,1800,12,0.0,0,plan_too_big,commuter,0,0.05,1
HUT102507,Kurunegala,KUR_03,Sinhala,Value 15GB,15,1081,48,0.0,0,traveller,commuter,0,0.552,0
HUT102508,Trincomalee,TRI_10,English,Max 40GB,40,2268,9,0.0,0,bored,roamer,1,0.05,1
HUT102509,Gampaha,GAM_03,Sinhala,Max 40GB,40,1869,24,680.0,1,bill_shock,commuter,0,0.552,0
HUT102510,Jaffna,JAF_09,English,Value 15GB,15,1192,35,0.0,0,healthy,static,0,0.05,0
HUT102511,Matara,MAT_02,Sinhala,Value 15GB,15,1216,67,0.0,3,network,commuter,1,0.05,0
HUT102512,Gampaha,GAM_08,English,Value 15GB,15,1001,10,0.0,0,healthy,commuter,1,0.552,1
HUT102513,Matara,MAT_04,Sinhala,Lite 5GB,5,621,67,534.0,1,bill_shock,static,1,0.05,0
HUT102514,Jaffna,JAF_06,English,Value 15GB,15,1242,40,0.0,0,healthy,roamer,0,0.05,0
HUT102515,Colombo,COL_10,English,Value 15GB,15,963,36,0.0,0,healthy,static,0,0.05,0
HUT102516,Batticaloa,BAT_12,Tamil,Max 40GB,40,2021,45,0.0,0,plan_too_big,commuter,0,0.05,0
HUT102517,Matara,MAT_05,Sinhala,Lite 5GB,5,467,63,0.0,0,healthy,commuter,0,0.05,0
HUT102518,Jaffna,JAF_05,Tamil,Lite 5GB,5,520,29,0.0,0,plan_too_big,commuter,0,0.05,0
HUT102519,Kurunegala,KUR_09,English,Value 15GB,15,943,60,0.0,0,bored,commuter,1,0.552,0
HUT102520,Gampaha,GAM_07,English,Lite 5GB,5,602,13,0.0,0,plan_too_big,commuter,1,0.552,0
HUT102521,Matara,MAT_02,English,Value 15GB,15,1040,65,0.0,0,plan_too_small,commuter,1,0.05,0
HUT102522,Matara,MAT_02,Sinhala,Max 40GB,40,1964,11,0.0,1,network,commuter,0,0.05,1
HUT102523,Ratnapura,RAT_02,English,Lite 5GB,5,634,67,0.0,0,traveller,static,0,0.05,0
HUT102524,Anuradhapura,ANU_09,Sinhala,Lite 5GB,5,503,72,622.0,2,bill_shock,static,0,0.05,0
HUT102525,Matara,MAT_07,English,Value 15GB,15,955,20,0.0,0,plan_too_small,static,0,0.05,0
HUT102526,Kurunegala,KUR_02,English,Lite 5GB,5,523,46,0.0,0,traveller,commuter,0,0.552,0
HUT102527,Kandy,KAN_05,Sinhala,Value 15GB,15,1159,16,0.0,1,network,commuter,0,0.552,1
HUT102528,Trincomalee,TRI_02,English,Max 40GB,40,2088,49,0.0,0,healthy,commuter,1,0.05,0
HUT102529,Batticaloa,BAT_09,English,Lite 5GB,5,512,27,0.0,0,bored,commuter,1,0.05,0
HUT102530,Negombo,NEG_07,Sinhala,Max 40GB,40,2144,47,657.0,1,bill_shock,commuter,1,0.552,1
HUT102531,Kurunegala,KUR_03,English,Value 15GB,15,1086,60,0.0,0,plan_too_big,static,0,0.552,0
HUT102532,Jaffna,JAF_11,Tamil,Lite 5GB,5,559,19,0.0,0,plan_too_small,commuter,0,0.05,0
HUT102533,Galle,GAL_12,English,Max 40GB,40,1743,54,0.0,0,healthy,commuter,0,0.05,0
HUT102534,Kandy,KAN_10,Sinhala,Lite 5GB,5,493,69,0.0,0,healthy,commuter,0,0.552,0
HUT102535,Negombo,NEG_07,Sinhala,Lite 5GB,5,626,41,0.0,0,healthy,static,1,0.552,0
HUT102536,Galle,GAL_02,Sinhala,Value 15GB,15,1193,67,0.0,0,healthy,commuter,1,0.05,0
HUT102537,Gampaha,GAM_06,Sinhala,Max 40GB,40,1987,14,0.0,0,healthy,commuter,0,0.552,0
HUT102538,Batticaloa,BAT_10,English,Lite 5GB,5,631,35,224.0,1,bill_shock,commuter,1,0.05,1
HUT102539,Matara,MAT_03,English,Max 40GB,40,2256,62,0.0,0,traveller,commuter,1,0.05,0
HUT102540,Negombo,NEG_03,Sinhala,Max 40GB,40,1657,2,0.0,0,bored,commuter,0,0.552,1
HUT102541,Batticaloa,BAT_03,Tamil,Lite 5GB,5,519,51,0.0,0,healthy,static,0,0.05,0
HUT102542,Batticaloa,BAT_05,Tamil,Lite 5GB,5,503,2,0.0,0,healthy,commuter,1,0.05,0
HUT102543,Jaffna,JAF_08,Tamil,Lite 5GB,5,513,12,0.0,0,healthy,commuter,1,0.05,0
HUT102544,Matara,MAT_02,English,Unlimited,100,3418,39,551.0,0,bill_shock,commuter,1,0.05,1
HUT102545,Galle,GAL_10,Sinhala,Value 15GB,15,1143,7,0.0,0,plan_too_big,static,1,0.05,1
HUT102546,Gampaha,GAM_04,English,Lite 5GB,5,583,11,0.0,0,healthy,commuter,0,0.552,0
HUT102547,Negombo,NEG_05,Sinhala,Lite 5GB,5,631,42,0.0,0,plan_too_big,commuter,1,0.552,0
HUT102548,Colombo,COL_01,Sinhala,Value 15GB,15,1072,49,0.0,0,network,static,0,0.05,1
HUT102549,Galle,GAL_11,Sinhala,Max 40GB,40,1759,26,0.0,0,plan_too_small,roamer,0,0.05,0
HUT102550,Trincomalee,TRI_12,Sinhala,Value 15GB,15,973,47,0.0,0,network,commuter,0,0.05,1
HUT102551,Colombo,COL_06,Tamil,Unlimited,100,3531,13,753.0,0,bill_shock,roamer,0,0.05,1
HUT102552,Gampaha,GAM_11,English,Lite 5GB,5,463,25,0.0,0,healthy,commuter,1,0.552,1
HUT102553,Colombo,COL_10,Tamil,Max 40GB,40,2113,25,0.0,0,healthy,commuter,0,0.05,0
HUT102554,Ratnapura,RAT_04,Sinhala,Lite 5GB,5,562,3,0.0,0,healthy,static,0,0.05,0
HUT102555,Kurunegala,KUR_11,Sinhala,Lite 5GB,5,575,68,0.0,0,bored,static,1,0.552,1
HUT102556,Negombo,NEG_03,English,Lite 5GB,5,603,52,0.0,0,plan_too_big,static,0,0.552,0
HUT102557,Ratnapura,RAT_12,English,Unlimited,100,3820,35,0.0,1,network,static,0,0.05,0
HUT102558,Batticaloa,BAT_12,Tamil,Max 40GB,40,2295,41,0.0,0,plan_too_small,commuter,0,0.05,0
HUT102559,Galle,GAL_12,English,Unlimited,100,3103,59,0.0,0,healthy,commuter,0,0.05,0
HUT102560,Kandy,KAN_09,English,Value 15GB,15,1045,28,0.0,0,healthy,commuter,1,0.552,0
HUT102561,Kandy,KAN_11,Sinhala,Lite 5GB,5,510,72,0.0,0,traveller,roamer,0,0.552,0
HUT102562,Trincomalee,TRI_11,Sinhala,Max 40GB,40,1936,63,0.0,0,bored,static,0,0.05,0
HUT102563,Trincomalee,TRI_08,Sinhala,Value 15GB,15,1126,6,0.0,0,bored,commuter,0,0.05,1
HUT102564,Gampaha,GAM_12,English,Value 15GB,15,1061,34,0.0,0,plan_too_small,static,1,0.552,0
HUT102565,Trincomalee,TRI_12,English,Lite 5GB,5,603,34,0.0,0,plan_too_small,commuter,0,0.05,0
HUT102566,Negombo,NEG_01,Sinhala,Value 15GB,15,1006,41,0.0,0,traveller,static,0,0.552,0
HUT102567,Gampaha,GAM_03,Sinhala,Max 40GB,40,1845,60,0.0,0,plan_too_small,commuter,0,0.552,0
HUT102568,Batticaloa,BAT_12,Tamil,Max 40GB,40,2123,65,0.0,0,healthy,static,1,0.05,0
HUT102569,Colombo,COL_02,English,Lite 5GB,5,620,57,0.0,0,bored,static,0,0.05,0
HUT102570,Jaffna,JAF_07,Tamil,Unlimited,100,3067,27,0.0,0,healthy,commuter,0,0.05,0
HUT102571,Batticaloa,BAT_03,Tamil,Lite 5GB,5,516,38,0.0,0,healthy,static,0,0.05,0
HUT102572,Kandy,KAN_01,English,Value 15GB,15,1228,29,478.0,1,bill_shock,commuter,0,0.552,0
HUT102573,Ratnapura,RAT_09,Sinhala,Unlimited,100,3033,68,0.0,0,traveller,commuter,0,0.05,0
HUT102574,Kandy,KAN_02,Sinhala,Lite 5GB,5,506,61,0.0,0,bored,static,1,0.552,1
HUT102575,Colombo,COL_02,English,Max 40GB,40,1702,33,0.0,0,healthy,commuter,1,0.05,0
HUT102576,Colombo,COL_01,Sinhala,Value 15GB,15,1059,17,380.0,1,bill_shock,static,0,0.05,1
HUT102577,Colombo,COL_06,English,Lite 5GB,5,564,40,562.0,1,bill_shock,static,0,0.05,1
HUT102578,Trincomalee,TRI_08,Sinhala,Value 15GB,15,1275,3,0.0,0,network,commuter,0,0.05,0
HUT102579,Colombo,COL_12,Sinhala,Value 15GB,15,1012,34,0.0,0,plan_too_small,commuter,0,0.05,0
HUT102580,Batticaloa,BAT_04,Tamil,Value 15GB,15,1087,43,0.0,0,plan_too_small,roamer,0,0.05,0
HUT102581,Anuradhapura,ANU_02,Sinhala,Value 15GB,15,1266,4,0.0,0,plan_too_big,commuter,0,0.05,0
HUT102582,Colombo,COL_10,Tamil,Value 15GB,15,1256,13,0.0,0,healthy,commuter,0,0.05,1
HUT102583,Matara,MAT_09,English,Value 15GB,15,1004,67,505.0,2,bill_shock,static,0,0.05,0
HUT102584,Ratnapura,RAT_12,Sinhala,Value 15GB,15,1104,49,0.0,0,healthy,commuter,0,0.05,0
HUT102585,Galle,GAL_08,Sinhala,Unlimited,100,2766,37,0.0,0,plan_too_big,static,0,0.05,0
HUT102586,Gampaha,GAM_04,Sinhala,Unlimited,100,3454,12,341.0,1,bill_shock,commuter,0,0.552,1
HUT102587,Galle,GAL_12,Sinhala,Lite 5GB,5,629,70,0.0,0,healthy,static,1,0.05,0
HUT102588,Ratnapura,RAT_11,English,Value 15GB,15,1092,15,0.0,0,traveller,commuter,0,0.05,0
HUT102589,Ratnapura,RAT_12,Sinhala,Max 40GB,40,1888,28,0.0,0,traveller,commuter,1,0.05,0
HUT102590,Anuradhapura,ANU_03,Sinhala,Lite 5GB,5,556,36,0.0,0,traveller,commuter,1,0.05,0
HUT102591,Galle,GAL_02,Sinhala,Unlimited,100,3253,34,0.0,0,plan_too_big,static,0,0.05,0
HUT102592,Trincomalee,TRI_10,Tamil,Value 15GB,15,961,4,0.0,0,plan_too_small,static,0,0.05,0
HUT102593,Kurunegala,KUR_02,Sinhala,Lite 5GB,5,455,44,0.0,0,bored,commuter,0,0.552,0
HUT102594,Batticaloa,BAT_06,Tamil,Lite 5GB,5,508,38,0.0,0,traveller,static,0,0.05,0
HUT102595,Negombo,NEG_01,English,Lite 5GB,5,591,58,0.0,1,network,commuter,1,0.552,1
HUT102596,Negombo,NEG_06,Sinhala,Max 40GB,40,1708,62,0.0,0,healthy,static,1,0.552,0
HUT102597,Negombo,NEG_09,English,Lite 5GB,5,451,65,0.0,0,plan_too_small,static,0,0.552,0
HUT102598,Gampaha,GAM_10,Sinhala,Max 40GB,40,2140,66,0.0,0,plan_too_small,static,0,0.552,0
HUT102599,Trincomalee,TRI_02,English,Lite 5GB,5,457,9,0.0,0,plan_too_big,commuter,0,0.05,0
HUT102600,Trincomalee,TRI_11,English,Value 15GB,15,980,24,0.0,0,healthy,commuter,0,0.05,0
HUT102601,Negombo,NEG_01,Sinhala,Value 15GB,15,1064,35,0.0,0,network,static,0,0.552,0
HUT102602,Anuradhapura,ANU_06,English,Lite 5GB,5,588,72,198.0,0,bill_shock,commuter,0,0.05,0
HUT102603,Colombo,COL_04,Tamil,Max 40GB,40,2183,62,0.0,0,network,static,0,0.05,0
HUT102604,Kandy,KAN_07,English,Max 40GB,40,2160,30,0.0,0,traveller,commuter,0,0.552,0
HUT102605,Negombo,NEG_10,Sinhala,Max 40GB,40,1822,30,0.0,0,healthy,roamer,0,0.552,0
HUT102606,Trincomalee,TRI_07,Sinhala,Lite 5GB,5,517,54,0.0,0,healthy,static,1,0.05,0
HUT102607,Gampaha,GAM_02,Sinhala,Lite 5GB,5,614,42,0.0,0,healthy,commuter,0,0.552,0
HUT102608,Jaffna,JAF_04,English,Value 15GB,15,983,25,0.0,0,bored,commuter,0,0.05,0
HUT102609,Gampaha,GAM_02,English,Unlimited,100,2847,4,0.0,0,network,commuter,1,0.552,1
HUT102610,Kandy,KAN_07,English,Value 15GB,15,1107,15,0.0,0,healthy,static,1,0.552,1
HUT102611,Colombo,COL_03,Sinhala,Max 40GB,40,1880,63,0.0,0,bored,commuter,0,0.05,1
HUT102612,Jaffna,JAF_08,English,Max 40GB,40,2042,30,0.0,0,traveller,commuter,0,0.05,0
HUT102613,Kandy,KAN_02,English,Value 15GB,15,1230,12,0.0,0,traveller,commuter,0,0.552,0
HUT102614,Gampaha,GAM_06,Sinhala,Value 15GB,15,1032,26,0.0,0,bored,static,0,0.552,0
HUT102615,Negombo,NEG_07,Sinhala,Value 15GB,15,996,32,0.0,0,bored,static,1,0.552,1
HUT102616,Ratnapura,RAT_12,Sinhala,Lite 5GB,5,470,47,0.0,0,healthy,static,0,0.05,0
HUT102617,Colombo,COL_10,Tamil,Value 15GB,15,1156,30,0.0,0,network,static,1,0.05,1
HUT102618,Jaffna,JAF_10,Tamil,Value 15GB,15,1281,49,0.0,1,network,commuter,0,0.05,1
HUT102619,Matara,MAT_04,Sinhala,Value 15GB,15,1199,68,0.0,0,healthy,roamer,0,0.05,0
HUT102620,Gampaha,GAM_06,Sinhala,Value 15GB,15,1182,19,0.0,0,bored,commuter,1,0.552,1
HUT102621,Colombo,COL_08,Tamil,Value 15GB,15,1044,54,0.0,0,traveller,static,0,0.05,0
HUT102622,Kurunegala,KUR_10,Sinhala,Value 15GB,15,914,52,464.0,1,bill_shock,static,0,0.552,0
HUT102623,Negombo,NEG_01,English,Lite 5GB,5,479,44,0.0,1,network,commuter,0,0.552,1
HUT102624,Trincomalee,TRI_03,English,Max 40GB,40,1851,34,0.0,0,plan_too_small,commuter,0,0.05,0
HUT102625,Negombo,NEG_08,Sinhala,Max 40GB,40,2218,57,0.0,0,network,static,0,0.552,0
HUT102626,Batticaloa,BAT_04,English,Max 40GB,40,1858,39,0.0,0,plan_too_small,commuter,0,0.05,0
HUT102627,Matara,MAT_02,English,Lite 5GB,5,594,44,0.0,1,network,commuter,0,0.05,0
HUT102628,Trincomalee,TRI_08,Sinhala,Max 40GB,40,2152,13,0.0,0,network,commuter,1,0.05,0
HUT102629,Galle,GAL_12,English,Value 15GB,15,1104,51,0.0,0,healthy,commuter,1,0.05,0
HUT102630,Ratnapura,RAT_12,Sinhala,Lite 5GB,5,573,70,0.0,0,healthy,static,0,0.05,0
HUT102631,Trincomalee,TRI_08,English,Lite 5GB,5,563,15,0.0,0,network,static,1,0.05,0
HUT102632,Kurunegala,KUR_09,English,Value 15GB,15,946,32,378.0,0,bill_shock,commuter,0,0.552,1
HUT102633,Jaffna,JAF_05,Tamil,Max 40GB,40,2174,60,0.0,0,plan_too_big,static,0,0.05,0
HUT102634,Trincomalee,TRI_09,Sinhala,Lite 5GB,5,567,70,0.0,0,healthy,commuter,0,0.05,1
HUT102635,Galle,GAL_12,Sinhala,Value 15GB,15,1121,33,684.0,2,bill_shock,static,1,0.05,0
HUT102636,Galle,GAL_11,Sinhala,Lite 5GB,5,496,52,0.0,0,plan_too_small,static,1,0.05,0
HUT102637,Kurunegala,KUR_04,Sinhala,Value 15GB,15,1240,61,0.0,0,traveller,static,0,0.552,0
HUT102638,Anuradhapura,ANU_01,Sinhala,Value 15GB,15,969,10,0.0,0,healthy,roamer,0,0.05,0
HUT102639,Anuradhapura,ANU_06,Sinhala,Value 15GB,15,1195,34,441.0,0,bill_shock,commuter,0,0.05,0
HUT102640,Negombo,NEG_02,Sinhala,Lite 5GB,5,599,32,0.0,0,healthy,commuter,0,0.552,0
HUT102641,Matara,MAT_05,Sinhala,Unlimited,100,2896,54,0.0,0,healthy,commuter,1,0.05,0
HUT102642,Kandy,KAN_05,Sinhala,Lite 5GB,5,614,39,308.0,1,bill_shock,commuter,0,0.552,1
HUT102643,Ratnapura,RAT_05,Sinhala,Value 15GB,15,1161,42,0.0,0,healthy,roamer,1,0.05,0
HUT102644,Trincomalee,TRI_08,English,Value 15GB,15,1003,22,0.0,0,traveller,static,0,0.05,0
HUT102645,Matara,MAT_08,Sinhala,Unlimited,100,3280,11,0.0,0,bored,static,1,0.05,0
HUT102646,Negombo,NEG_10,English,Lite 5GB,5,599,46,508.0,1,bill_shock,commuter,1,0.552,0
HUT102647,Kurunegala,KUR_10,English,Value 15GB,15,1256,42,0.0,0,healthy,static,1,0.552,0
HUT102648,Gampaha,GAM_08,Sinhala,Max 40GB,40,1776,33,0.0,0,healthy,static,0,0.552,0
HUT102649,Trincomalee,TRI_07,Sinhala,Lite 5GB,5,451,40,0.0,0,healthy,static,1,0.05,0
HUT102650,Jaffna,JAF_06,Tamil,Value 15GB,15,1085,53,0.0,2,network,commuter,1,0.05,0
HUT102651,Kandy,KAN_07,Sinhala,Unlimited,100,3672,58,0.0,0,healthy,commuter,0,0.552,0
HUT102652,Galle,GAL_01,Sinhala,Max 40GB,40,2010,15,0.0,0,healthy,static,0,0.05,0
HUT102653,Ratnapura,RAT_07,English,Unlimited,100,3261,69,0.0,0,healthy,commuter,0,0.05,0
HUT102654,Colombo,COL_02,English,Max 40GB,40,1758,33,0.0,0,traveller,commuter,1,0.05,0
HUT102655,Kandy,KAN_11,Sinhala,Lite 5GB,5,599,51,673.0,0,bill_shock,commuter,0,0.552,0
HUT102656,Batticaloa,BAT_03,Tamil,Value 15GB,15,1260,21,0.0,0,traveller,commuter,1,0.05,0
HUT102657,Gampaha,GAM_05,English,Lite 5GB,5,554,25,0.0,0,healthy,commuter,0,0.552,0
HUT102658,Kurunegala,KUR_12,English,Lite 5GB,5,597,67,0.0,0,healthy,commuter,0,0.552,0
HUT102659,Gampaha,GAM_02,Sinhala,Value 15GB,15,1226,26,0.0,0,network,commuter,1,0.552,1
HUT102660,Jaffna,JAF_04,Tamil,Max 40GB,40,2288,7,0.0,0,plan_too_big,commuter,0,0.05,1
HUT102661,Gampaha,GAM_04,Sinhala,Lite 5GB,5,485,33,874.0,0,bill_shock,commuter,0,0.552,1
HUT102662,Trincomalee,TRI_06,Sinhala,Max 40GB,40,1819,43,0.0,0,bored,commuter,1,0.05,0
HUT102663,Trincomalee,TRI_06,Sinhala,Value 15GB,15,1084,49,0.0,0,healthy,static,0,0.05,0
HUT102664,Kurunegala,KUR_05,Sinhala,Lite 5GB,5,517,66,0.0,0,bored,commuter,0,0.552,0
HUT102665,Matara,MAT_03,Sinhala,Lite 5GB,5,523,44,0.0,0,healthy,roamer,0,0.05,1
HUT102666,Kurunegala,KUR_04,Sinhala,Lite 5GB,5,503,49,0.0,0,healthy,static,0,0.552,0
HUT102667,Colombo,COL_12,Tamil,Value 15GB,15,968,60,0.0,0,plan_too_small,commuter,1,0.05,0
HUT102668,Ratnapura,RAT_08,Sinhala,Value 15GB,15,1176,44,229.0,0,bill_shock,roamer,0,0.05,0
HUT102669,Negombo,NEG_06,Sinhala,Lite 5GB,5,493,14,0.0,0,healthy,static,0,0.552,0
HUT102670,Galle,GAL_12,English,Max 40GB,40,2023,8,0.0,0,plan_too_big,commuter,1,0.05,0
HUT102671,Matara,MAT_04,English,Value 15GB,15,932,63,0.0,0,healthy,commuter,0,0.05,0
HUT102672,Anuradhapura,ANU_01,Sinhala,Value 15GB,15,1242,39,0.0,0,healthy,static,0,0.05,0
HUT102673,Kurunegala,KUR_01,English,Lite 5GB,5,622,54,689.0,1,bill_shock,commuter,1,0.552,1
HUT102674,Galle,GAL_06,Sinhala,Unlimited,100,3867,59,0.0,0,healthy,commuter,0,0.05,0
HUT102675,Trincomalee,TRI_04,Tamil,Lite 5GB,5,598,12,0.0,0,bored,static,1,0.05,1
HUT102676,Negombo,NEG_06,Sinhala,Lite 5GB,5,511,3,0.0,0,traveller,static,0,0.552,0
HUT102677,Ratnapura,RAT_03,Sinhala,Lite 5GB,5,604,35,0.0,0,plan_too_big,commuter,0,0.05,0
HUT102678,Kandy,KAN_04,Sinhala,Lite 5GB,5,539,23,0.0,0,bored,commuter,0,0.552,0
HUT102679,Colombo,COL_02,English,Value 15GB,15,931,31,0.0,0,traveller,roamer,0,0.05,0
HUT102680,Anuradhapura,ANU_08,English,Value 15GB,15,962,20,0.0,0,healthy,commuter,0,0.05,0
HUT102681,Kandy,KAN_09,Sinhala,Value 15GB,15,1270,58,0.0,0,healthy,commuter,0,0.552,0
HUT102682,Jaffna,JAF_08,Tamil,Max 40GB,40,2319,9,0.0,0,healthy,static,1,0.05,0
HUT102683,Kurunegala,KUR_04,English,Lite 5GB,5,509,11,0.0,0,healthy,static,0,0.552,0
HUT102684,Jaffna,JAF_10,English,Value 15GB,15,995,9,0.0,0,network,commuter,0,0.05,1
HUT102685,Trincomalee,TRI_12,Tamil,Max 40GB,40,1817,21,0.0,2,network,static,1,0.05,1
HUT102686,Anuradhapura,ANU_02,Sinhala,Lite 5GB,5,578,55,0.0,0,healthy,static,0,0.05,0
HUT102687,Negombo,NEG_03,Sinhala,Unlimited,100,3266,71,0.0,0,healthy,roamer,0,0.552,0
HUT102688,Kandy,KAN_08,Sinhala,Lite 5GB,5,526,46,0.0,0,plan_too_big,static,0,0.552,0
HUT102689,Anuradhapura,ANU_02,Sinhala,Value 15GB,15,973,7,0.0,0,healthy,static,0,0.05,0
HUT102690,Kurunegala,KUR_12,Sinhala,Max 40GB,40,1984,6,0.0,0,plan_too_big,static,0,0.552,0
HUT102691,Jaffna,JAF_04,English,Unlimited,100,3606,22,0.0,0,traveller,static,1,0.05,0
HUT102692,Trincomalee,TRI_09,Sinhala,Max 40GB,40,1939,53,0.0,0,healthy,static,0,0.05,0
HUT102693,Anuradhapura,ANU_05,Sinhala,Lite 5GB,5,624,23,0.0,0,healthy,static,0,0.05,0
HUT102694,Anuradhapura,ANU_12,Sinhala,Lite 5GB,5,611,67,0.0,0,healthy,commuter,1,0.05,0
HUT102695,Kandy,KAN_10,English,Unlimited,100,3865,11,0.0,0,plan_too_big,commuter,0,0.552,1
HUT102696,Gampaha,GAM_04,English,Value 15GB,15,1124,23,0.0,1,network,static,1,0.552,1
HUT102697,Trincomalee,TRI_09,Sinhala,Value 15GB,15,1052,32,0.0,0,healthy,commuter,0,0.05,1
HUT102698,Batticaloa,BAT_02,Tamil,Lite 5GB,5,620,50,0.0,0,healthy,commuter,1,0.05,0
HUT102699,Trincomalee,TRI_11,Tamil,Lite 5GB,5,634,68,0.0,0,healthy,commuter,0,0.05,0
HUT102700,Galle,GAL_08,Sinhala,Max 40GB,40,2064,40,0.0,0,healthy,commuter,1,0.05,0
HUT102701,Negombo,NEG_05,English,Lite 5GB,5,565,55,0.0,0,bored,static,0,0.552,0
HUT102702,Colombo,COL_01,Sinhala,Max 40GB,40,1967,20,0.0,2,network,static,1,0.05,1
HUT102703,Kandy,KAN_06,Sinhala,Lite 5GB,5,636,9,0.0,0,healthy,commuter,0,0.552,0
HUT102704,Anuradhapura,ANU_06,Sinhala,Value 15GB,15,1210,8,0.0,0,healthy,commuter,0,0.05,0
HUT102705,Trincomalee,TRI_10,Tamil,Value 15GB,15,1138,45,0.0,0,healthy,roamer,1,0.05,0
HUT102706,Galle,GAL_06,Sinhala,Max 40GB,40,1700,66,0.0,0,traveller,static,0,0.05,1
HUT102707,Ratnapura,RAT_02,Sinhala,Unlimited,100,3214,32,0.0,0,healthy,commuter,0,0.05,0
HUT102708,Negombo,NEG_08,Sinhala,Value 15GB,15,1168,2,0.0,0,network,static,1,0.552,1
HUT102709,Trincomalee,TRI_05,English,Max 40GB,40,1968,8,0.0,0,healthy,static,0,0.05,0
HUT102710,Ratnapura,RAT_06,Sinhala,Max 40GB,40,2259,38,0.0,0,plan_too_small,static,0,0.05,0
HUT102711,Negombo,NEG_06,English,Max 40GB,40,2134,52,642.0,0,bill_shock,roamer,1,0.552,1
HUT102712,Kurunegala,KUR_11,English,Max 40GB,40,1978,44,0.0,0,healthy,commuter,0,0.552,0
HUT102713,Kandy,KAN_03,Sinhala,Unlimited,100,2863,65,0.0,0,plan_too_small,commuter,1,0.552,0
HUT102714,Gampaha,GAM_12,Sinhala,Lite 5GB,5,487,34,0.0,0,bored,commuter,0,0.552,1
HUT102715,Kurunegala,KUR_12,Sinhala,Lite 5GB,5,630,36,0.0,0,plan_too_big,static,1,0.552,0
HUT102716,Gampaha,GAM_09,English,Max 40GB,40,1739,38,0.0,0,healthy,static,0,0.552,0
HUT102717,Kandy,KAN_05,English,Lite 5GB,5,629,65,0.0,0,healthy,commuter,0,0.552,0
HUT102718,Galle,GAL_11,Sinhala,Unlimited,100,3053,48,0.0,0,healthy,static,0,0.05,1
HUT102719,Batticaloa,BAT_07,English,Unlimited,100,3216,41,0.0,0,healthy,commuter,0,0.05,0
HUT102720,Trincomalee,TRI_12,Sinhala,Lite 5GB,5,496,15,0.0,0,healthy,commuter,1,0.05,0
HUT102721,Matara,MAT_01,Sinhala,Lite 5GB,5,609,65,0.0,0,plan_too_small,commuter,0,0.05,0
HUT102722,Batticaloa,BAT_08,Tamil,Value 15GB,15,1282,5,0.0,0,healthy,static,0,0.05,0
HUT102723,Gampaha,GAM_12,English,Max 40GB,40,2110,52,0.0,1,network,roamer,0,0.552,0
HUT102724,Anuradhapura,ANU_01,English,Max 40GB,40,1817,70,0.0,0,healthy,commuter,1,0.05,0
HUT102725,Kandy,KAN_09,English,Value 15GB,15,1003,7,0.0,0,plan_too_small,commuter,1,0.552,0
HUT102726,Trincomalee,TRI_03,English,Unlimited,100,3580,2,0.0,0,traveller,commuter,0,0.05,0
HUT102727,Matara,MAT_03,English,Max 40GB,40,1678,42,0.0,0,traveller,commuter,0,0.05,0
HUT102728,Jaffna,JAF_04,English,Lite 5GB,5,474,68,868.0,0,bill_shock,commuter,1,0.05,0
HUT102729,Gampaha,GAM_11,English,Value 15GB,15,1027,30,0.0,0,network,static,1,0.552,1
HUT102730,Jaffna,JAF_09,Tamil,Lite 5GB,5,553,23,0.0,0,healthy,commuter,0,0.05,0
HUT102731,Gampaha,GAM_11,English,Max 40GB,40,1711,67,0.0,0,traveller,commuter,0,0.552,0
HUT102732,Galle,GAL_11,Sinhala,Value 15GB,15,1241,2,0.0,0,bored,commuter,0,0.05,0
HUT102733,Negombo,NEG_04,Sinhala,Unlimited,100,3792,36,0.0,0,healthy,roamer,0,0.552,0
HUT102734,Matara,MAT_08,English,Value 15GB,15,1104,12,388.0,0,bill_shock,commuter,1,0.05,0
HUT102735,Ratnapura,RAT_12,Sinhala,Value 15GB,15,1103,66,0.0,0,network,static,0,0.05,0
HUT102736,Jaffna,JAF_02,English,Max 40GB,40,1693,9,0.0,0,bored,commuter,0,0.05,1
HUT102737,Matara,MAT_05,English,Lite 5GB,5,522,72,0.0,0,traveller,commuter,1,0.05,0
HUT102738,Batticaloa,BAT_12,English,Lite 5GB,5,631,6,0.0,0,healthy,commuter,1,0.05,0
HUT102739,Matara,MAT_10,Sinhala,Max 40GB,40,1969,20,0.0,0,healthy,commuter,0,0.05,0
HUT102740,Gampaha,GAM_06,Sinhala,Max 40GB,40,2022,41,392.0,0,bill_shock,commuter,0,0.552,0
HUT102741,Kurunegala,KUR_05,Sinhala,Value 15GB,15,1013,56,529.0,0,bill_shock,commuter,0,0.552,0
HUT102742,Anuradhapura,ANU_01,Sinhala,Value 15GB,15,1167,28,0.0,0,plan_too_small,commuter,0,0.05,1
HUT102743,Negombo,NEG_05,Sinhala,Value 15GB,15,977,66,0.0,0,plan_too_small,static,1,0.552,0
HUT102744,Ratnapura,RAT_01,Sinhala,Lite 5GB,5,512,37,0.0,0,network,commuter,0,0.05,1
HUT102745,Negombo,NEG_01,Sinhala,Lite 5GB,5,538,48,0.0,0,plan_too_big,commuter,1,0.552,1
HUT102746,Galle,GAL_08,English,Max 40GB,40,1849,16,214.0,0,bill_shock,commuter,0,0.05,0
HUT102747,Jaffna,JAF_04,Tamil,Unlimited,100,3012,31,0.0,0,healthy,roamer,0,0.05,0
HUT102748,Colombo,COL_10,Sinhala,Max 40GB,40,1759,43,0.0,0,healthy,commuter,0,0.05,0
HUT102749,Batticaloa,BAT_09,English,Lite 5GB,5,505,28,0.0,0,traveller,static,0,0.05,0
HUT102750,Jaffna,JAF_12,Tamil,Lite 5GB,5,585,29,0.0,0,healthy,commuter,1,0.05,0
HUT102751,Ratnapura,RAT_01,English,Value 15GB,15,1228,35,0.0,0,traveller,commuter,0,0.05,0
HUT102752,Batticaloa,BAT_02,Tamil,Lite 5GB,5,567,10,521.0,1,bill_shock,commuter,1,0.05,0
HUT102753,Batticaloa,BAT_03,Tamil,Max 40GB,40,1733,7,0.0,0,healthy,static,1,0.05,0
HUT102754,Colombo,COL_01,English,Unlimited,100,3752,46,0.0,0,healthy,commuter,1,0.05,0
HUT102755,Kurunegala,KUR_12,Sinhala,Lite 5GB,5,504,10,0.0,0,healthy,static,0,0.552,0
HUT102756,Jaffna,JAF_06,Tamil,Unlimited,100,3153,35,0.0,0,healthy,static,1,0.05,0
HUT102757,Galle,GAL_10,Sinhala,Lite 5GB,5,567,67,0.0,0,healthy,commuter,0,0.05,0
HUT102758,Trincomalee,TRI_04,Sinhala,Value 15GB,15,1256,29,0.0,0,healthy,commuter,0,0.05,0
HUT102759,Ratnapura,RAT_02,Sinhala,Max 40GB,40,1678,29,0.0,0,bored,roamer,1,0.05,0
HUT102760,Kurunegala,KUR_01,Sinhala,Value 15GB,15,1260,5,0.0,0,traveller,roamer,0,0.552,0
HUT102761,Trincomalee,TRI_08,English,Value 15GB,15,1231,71,0.0,0,healthy,commuter,0,0.05,0
HUT102762,Trincomalee,TRI_01,Sinhala,Value 15GB,15,1256,2,0.0,0,healthy,static,0,0.05,0
HUT102763,Anuradhapura,ANU_09,Sinhala,Max 40GB,40,2049,20,0.0,0,healthy,commuter,0,0.05,0
HUT102764,Kurunegala,KUR_11,Sinhala,Value 15GB,15,1018,7,0.0,0,healthy,commuter,1,0.552,0
HUT102765,Kurunegala,KUR_01,Sinhala,Lite 5GB,5,571,20,0.0,0,healthy,commuter,1,0.552,0
HUT102766,Jaffna,JAF_11,English,Value 15GB,15,1169,47,0.0,0,healthy,commuter,1,0.05,0
HUT102767,Jaffna,JAF_06,English,Lite 5GB,5,527,63,0.0,3,network,commuter,0,0.05,0
HUT102768,Anuradhapura,ANU_12,English,Unlimited,100,3221,64,0.0,0,healthy,static,0,0.05,1
HUT102769,Kurunegala,KUR_07,Sinhala,Unlimited,100,2896,48,0.0,0,plan_too_big,commuter,0,0.552,0
HUT102770,Anuradhapura,ANU_10,Sinhala,Max 40GB,40,1747,11,0.0,0,bored,static,1,0.05,1
HUT102771,Gampaha,GAM_12,Sinhala,Value 15GB,15,985,22,0.0,0,plan_too_big,static,1,0.552,1
HUT102772,Galle,GAL_10,English,Max 40GB,40,2091,34,0.0,0,healthy,commuter,0,0.05,0
HUT102773,Batticaloa,BAT_01,Tamil,Lite 5GB,5,590,21,748.0,0,bill_shock,static,0,0.05,0
HUT102774,Jaffna,JAF_05,Tamil,Lite 5GB,5,582,30,0.0,2,network,commuter,0,0.05,0
HUT102775,Kandy,KAN_08,Sinhala,Value 15GB,15,1050,4,0.0,0,healthy,commuter,0,0.552,0
HUT102776,Trincomalee,TRI_12,Tamil,Lite 5GB,5,455,7,0.0,0,healthy,commuter,1,0.05,1
HUT102777,Matara,MAT_05,English,Value 15GB,15,1230,6,0.0,0,healthy,commuter,0,0.05,0
HUT102778,Matara,MAT_03,Sinhala,Value 15GB,15,978,40,0.0,0,healthy,static,0,0.05,0
HUT102779,Ratnapura,RAT_12,English,Lite 5GB,5,568,45,0.0,2,network,commuter,0,0.05,1
HUT102780,Ratnapura,RAT_12,English,Value 15GB,15,1138,50,0.0,0,network,commuter,0,0.05,0
HUT102781,Matara,MAT_07,Sinhala,Max 40GB,40,1682,29,0.0,0,bored,static,1,0.05,0
HUT102782,Kurunegala,KUR_03,English,Max 40GB,40,2265,6,0.0,0,traveller,static,0,0.552,0
HUT102783,Ratnapura,RAT_01,Sinhala,Value 15GB,15,1145,65,0.0,0,network,static,1,0.05,0
HUT102784,Jaffna,JAF_06,Tamil,Lite 5GB,5,542,72,0.0,2,network,static,1,0.05,1
HUT102785,Trincomalee,TRI_01,Tamil,Value 15GB,15,1050,24,0.0,0,healthy,commuter,1,0.05,0
HUT102786,Galle,GAL_11,Sinhala,Value 15GB,15,1250,17,0.0,0,bored,static,0,0.05,1
HUT102787,Trincomalee,TRI_01,English,Unlimited,100,2950,56,0.0,0,healthy,commuter,1,0.05,0
HUT102788,Galle,GAL_09,English,Lite 5GB,5,623,39,368.0,0,bill_shock,roamer,1,0.05,0
HUT102789,Gampaha,GAM_11,Sinhala,Value 15GB,15,1124,58,0.0,0,network,static,1,0.552,1
HUT102790,Anuradhapura,ANU_10,Sinhala,Max 40GB,40,2024,10,0.0,0,healthy,static,0,0.05,1
HUT102791,Gampaha,GAM_04,English,Value 15GB,15,1240,33,0.0,0,traveller,static,0,0.552,0
HUT102792,Ratnapura,RAT_01,Sinhala,Lite 5GB,5,579,6,0.0,0,network,roamer,1,0.05,1
HUT102793,Negombo,NEG_11,Sinhala,Value 15GB,15,1033,61,0.0,0,healthy,commuter,0,0.552,0
HUT102794,Batticaloa,BAT_05,Tamil,Unlimited,100,2829,18,0.0,0,healthy,commuter,0,0.05,0
HUT102795,Ratnapura,RAT_11,Sinhala,Value 15GB,15,951,63,0.0,0,traveller,commuter,0,0.05,0
HUT102796,Batticaloa,BAT_09,Tamil,Unlimited,100,2838,20,0.0,0,plan_too_big,static,0,0.05,0
HUT102797,Anuradhapura,ANU_09,English,Unlimited,100,3886,30,486.0,1,bill_shock,commuter,0,0.05,0
HUT102798,Jaffna,JAF_03,Tamil,Lite 5GB,5,584,23,0.0,0,plan_too_big,commuter,1,0.05,0
HUT102799,Kandy,KAN_04,English,Unlimited,100,3204,24,0.0,0,healthy,commuter,1,0.552,0
HUT102800,Matara,MAT_10,Sinhala,Lite 5GB,5,620,28,0.0,0,healthy,commuter,0,0.05,0
HUT102801,Gampaha,GAM_06,Sinhala,Lite 5GB,5,568,52,0.0,0,healthy,commuter,1,0.552,0
HUT102802,Trincomalee,TRI_02,English,Lite 5GB,5,628,71,0.0,0,healthy,commuter,1,0.05,0
HUT102803,Batticaloa,BAT_04,Tamil,Max 40GB,40,1781,11,0.0,0,healthy,commuter,0,0.05,1
HUT102804,Galle,GAL_01,Sinhala,Lite 5GB,5,469,49,0.0,0,healthy,static,0,0.05,0
HUT102805,Anuradhapura,ANU_05,Sinhala,Max 40GB,40,2010,45,0.0,0,healthy,commuter,0,0.05,0
HUT102806,Jaffna,JAF_08,English,Lite 5GB,5,586,29,0.0,0,healthy,commuter,1,0.05,0
HUT102807,Trincomalee,TRI_01,Sinhala,Unlimited,100,3006,31,0.0,0,traveller,commuter,0,0.05,0
HUT102808,Ratnapura,RAT_12,Sinhala,Lite 5GB,5,507,39,0.0,0,plan_too_small,commuter,0,0.05,0
HUT102809,Gampaha,GAM_02,English,Lite 5GB,5,497,66,0.0,1,network,commuter,0,0.552,0
HUT102810,Matara,MAT_01,Sinhala,Unlimited,100,3080,26,0.0,0,plan_too_small,static,0,0.05,1
HUT102811,Colombo,COL_02,Tamil,Value 15GB,15,1126,60,0.0,0,healthy,static,0,0.05,0
HUT102812,Jaffna,JAF_12,Tamil,Lite 5GB,5,509,5,0.0,0,traveller,commuter,0,0.05,0
HUT102813,Trincomalee,TRI_09,Tamil,Lite 5GB,5,537,40,0.0,0,healthy,commuter,0,0.05,0
HUT102814,Batticaloa,BAT_04,Tamil,Lite 5GB,5,629,66,0.0,0,healthy,commuter,0,0.05,0
HUT102815,Jaffna,JAF_06,Tamil,Value 15GB,15,1091,70,0.0,3,network,static,0,0.05,0
HUT102816,Batticaloa,BAT_10,English,Value 15GB,15,1272,18,0.0,0,bored,commuter,0,0.05,1
HUT102817,Kurunegala,KUR_11,Sinhala,Lite 5GB,5,545,26,0.0,0,healthy,static,0,0.552,0
HUT102818,Trincomalee,TRI_02,English,Value 15GB,15,1171,7,0.0,0,traveller,commuter,1,0.05,0
HUT102819,Jaffna,JAF_05,Tamil,Unlimited,100,3522,59,0.0,0,network,static,0,0.05,1
HUT102820,Colombo,COL_11,English,Value 15GB,15,970,25,0.0,0,healthy,roamer,0,0.05,0
HUT102821,Negombo,NEG_01,Sinhala,Max 40GB,40,2015,70,0.0,2,network,commuter,1,0.552,1
HUT102822,Batticaloa,BAT_10,English,Unlimited,100,3241,25,0.0,0,traveller,commuter,0,0.05,0
HUT102823,Jaffna,JAF_04,Tamil,Lite 5GB,5,480,2,0.0,0,bored,static,0,0.05,0
HUT102824,Kurunegala,KUR_07,Sinhala,Value 15GB,15,1155,58,0.0,0,healthy,static,1,0.552,0
HUT102825,Colombo,COL_01,English,Max 40GB,40,2266,21,0.0,1,network,commuter,0,0.05,1
HUT102826,Galle,GAL_09,Sinhala,Lite 5GB,5,525,9,0.0,0,healthy,roamer,0,0.05,0
HUT102827,Colombo,COL_08,Tamil,Unlimited,100,3746,33,0.0,0,healthy,static,0,0.05,0
HUT102828,Trincomalee,TRI_02,Sinhala,Lite 5GB,5,464,32,0.0,0,healthy,commuter,0,0.05,0
HUT102829,Kandy,KAN_07,English,Value 15GB,15,1154,16,0.0,0,plan_too_big,static,0,0.552,0
HUT102830,Trincomalee,TRI_09,English,Lite 5GB,5,569,21,0.0,1,network,commuter,0,0.05,1
HUT102831,Anuradhapura,ANU_08,Sinhala,Unlimited,100,3114,32,0.0,0,plan_too_small,commuter,0,0.05,0
HUT102832,Jaffna,JAF_06,Tamil,Value 15GB,15,921,19,0.0,0,healthy,commuter,0,0.05,0
HUT102833,Ratnapura,RAT_10,Sinhala,Unlimited,100,3695,56,0.0,0,bored,commuter,1,0.05,0
HUT102834,Anuradhapura,ANU_08,Sinhala,Max 40GB,40,1846,9,0.0,0,traveller,commuter,0,0.05,0
HUT102835,Kurunegala,KUR_10,Sinhala,Value 15GB,15,1112,38,0.0,0,plan_too_small,static,1,0.552,1
HUT102836,Galle,GAL_08,Sinhala,Max 40GB,40,1727,18,0.0,0,plan_too_big,commuter,0,0.05,0
HUT102837,Gampaha,GAM_11,English,Lite 5GB,5,621,44,0.0,1,network,static,1,0.552,0
HUT102838,Negombo,NEG_07,Sinhala,Value 15GB,15,988,7,0.0,0,healthy,static,0,0.552,0
HUT102839,Matara,MAT_09,Sinhala,Value 15GB,15,1268,69,0.0,0,plan_too_big,commuter,1,0.05,0
HUT102840,Gampaha,GAM_11,Sinhala,Max 40GB,40,2099,67,0.0,0,healthy,roamer,0,0.552,0
HUT102841,Anuradhapura,ANU_06,Sinhala,Value 15GB,15,1197,51,0.0,0,healthy,roamer,1,0.05,0
HUT102842,Gampaha,GAM_12,Sinhala,Lite 5GB,5,515,61,0.0,0,plan_too_big,static,0,0.552,1
HUT102843,Gampaha,GAM_02,English,Value 15GB,15,1256,18,221.0,0,bill_shock,commuter,0,0.552,1
HUT102844,Trincomalee,TRI_05,Tamil,Max 40GB,40,1701,6,0.0,0,plan_too_big,static,0,0.05,0
HUT102845,Negombo,NEG_01,Sinhala,Lite 5GB,5,561,63,0.0,2,network,roamer,1,0.552,0
HUT102846,Colombo,COL_12,Sinhala,Value 15GB,15,1224,51,0.0,0,plan_too_big,roamer,0,0.05,0
HUT102847,Colombo,COL_11,Sinhala,Value 15GB,15,1219,2,0.0,0,healthy,commuter,1,0.05,0
HUT102848,Negombo,NEG_03,Sinhala,Lite 5GB,5,486,9,205.0,1,bill_shock,commuter,0,0.552,0
HUT102849,Trincomalee,TRI_09,English,Value 15GB,15,1123,30,0.0,0,traveller,commuter,0,0.05,0
HUT102850,Jaffna,JAF_06,English,Lite 5GB,5,543,33,0.0,3,network,roamer,0,0.05,1
HUT102851,Galle,GAL_02,Sinhala,Lite 5GB,5,515,24,0.0,0,healthy,static,0,0.05,0
HUT102852,Colombo,COL_02,Tamil,Lite 5GB,5,457,10,0.0,0,healthy,static,0,0.05,0
HUT102853,Gampaha,GAM_10,Sinhala,Max 40GB,40,2143,29,0.0,0,healthy,static,0,0.552,0
HUT102854,Ratnapura,RAT_04,English,Max 40GB,40,2254,57,0.0,0,healthy,roamer,0,0.05,0
HUT102855,Negombo,NEG_05,English,Max 40GB,40,1983,17,450.0,1,bill_shock,commuter,0,0.552,0
HUT102856,Kandy,KAN_10,Sinhala,Max 40GB,40,2173,29,0.0,0,network,static,0,0.552,1
HUT102857,Matara,MAT_06,Sinhala,Value 15GB,15,1123,50,0.0,0,healthy,static,0,0.05,0
HUT102858,Galle,GAL_06,Sinhala,Value 15GB,15,1120,54,0.0,0,healthy,commuter,0,0.05,0
HUT102859,Negombo,NEG_11,English,Value 15GB,15,958,54,0.0,0,healthy,commuter,1,0.552,0
HUT102860,Gampaha,GAM_01,Sinhala,Max 40GB,40,1649,28,0.0,0,healthy,commuter,0,0.552,0
HUT102861,Gampaha,GAM_11,Sinhala,Value 15GB,15,958,20,0.0,0,network,static,0,0.552,1
HUT102862,Kandy,KAN_06,Sinhala,Lite 5GB,5,615,64,0.0,0,healthy,commuter,0,0.552,0
HUT102863,Trincomalee,TRI_11,Tamil,Max 40GB,40,1670,66,0.0,0,bored,commuter,0,0.05,0
HUT102864,Galle,GAL_04,English,Value 15GB,15,998,6,0.0,0,healthy,static,0,0.05,0
HUT102865,Ratnapura,RAT_08,Sinhala,Value 15GB,15,1193,12,0.0,0,plan_too_big,commuter,0,0.05,0
HUT102866,Galle,GAL_08,Sinhala,Max 40GB,40,1668,48,0.0,0,plan_too_big,commuter,0,0.05,0
HUT102867,Kandy,KAN_01,Sinhala,Value 15GB,15,1210,62,0.0,0,bored,static,0,0.552,0
HUT102868,Colombo,COL_05,Sinhala,Lite 5GB,5,486,31,0.0,0,healthy,commuter,0,0.05,0
HUT102869,Jaffna,JAF_12,Tamil,Max 40GB,40,2175,63,488.0,2,bill_shock,static,0,0.05,0
HUT102870,Matara,MAT_04,English,Unlimited,100,3261,40,0.0,0,plan_too_big,roamer,0,0.05,0
HUT102871,Kandy,KAN_04,Sinhala,Value 15GB,15,1268,7,0.0,0,plan_too_big,static,0,0.552,0
HUT102872,Galle,GAL_04,Sinhala,Lite 5GB,5,595,35,0.0,0,healthy,commuter,1,0.05,0
HUT102873,Jaffna,JAF_01,Tamil,Value 15GB,15,1067,66,0.0,0,bored,commuter,1,0.05,0
HUT102874,Negombo,NEG_05,Sinhala,Value 15GB,15,1125,10,0.0,0,plan_too_big,commuter,0,0.552,0
HUT102875,Trincomalee,TRI_03,English,Value 15GB,15,1077,52,0.0,0,plan_too_small,static,0,0.05,0
HUT102876,Kurunegala,KUR_11,Sinhala,Lite 5GB,5,595,55,0.0,0,traveller,commuter,0,0.552,0
HUT102877,Gampaha,GAM_11,English,Max 40GB,40,2124,4,0.0,0,network,commuter,0,0.552,1
HUT102878,Jaffna,JAF_05,Tamil,Max 40GB,40,1675,49,0.0,2,network,static,1,0.05,1
HUT102879,Negombo,NEG_09,Sinhala,Unlimited,100,2836,61,0.0,0,healthy,commuter,1,0.552,0
HUT102880,Matara,MAT_10,Sinhala,Max 40GB,40,1958,9,0.0,0,healthy,commuter,1,0.05,0
HUT102881,Batticaloa,BAT_12,Tamil,Max 40GB,40,2072,15,0.0,0,healthy,commuter,0,0.05,0
HUT102882,Trincomalee,TRI_03,Sinhala,Value 15GB,15,1218,42,0.0,0,traveller,static,0,0.05,0
HUT102883,Gampaha,GAM_11,Sinhala,Value 15GB,15,1182,62,0.0,0,traveller,static,1,0.552,0
HUT102884,Ratnapura,RAT_08,Sinhala,Value 15GB,15,1125,30,0.0,0,traveller,roamer,1,0.05,0
HUT102885,Trincomalee,TRI_01,English,Lite 5GB,5,503,36,0.0,0,healthy,static,1,0.05,0
HUT102886,Batticaloa,BAT_02,English,Value 15GB,15,1095,42,0.0,0,bored,static,1,0.05,0
HUT102887,Matara,MAT_08,English,Unlimited,100,3267,6,0.0,0,plan_too_big,commuter,0,0.05,0
HUT102888,Gampaha,GAM_08,Sinhala,Value 15GB,15,929,37,754.0,0,bill_shock,commuter,1,0.552,1
HUT102889,Jaffna,JAF_09,Tamil,Max 40GB,40,1675,10,0.0,0,healthy,commuter,0,0.05,0
HUT102890,Negombo,NEG_03,Sinhala,Max 40GB,40,1690,48,0.0,0,healthy,commuter,0,0.552,0
HUT102891,Matara,MAT_05,English,Unlimited,100,3765,7,585.0,0,bill_shock,commuter,0,0.05,0
HUT102892,Colombo,COL_08,English,Lite 5GB,5,542,52,0.0,0,plan_too_big,roamer,1,0.05,0
HUT102893,Matara,MAT_02,Sinhala,Unlimited,100,3556,7,0.0,3,network,static,1,0.05,1
HUT102894,Gampaha,GAM_11,English,Max 40GB,40,1963,5,0.0,0,network,commuter,1,0.552,1
HUT102895,Batticaloa,BAT_07,English,Value 15GB,15,1054,18,0.0,0,healthy,static,1,0.05,0
HUT102896,Kandy,KAN_03,Sinhala,Lite 5GB,5,619,26,0.0,0,healthy,commuter,0,0.552,0
HUT102897,Colombo,COL_08,English,Max 40GB,40,2267,70,0.0,0,traveller,static,0,0.05,0
HUT102898,Jaffna,JAF_06,Tamil,Value 15GB,15,917,43,0.0,1,network,roamer,1,0.05,1
HUT102899,Batticaloa,BAT_03,Tamil,Lite 5GB,5,589,35,0.0,0,healthy,commuter,0,0.05,0
HUT102900,Colombo,COL_01,English,Unlimited,100,3502,50,637.0,0,bill_shock,commuter,1,0.05,0
HUT102901,Batticaloa,BAT_05,Tamil,Unlimited,100,2789,49,0.0,0,healthy,commuter,0,0.05,0
HUT102902,Trincomalee,TRI_02,English,Value 15GB,15,1026,48,0.0,0,healthy,roamer,0,0.05,0
HUT102903,Kandy,KAN_12,English,Value 15GB,15,1105,67,0.0,0,bored,commuter,0,0.552,0
HUT102904,Kurunegala,KUR_11,Sinhala,Value 15GB,15,925,65,0.0,0,healthy,commuter,1,0.552,0
HUT102905,Gampaha,GAM_12,English,Lite 5GB,5,506,38,819.0,0,bill_shock,static,1,0.552,1
HUT102906,Jaffna,JAF_02,Tamil,Lite 5GB,5,553,59,0.0,0,bored,static,1,0.05,0
HUT102907,Negombo,NEG_06,Sinhala,Max 40GB,40,2187,36,0.0,0,plan_too_small,roamer,0,0.552,0
HUT102908,Jaffna,JAF_06,Tamil,Lite 5GB,5,484,49,0.0,0,bored,commuter,1,0.05,1
HUT102909,Galle,GAL_03,Sinhala,Unlimited,100,2914,19,0.0,0,bored,commuter,0,0.05,1
HUT102910,Trincomalee,TRI_11,English,Value 15GB,15,1244,71,0.0,0,healthy,commuter,0,0.05,0
HUT102911,Galle,GAL_12,English,Max 40GB,40,1761,66,0.0,0,healthy,static,1,0.05,0
HUT102912,Anuradhapura,ANU_10,English,Max 40GB,40,2240,22,0.0,0,healthy,commuter,0,0.05,0
HUT102913,Trincomalee,TRI_10,Sinhala,Lite 5GB,5,509,28,0.0,0,healthy,commuter,0,0.05,0
HUT102914,Kandy,KAN_10,Sinhala,Max 40GB,40,2273,27,0.0,0,network,commuter,0,0.552,1
HUT102915,Trincomalee,TRI_08,English,Unlimited,100,3129,39,0.0,0,healthy,static,0,0.05,0
HUT102916,Anuradhapura,ANU_12,Sinhala,Max 40GB,40,1708,66,0.0,0,healthy,static,0,0.05,0
HUT102917,Colombo,COL_06,Tamil,Max 40GB,40,2318,15,0.0,0,healthy,commuter,1,0.05,0
HUT102918,Jaffna,JAF_07,English,Max 40GB,40,1896,48,0.0,0,plan_too_small,commuter,1,0.05,0
HUT102919,Kandy,KAN_07,English,Max 40GB,40,1796,40,0.0,0,traveller,static,1,0.552,0
HUT102920,Trincomalee,TRI_07,Tamil,Value 15GB,15,912,39,0.0,0,plan_too_small,commuter,0,0.05,0
HUT102921,Negombo,NEG_11,English,Lite 5GB,5,554,8,846.0,0,bill_shock,roamer,1,0.552,1
HUT102922,Negombo,NEG_11,English,Unlimited,100,3580,6,0.0,0,healthy,commuter,0,0.552,0
HUT102923,Jaffna,JAF_09,English,Max 40GB,40,2194,36,0.0,0,healthy,commuter,0,0.05,0
HUT102924,Negombo,NEG_01,Sinhala,Max 40GB,40,1887,13,0.0,1,network,commuter,0,0.552,1
HUT102925,Ratnapura,RAT_02,Sinhala,Lite 5GB,5,489,60,0.0,0,plan_too_small,static,1,0.05,0
HUT102926,Galle,GAL_12,Sinhala,Max 40GB,40,2058,43,0.0,0,traveller,commuter,0,0.05,0
HUT102927,Galle,GAL_03,Sinhala,Value 15GB,15,934,67,0.0,0,healthy,commuter,0,0.05,0
HUT102928,Gampaha,GAM_09,Sinhala,Max 40GB,40,2277,43,0.0,0,bored,static,1,0.552,0
HUT102929,Jaffna,JAF_03,Tamil,Lite 5GB,5,591,33,0.0,0,traveller,commuter,1,0.05,0
HUT102930,Gampaha,GAM_07,English,Unlimited,100,3267,23,0.0,0,traveller,commuter,0,0.552,0
HUT102931,Batticaloa,BAT_02,Tamil,Lite 5GB,5,517,67,0.0,0,healthy,commuter,0,0.05,0
HUT102932,Anuradhapura,ANU_02,Sinhala,Unlimited,100,3232,3,0.0,3,network,commuter,0,0.05,1
HUT102933,Colombo,COL_07,Sinhala,Max 40GB,40,2111,25,0.0,0,healthy,roamer,1,0.05,0
HUT102934,Jaffna,JAF_04,English,Max 40GB,40,1980,63,0.0,0,healthy,static,0,0.05,0
HUT102935,Batticaloa,BAT_04,Tamil,Unlimited,100,3285,45,0.0,0,traveller,static,1,0.05,0
HUT102936,Galle,GAL_10,Sinhala,Max 40GB,40,1950,7,0.0,0,healthy,commuter,0,0.05,1
HUT102937,Kurunegala,KUR_08,English,Value 15GB,15,994,63,0.0,0,healthy,commuter,0,0.552,0
HUT102938,Kandy,KAN_02,Sinhala,Max 40GB,40,1976,8,0.0,0,healthy,commuter,1,0.552,0
HUT102939,Anuradhapura,ANU_01,English,Max 40GB,40,1729,40,0.0,0,healthy,static,0,0.05,0
HUT102940,Kandy,KAN_02,Sinhala,Value 15GB,15,998,33,0.0,0,healthy,commuter,1,0.552,1
HUT102941,Trincomalee,TRI_04,English,Lite 5GB,5,565,9,0.0,0,plan_too_small,commuter,1,0.05,0
HUT102942,Trincomalee,TRI_06,Tamil,Value 15GB,15,1120,37,0.0,0,bored,commuter,0,0.05,0
HUT102943,Jaffna,JAF_03,English,Value 15GB,15,1078,57,397.0,1,bill_shock,static,0,0.05,1
HUT102944,Negombo,NEG_07,English,Value 15GB,15,1074,23,0.0,0,plan_too_small,static,1,0.552,0
HUT102945,Anuradhapura,ANU_05,Sinhala,Max 40GB,40,1943,5,0.0,1,network,static,0,0.05,1
HUT102946,Trincomalee,TRI_07,Sinhala,Lite 5GB,5,629,42,0.0,0,plan_too_small,commuter,0,0.05,0
HUT102947,Kurunegala,KUR_09,Sinhala,Unlimited,100,3022,65,0.0,0,bored,static,0,0.552,0
HUT102948,Matara,MAT_08,Sinhala,Lite 5GB,5,615,11,0.0,0,traveller,commuter,1,0.05,0
HUT102949,Jaffna,JAF_06,Tamil,Lite 5GB,5,554,9,0.0,2,network,commuter,1,0.05,1
HUT102950,Colombo,COL_06,English,Unlimited,100,3068,38,0.0,0,healthy,commuter,1,0.05,0
HUT102951,Trincomalee,TRI_03,English,Lite 5GB,5,475,38,0.0,0,healthy,commuter,0,0.05,0
HUT102952,Negombo,NEG_09,Sinhala,Lite 5GB,5,507,17,0.0,0,traveller,roamer,0,0.552,0
HUT102953,Matara,MAT_05,English,Unlimited,100,3094,68,0.0,0,healthy,commuter,0,0.05,0
HUT102954,Gampaha,GAM_12,English,Lite 5GB,5,510,14,852.0,0,bill_shock,static,1,0.552,1
HUT102955,Batticaloa,BAT_02,Tamil,Unlimited,100,2960,17,0.0,0,healthy,static,0,0.05,0
HUT102956,Trincomalee,TRI_09,English,Lite 5GB,5,582,33,0.0,0,plan_too_big,commuter,0,0.05,0
HUT102957,Colombo,COL_03,Tamil,Lite 5GB,5,514,37,0.0,0,healthy,commuter,0,0.05,0
HUT102958,Ratnapura,RAT_03,Sinhala,Value 15GB,15,1212,52,0.0,0,healthy,commuter,1,0.05,0
HUT102959,Jaffna,JAF_05,English,Unlimited,100,3307,60,0.0,0,healthy,commuter,1,0.05,0
HUT102960,Ratnapura,RAT_11,English,Max 40GB,40,1768,59,0.0,0,traveller,roamer,0,0.05,0
HUT102961,Colombo,COL_08,Sinhala,Lite 5GB,5,588,17,0.0,0,bored,commuter,1,0.05,0
HUT102962,Kandy,KAN_11,Sinhala,Lite 5GB,5,612,52,0.0,0,healthy,roamer,0,0.552,0
HUT102963,Trincomalee,TRI_06,English,Lite 5GB,5,542,61,0.0,0,bored,commuter,0,0.05,0
HUT102964,Negombo,NEG_07,Sinhala,Value 15GB,15,1254,52,0.0,0,healthy,commuter,0,0.552,0
HUT102965,Matara,MAT_07,Sinhala,Max 40GB,40,2255,26,0.0,0,traveller,static,1,0.05,0
HUT102966,Negombo,NEG_08,Sinhala,Value 15GB,15,994,14,0.0,0,healthy,static,0,0.552,0
HUT102967,Negombo,NEG_01,Sinhala,Lite 5GB,5,491,58,0.0,0,network,commuter,0,0.552,1
HUT102968,Kurunegala,KUR_11,Sinhala,Value 15GB,15,1195,61,0.0,0,bored,static,0,0.552,0
HUT102969,Kurunegala,KUR_12,Sinhala,Lite 5GB,5,616,16,815.0,0,bill_shock,roamer,0,0.552,0
HUT102970,Gampaha,GAM_02,Sinhala,Max 40GB,40,2086,29,0.0,0,healthy,commuter,0,0.552,0
HUT102971,Jaffna,JAF_11,English,Value 15GB,15,923,39,0.0,0,healthy,commuter,0,0.05,0
HUT102972,Jaffna,JAF_05,Tamil,Max 40GB,40,1731,10,0.0,0,healthy,static,0,0.05,0
HUT102973,Gampaha,GAM_02,Sinhala,Lite 5GB,5,623,68,0.0,1,network,commuter,0,0.552,0
HUT102974,Galle,GAL_02,English,Unlimited,100,3420,10,0.0,0,healthy,commuter,0,0.05,0
HUT102975,Kurunegala,KUR_05,Sinhala,Lite 5GB,5,579,29,0.0,0,healthy,commuter,0,0.552,0
HUT102976,Anuradhapura,ANU_03,English,Value 15GB,15,1252,58,0.0,0,healthy,static,0,0.05,0
HUT102977,Galle,GAL_09,Sinhala,Value 15GB,15,1033,9,0.0,0,healthy,commuter,1,0.05,0
HUT102978,Jaffna,JAF_12,Tamil,Lite 5GB,5,633,66,0.0,0,healthy,static,0,0.05,0
HUT102979,Anuradhapura,ANU_04,Sinhala,Value 15GB,15,1125,41,0.0,0,bored,commuter,1,0.05,1
HUT102980,Negombo,NEG_05,Sinhala,Lite 5GB,5,560,55,0.0,0,healthy,commuter,0,0.552,0
HUT102981,Batticaloa,BAT_11,Tamil,Max 40GB,40,2267,18,0.0,0,plan_too_big,roamer,1,0.05,0
HUT102982,Batticaloa,BAT_08,Tamil,Max 40GB,40,1935,46,0.0,0,healthy,commuter,0,0.05,0
HUT102983,Gampaha,GAM_11,English,Lite 5GB,5,511,30,0.0,0,healthy,static,0,0.552,0
HUT102984,Gampaha,GAM_01,Sinhala,Max 40GB,40,1968,48,0.0,0,plan_too_big,commuter,0,0.552,0
HUT102985,Gampaha,GAM_09,Sinhala,Max 40GB,40,2313,56,509.0,0,bill_shock,static,1,0.552,0
HUT102986,Colombo,COL_04,Tamil,Lite 5GB,5,629,27,0.0,0,network,commuter,0,0.05,0
HUT102987,Kandy,KAN_05,Sinhala,Value 15GB,15,1254,18,0.0,0,plan_too_big,static,0,0.552,0
HUT102988,Anuradhapura,ANU_09,English,Value 15GB,15,1265,23,0.0,0,bored,commuter,0,0.05,0
HUT102989,Colombo,COL_05,Sinhala,Max 40GB,40,2137,62,0.0,0,traveller,static,0,0.05,0
HUT102990,Matara,MAT_07,English,Value 15GB,15,1046,70,0.0,0,healthy,static,1,0.05,0
HUT102991,Galle,GAL_10,English,Unlimited,100,2897,38,0.0,0,healthy,static,0,0.05,0
HUT102992,Anuradhapura,ANU_05,Sinhala,Unlimited,100,2818,65,0.0,0,healthy,static,0,0.05,0
HUT102993,Ratnapura,RAT_09,Sinhala,Unlimited,100,3509,29,276.0,0,bill_shock,static,0,0.05,0
HUT102994,Gampaha,GAM_03,Sinhala,Value 15GB,15,987,57,0.0,0,bored,commuter,0,0.552,0
HUT102995,Anuradhapura,ANU_06,Sinhala,Value 15GB,15,1257,36,0.0,0,plan_too_small,static,0,0.05,0
HUT102996,Jaffna,JAF_07,Tamil,Lite 5GB,5,463,43,0.0,0,plan_too_big,commuter,0,0.05,0
HUT102997,Batticaloa,BAT_06,Tamil,Value 15GB,15,1088,15,0.0,0,bored,commuter,0,0.05,0
HUT102998,Ratnapura,RAT_12,Sinhala,Unlimited,100,2872,48,0.0,0,network,static,1,0.05,0
HUT102999,Anuradhapura,ANU_01,Sinhala,Lite 5GB,5,452,4,0.0,0,healthy,static,0,0.05,0
HUT103000,Colombo,COL_11,Sinhala,Lite 5GB,5,476,58,710.0,0,bill_shock,static,0,0.05,0
HUT103001,Kandy,KAN_05,Sinhala,Lite 5GB,5,633,10,0.0,0,bored,commuter,0,0.552,1
HUT103002,Ratnapura,RAT_01,Sinhala,Value 15GB,15,954,24,0.0,0,plan_too_small,commuter,0,0.05,0
HUT103003,Trincomalee,TRI_11,Sinhala,Unlimited,100,2916,58,0.0,0,healthy,commuter,0,0.05,0
HUT103004,Matara,MAT_10,Sinhala,Value 15GB,15,1006,64,0.0,0,healthy,commuter,0,0.05,0
HUT103005,Colombo,COL_11,Sinhala,Value 15GB,15,968,25,0.0,0,healthy,static,0,0.05,0
HUT103006,Negombo,NEG_07,Sinhala,Lite 5GB,5,560,61,0.0,0,healthy,roamer,0,0.552,0
HUT103007,Ratnapura,RAT_12,Sinhala,Lite 5GB,5,511,3,0.0,0,healthy,commuter,0,0.05,1
HUT103008,Anuradhapura,ANU_11,Sinhala,Unlimited,100,3487,40,0.0,0,healthy,commuter,0,0.05,0
HUT103009,Gampaha,GAM_02,Sinhala,Value 15GB,15,927,17,0.0,0,network,commuter,0,0.552,1
HUT103010,Matara,MAT_12,English,Value 15GB,15,1099,58,0.0,0,healthy,commuter,0,0.05,1
HUT103011,Gampaha,GAM_07,English,Lite 5GB,5,502,8,0.0,0,traveller,commuter,1,0.552,0
HUT103012,Anuradhapura,ANU_12,English,Value 15GB,15,971,10,0.0,0,plan_too_small,static,1,0.05,0
HUT103013,Anuradhapura,ANU_05,English,Max 40GB,40,2280,62,0.0,1,network,commuter,0,0.05,1
HUT103014,Colombo,COL_04,English,Max 40GB,40,1983,20,0.0,0,healthy,commuter,0,0.05,0
HUT103015,Kandy,KAN_05,Sinhala,Value 15GB,15,1051,14,0.0,0,network,commuter,0,0.552,1
HUT103016,Jaffna,JAF_11,Tamil,Lite 5GB,5,600,15,0.0,0,plan_too_big,static,0,0.05,0
HUT103017,Kurunegala,KUR_06,Sinhala,Value 15GB,15,1091,56,0.0,0,healthy,commuter,1,0.552,0
HUT103018,Anuradhapura,ANU_02,Sinhala,Lite 5GB,5,633,40,0.0,0,healthy,commuter,1,0.05,0
HUT103019,Kandy,KAN_05,Sinhala,Unlimited,100,3672,19,598.0,1,bill_shock,commuter,0,0.552,0
HUT103020,Batticaloa,BAT_10,Tamil,Value 15GB,15,1008,11,0.0,0,traveller,commuter,0,0.05,0
HUT103021,Jaffna,JAF_06,English,Max 40GB,40,1713,18,0.0,0,network,static,0,0.05,0
HUT103022,Ratnapura,RAT_08,Sinhala,Max 40GB,40,2312,21,0.0,0,healthy,static,0,0.05,0
HUT103023,Trincomalee,TRI_09,Tamil,Value 15GB,15,1282,3,0.0,0,traveller,static,0,0.05,0
HUT103024,Galle,GAL_07,Sinhala,Lite 5GB,5,520,20,0.0,0,healthy,commuter,0,0.05,0
HUT103025,Jaffna,JAF_05,Tamil,Max 40GB,40,2272,27,0.0,0,network,commuter,0,0.05,1
HUT103026,Gampaha,GAM_06,Sinhala,Lite 5GB,5,578,61,0.0,0,plan_too_big,commuter,0,0.552,0
HUT103027,Matara,MAT_11,Sinhala,Value 15GB,15,1188,52,0.0,0,healthy,commuter,0,0.05,0
HUT103028,Anuradhapura,ANU_07,Sinhala,Value 15GB,15,917,63,0.0,0,healthy,static,0,0.05,0
HUT103029,Gampaha,GAM_03,English,Value 15GB,15,915,67,0.0,0,bored,roamer,0,0.552,0
HUT103030,Matara,MAT_11,Sinhala,Max 40GB,40,1857,58,0.0,0,healthy,static,0,0.05,0
HUT103031,Batticaloa,BAT_03,Tamil,Max 40GB,40,2316,11,0.0,0,traveller,static,1,0.05,0
HUT103032,Ratnapura,RAT_03,Sinhala,Lite 5GB,5,490,57,0.0,0,healthy,commuter,0,0.05,0
HUT103033,Anuradhapura,ANU_05,English,Value 15GB,15,955,69,0.0,1,network,static,0,0.05,1
HUT103034,Matara,MAT_02,Sinhala,Lite 5GB,5,631,69,0.0,0,network,commuter,0,0.05,0
HUT103035,Kandy,KAN_11,English,Value 15GB,15,1145,47,702.0,0,bill_shock,commuter,1,0.552,0
HUT103036,Trincomalee,TRI_12,Tamil,Max 40GB,40,2136,17,0.0,1,network,commuter,0,0.05,1
HUT103037,Colombo,COL_09,Sinhala,Value 15GB,15,991,43,0.0,0,plan_too_big,commuter,0,0.05,0
HUT103038,Kandy,KAN_10,Sinhala,Lite 5GB,5,469,39,799.0,1,bill_shock,static,0,0.552,1
HUT103039,Colombo,COL_12,English,Max 40GB,40,1704,61,0.0,0,healthy,commuter,1,0.05,0
HUT103040,Matara,MAT_09,English,Unlimited,100,3758,5,0.0,0,bored,commuter,0,0.05,0
HUT103041,Anuradhapura,ANU_02,Sinhala,Value 15GB,15,1184,56,0.0,1,network,roamer,0,0.05,0
HUT103042,Batticaloa,BAT_09,English,Value 15GB,15,991,72,0.0,0,bored,commuter,0,0.05,0
HUT103043,Galle,GAL_06,Sinhala,Lite 5GB,5,600,33,0.0,0,healthy,roamer,0,0.05,0
HUT103044,Ratnapura,RAT_01,Sinhala,Value 15GB,15,1210,10,0.0,0,network,static,0,0.05,0
HUT103045,Ratnapura,RAT_07,Sinhala,Value 15GB,15,954,30,0.0,0,plan_too_big,commuter,1,0.05,0
HUT103046,Anuradhapura,ANU_09,Sinhala,Lite 5GB,5,536,67,0.0,0,healthy,static,0,0.05,1
HUT103047,Colombo,COL_11,English,Value 15GB,15,970,66,0.0,0,healthy,roamer,0,0.05,0
HUT103048,Trincomalee,TRI_09,Tamil,Value 15GB,15,939,7,0.0,0,traveller,static,1,0.05,0
HUT103049,Colombo,COL_12,Sinhala,Value 15GB,15,1080,5,0.0,0,plan_too_small,static,1,0.05,0
HUT103050,Trincomalee,TRI_03,Tamil,Value 15GB,15,1017,71,0.0,0,traveller,static,0,0.05,0
HUT103051,Negombo,NEG_03,Sinhala,Value 15GB,15,986,27,0.0,0,healthy,commuter,0,0.552,0
HUT103052,Matara,MAT_12,English,Lite 5GB,5,580,28,0.0,0,traveller,roamer,0,0.05,0
HUT103053,Ratnapura,RAT_01,Sinhala,Lite 5GB,5,558,61,0.0,1,network,commuter,0,0.05,1
HUT103054,Kandy,KAN_04,English,Lite 5GB,5,549,72,845.0,1,bill_shock,commuter,0,0.552,0
HUT103055,Jaffna,JAF_11,Tamil,Max 40GB,40,2225,4,0.0,0,healthy,commuter,0,0.05,1
HUT103056,Trincomalee,TRI_08,English,Max 40GB,40,1848,54,495.0,0,bill_shock,roamer,1,0.05,0
HUT103057,Ratnapura,RAT_10,Sinhala,Lite 5GB,5,613,12,0.0,0,traveller,static,1,0.05,0
HUT103058,Batticaloa,BAT_11,Tamil,Lite 5GB,5,605,39,0.0,0,healthy,static,0,0.05,0
HUT103059,Gampaha,GAM_11,Sinhala,Lite 5GB,5,510,5,0.0,1,network,commuter,0,0.552,0
HUT103060,Negombo,NEG_01,English,Lite 5GB,5,598,41,0.0,0,network,commuter,0,0.552,1
HUT103061,Colombo,COL_12,Tamil,Value 15GB,15,1182,34,0.0,0,plan_too_big,static,0,0.05,0
HUT103062,Galle,GAL_03,Sinhala,Lite 5GB,5,626,23,0.0,0,healthy,commuter,0,0.05,0
HUT103063,Gampaha,GAM_01,English,Lite 5GB,5,493,70,0.0,0,bored,commuter,1,0.552,0
HUT103064,Gampaha,GAM_08,English,Max 40GB,40,1823,15,0.0,0,traveller,static,1,0.552,0
HUT103065,Kurunegala,KUR_08,Sinhala,Value 15GB,15,1001,67,0.0,0,healthy,static,0,0.552,0
HUT103066,Trincomalee,TRI_10,English,Max 40GB,40,1720,61,0.0,0,healthy,commuter,1,0.05,0
HUT103067,Kandy,KAN_10,Sinhala,Value 15GB,15,1149,15,0.0,0,healthy,commuter,0,0.552,0
HUT103068,Jaffna,JAF_01,English,Max 40GB,40,1917,25,0.0,0,traveller,roamer,1,0.05,0
HUT103069,Trincomalee,TRI_04,Tamil,Lite 5GB,5,605,16,0.0,0,traveller,static,0,0.05,1
HUT103070,Kandy,KAN_10,English,Value 15GB,15,1165,3,0.0,1,network,roamer,0,0.552,1
HUT103071,Ratnapura,RAT_01,Sinhala,Max 40GB,40,2155,29,0.0,1,network,commuter,0,0.05,0
HUT103072,Gampaha,GAM_11,Sinhala,Max 40GB,40,2301,62,0.0,1,network,static,1,0.552,1
HUT103073,Colombo,COL_01,English,Unlimited,100,3393,30,0.0,0,traveller,commuter,0,0.05,0
HUT103074,Trincomalee,TRI_11,English,Unlimited,100,3284,61,0.0,0,healthy,commuter,0,0.05,0
HUT103075,Matara,MAT_04,Sinhala,Lite 5GB,5,523,12,0.0,0,healthy,commuter,1,0.05,0
HUT103076,Ratnapura,RAT_11,Sinhala,Max 40GB,40,1714,28,0.0,0,traveller,static,0,0.05,0
HUT103077,Trincomalee,TRI_12,English,Lite 5GB,5,470,47,0.0,0,network,static,1,0.05,0
HUT103078,Anuradhapura,ANU_01,English,Max 40GB,40,2292,57,0.0,0,healthy,roamer,1,0.05,0
HUT103079,Kurunegala,KUR_06,Sinhala,Lite 5GB,5,628,35,463.0,0,bill_shock,commuter,1,0.552,0
HUT103080,Kandy,KAN_10,Sinhala,Lite 5GB,5,587,9,0.0,1,network,static,0,0.552,1
HUT103081,Anuradhapura,ANU_02,English,Value 15GB,15,1102,35,0.0,0,network,static,1,0.05,0
HUT103082,Jaffna,JAF_12,Tamil,Lite 5GB,5,481,9,0.0,0,healthy,commuter,0,0.05,0
HUT103083,Ratnapura,RAT_05,Sinhala,Max 40GB,40,1742,24,0.0,0,healthy,commuter,0,0.05,0
HUT103084,Matara,MAT_04,English,Value 15GB,15,1043,21,0.0,0,plan_too_big,commuter,0,0.05,0
HUT103085,Matara,MAT_02,English,Value 15GB,15,1007,4,0.0,0,network,roamer,0,0.05,1
HUT103086,Kurunegala,KUR_05,Sinhala,Lite 5GB,5,460,36,0.0,0,healthy,static,1,0.552,0
HUT103087,Negombo,NEG_04,English,Value 15GB,15,1055,55,0.0,0,healthy,commuter,1,0.552,0
HUT103088,Ratnapura,RAT_05,English,Lite 5GB,5,568,64,0.0,0,healthy,static,0,0.05,0
HUT103089,Colombo,COL_05,Tamil,Unlimited,100,3231,25,0.0,0,traveller,static,1,0.05,0
HUT103090,Batticaloa,BAT_08,English,Lite 5GB,5,586,23,0.0,0,traveller,commuter,0,0.05,0
HUT103091,Kurunegala,KUR_11,English,Lite 5GB,5,532,65,0.0,0,bored,static,0,0.552,0
HUT103092,Negombo,NEG_05,English,Value 15GB,15,1114,67,0.0,0,healthy,static,0,0.552,0
HUT103093,Kandy,KAN_02,Sinhala,Lite 5GB,5,457,52,0.0,0,traveller,static,0,0.552,0
HUT103094,Trincomalee,TRI_12,Sinhala,Value 15GB,15,930,72,0.0,0,plan_too_big,commuter,0,0.05,0
HUT103095,Kurunegala,KUR_01,English,Lite 5GB,5,472,7,0.0,0,plan_too_big,commuter,0,0.552,0
HUT103096,Jaffna,JAF_05,Tamil,Value 15GB,15,1228,32,0.0,1,network,commuter,1,0.05,1
HUT103097,Trincomalee,TRI_10,Tamil,Unlimited,100,3256,23,0.0,0,healthy,commuter,1,0.05,0
HUT103098,Jaffna,JAF_07,Tamil,Unlimited,100,3119,68,0.0,0,healthy,roamer,0,0.05,0
HUT103099,Gampaha,GAM_12,English,Lite 5GB,5,508,10,0.0,0,traveller,static,0,0.552,0
HUT103100,Jaffna,JAF_06,Tamil,Unlimited,100,3606,24,0.0,0,network,commuter,0,0.05,1
HUT103101,Trincomalee,TRI_12,Tamil,Unlimited,100,3497,13,0.0,1,network,static,0,0.05,0
HUT103102,Jaffna,JAF_05,Tamil,Lite 5GB,5,465,22,0.0,0,network,commuter,1,0.05,0
HUT103103,Batticaloa,BAT_02,Tamil,Value 15GB,15,1083,8,0.0,0,traveller,static,0,0.05,0
HUT103104,Batticaloa,BAT_03,English,Max 40GB,40,1922,59,0.0,0,plan_too_big,static,0,0.05,0
HUT103105,Negombo,NEG_10,Sinhala,Value 15GB,15,1173,55,0.0,0,healthy,static,0,0.552,0
HUT103106,Anuradhapura,ANU_01,Sinhala,Value 15GB,15,1187,28,0.0,0,plan_too_big,commuter,0,0.05,0
HUT103107,Trincomalee,TRI_10,Tamil,Lite 5GB,5,540,66,313.0,0,bill_shock,static,0,0.05,0
HUT103108,Matara,MAT_06,English,Value 15GB,15,1214,48,0.0,0,plan_too_small,commuter,0,0.05,0
HUT103109,Anuradhapura,ANU_06,Sinhala,Unlimited,100,2800,40,0.0,0,healthy,commuter,1,0.05,0
HUT103110,Colombo,COL_06,English,Max 40GB,40,2149,64,0.0,0,healthy,commuter,0,0.05,0
HUT103111,Kandy,KAN_10,English,Unlimited,100,3365,15,0.0,0,healthy,roamer,1,0.552,1
HUT103112,Trincomalee,TRI_04,Tamil,Value 15GB,15,1215,10,0.0,0,healthy,commuter,1,0.05,0
HUT103113,Kandy,KAN_02,English,Value 15GB,15,925,66,0.0,0,healthy,roamer,0,0.552,0
HUT103114,Matara,MAT_10,Sinhala,Unlimited,100,3215,16,0.0,0,healthy,commuter,1,0.05,0
HUT103115,Batticaloa,BAT_01,English,Unlimited,100,3715,58,0.0,0,bored,commuter,1,0.05,0
HUT103116,Colombo,COL_07,Sinhala,Value 15GB,15,1036,14,682.0,1,bill_shock,static,0,0.05,0
HUT103117,Colombo,COL_04,English,Lite 5GB,5,490,53,0.0,0,healthy,commuter,1,0.05,0
HUT103118,Gampaha,GAM_04,Sinhala,Value 15GB,15,954,10,0.0,0,network,static,1,0.552,1
HUT103119,Jaffna,JAF_10,Tamil,Lite 5GB,5,598,70,0.0,1,network,commuter,1,0.05,0
HUT103120,Jaffna,JAF_09,Tamil,Lite 5GB,5,603,17,0.0,0,healthy,static,0,0.05,0
HUT103121,Gampaha,GAM_09,Sinhala,Max 40GB,40,2209,25,0.0,0,healthy,commuter,0,0.552,0
HUT103122,Kurunegala,KUR_11,Sinhala,Value 15GB,15,924,50,0.0,0,healthy,static,0,0.552,0
HUT103123,Anuradhapura,ANU_11,English,Lite 5GB,5,496,11,252.0,1,bill_shock,static,1,0.05,1
HUT103124,Batticaloa,BAT_09,Tamil,Value 15GB,15,1062,39,0.0,0,healthy,commuter,0,0.05,0
HUT103125,Gampaha,GAM_10,Sinhala,Lite 5GB,5,583,51,0.0,0,bored,commuter,1,0.552,0
HUT103126,Negombo,NEG_09,English,Value 15GB,15,918,35,0.0,0,healthy,static,1,0.552,0
HUT103127,Kurunegala,KUR_03,Sinhala,Lite 5GB,5,606,55,339.0,0,bill_shock,static,1,0.552,0
HUT103128,Trincomalee,TRI_09,Tamil,Max 40GB,40,1871,7,0.0,0,traveller,commuter,0,0.05,0
HUT103129,Trincomalee,TRI_02,English,Value 15GB,15,1267,51,0.0,0,healthy,commuter,0,0.05,0
HUT103130,Kurunegala,KUR_12,Sinhala,Lite 5GB,5,492,25,0.0,0,healthy,roamer,1,0.552,0
HUT103131,Matara,MAT_01,Sinhala,Lite 5GB,5,530,23,198.0,0,bill_shock,commuter,1,0.05,0
HUT103132,Ratnapura,RAT_09,Sinhala,Value 15GB,15,975,16,0.0,0,plan_too_small,commuter,1,0.05,0
HUT103133,Trincomalee,TRI_08,Tamil,Lite 5GB,5,478,53,0.0,1,network,commuter,0,0.05,1
HUT103134,Ratnapura,RAT_10,Sinhala,Unlimited,100,3545,56,750.0,1,bill_shock,commuter,1,0.05,0
HUT103135,Matara,MAT_02,Sinhala,Unlimited,100,2755,44,0.0,0,traveller,commuter,0,0.05,0
HUT103136,Negombo,NEG_08,Sinhala,Lite 5GB,5,615,3,0.0,0,healthy,commuter,0,0.552,0
HUT103137,Jaffna,JAF_03,English,Lite 5GB,5,559,66,0.0,0,healthy,commuter,1,0.05,0
HUT103138,Anuradhapura,ANU_04,Sinhala,Value 15GB,15,958,13,0.0,0,healthy,commuter,1,0.05,0
HUT103139,Ratnapura,RAT_06,English,Lite 5GB,5,608,19,0.0,0,healthy,commuter,1,0.05,0
HUT103140,Negombo,NEG_09,Sinhala,Value 15GB,15,1205,2,0.0,0,healthy,commuter,1,0.552,0
HUT103141,Trincomalee,TRI_10,Sinhala,Lite 5GB,5,628,47,0.0,0,plan_too_big,commuter,1,0.05,0
HUT103142,Galle,GAL_02,Sinhala,Lite 5GB,5,574,16,0.0,0,traveller,static,0,0.05,0
HUT103143,Ratnapura,RAT_08,English,Max 40GB,40,2168,20,0.0,0,plan_too_big,commuter,0,0.05,0
HUT103144,Kandy,KAN_06,Sinhala,Unlimited,100,3492,56,0.0,0,healthy,commuter,0,0.552,0
HUT103145,Jaffna,JAF_06,Tamil,Lite 5GB,5,464,58,805.0,0,bill_shock,roamer,1,0.05,1
HUT103146,Anuradhapura,ANU_11,Sinhala,Value 15GB,15,1152,29,0.0,0,healthy,commuter,1,0.05,0
HUT103147,Matara,MAT_11,English,Max 40GB,40,1926,52,0.0,0,healthy,static,0,0.05,0
HUT103148,Batticaloa,BAT_05,Tamil,Lite 5GB,5,490,63,239.0,0,bill_shock,commuter,1,0.05,1
HUT103149,Gampaha,GAM_04,Sinhala,Lite 5GB,5,481,70,0.0,0,healthy,static,0,0.552,0
HUT103150,Batticaloa,BAT_02,English,Value 15GB,15,948,69,0.0,0,healthy,commuter,1,0.05,0
HUT103151,Galle,GAL_07,Sinhala,Unlimited,100,2829,11,0.0,0,healthy,commuter,1,0.05,0
HUT103152,Gampaha,GAM_04,Sinhala,Max 40GB,40,2202,67,0.0,0,bored,static,1,0.552,0
HUT103153,Ratnapura,RAT_09,English,Max 40GB,40,2138,35,0.0,0,bored,commuter,0,0.05,1
HUT103154,Batticaloa,BAT_11,English,Unlimited,100,3222,54,0.0,3,network,commuter,1,0.05,1
HUT103155,Ratnapura,RAT_06,Sinhala,Unlimited,100,3098,7,0.0,0,bored,static,0,0.05,0
HUT103156,Anuradhapura,ANU_05,Sinhala,Lite 5GB,5,510,71,0.0,0,traveller,commuter,0,0.05,0
HUT103157,Colombo,COL_02,Sinhala,Value 15GB,15,1020,47,0.0,0,traveller,static,1,0.05,0
HUT103158,Ratnapura,RAT_03,Sinhala,Value 15GB,15,1251,43,0.0,0,plan_too_big,commuter,1,0.05,0
HUT103159,Anuradhapura,ANU_05,Sinhala,Lite 5GB,5,611,53,0.0,1,network,commuter,0,0.05,1
HUT103160,Colombo,COL_03,Tamil,Value 15GB,15,1141,33,0.0,0,healthy,commuter,1,0.05,0
HUT103161,Kandy,KAN_03,Sinhala,Max 40GB,40,2204,65,0.0,0,bored,commuter,0,0.552,0
HUT103162,Kandy,KAN_02,Sinhala,Value 15GB,15,1191,16,0.0,0,healthy,commuter,1,0.552,0
HUT103163,Anuradhapura,ANU_08,English,Value 15GB,15,1194,20,0.0,0,plan_too_big,static,0,0.05,0
HUT103164,Gampaha,GAM_01,English,Unlimited,100,3133,28,0.0,0,healthy,static,0,0.552,0
HUT103165,Kandy,KAN_08,Sinhala,Max 40GB,40,1656,57,0.0,0,plan_too_small,commuter,0,0.552,0
HUT103166,Matara,MAT_10,Sinhala,Lite 5GB,5,574,8,0.0,0,traveller,static,0,0.05,0
HUT103167,Trincomalee,TRI_12,English,Lite 5GB,5,483,57,0.0,0,traveller,commuter,0,0.05,0
HUT103168,Jaffna,JAF_11,Tamil,Value 15GB,15,1150,36,0.0,0,healthy,commuter,1,0.05,0
HUT103169,Kandy,KAN_06,Sinhala,Value 15GB,15,1087,44,0.0,0,plan_too_small,roamer,1,0.552,0
HUT103170,Ratnapura,RAT_07,Sinhala,Lite 5GB,5,618,8,0.0,0,traveller,roamer,0,0.05,0
HUT103171,Trincomalee,TRI_11,Sinhala,Unlimited,100,3362,25,0.0,0,healthy,static,0,0.05,0
HUT103172,Colombo,COL_04,Sinhala,Max 40GB,40,2160,20,0.0,0,plan_too_big,roamer,0,0.05,0
HUT103173,Galle,GAL_07,Sinhala,Max 40GB,40,2131,54,0.0,0,plan_too_big,commuter,0,0.05,0
HUT103174,Ratnapura,RAT_01,Sinhala,Max 40GB,40,2136,58,0.0,0,plan_too_big,roamer,0,0.05,0
HUT103175,Ratnapura,RAT_04,Sinhala,Value 15GB,15,1086,67,0.0,0,bored,commuter,0,0.05,0
HUT103176,Gampaha,GAM_08,Sinhala,Max 40GB,40,1850,32,0.0,0,healthy,static,0,0.552,0
HUT103177,Trincomalee,TRI_04,Sinhala,Unlimited,100,3354,42,0.0,0,healthy,static,1,0.05,0
HUT103178,Kurunegala,KUR_03,Sinhala,Value 15GB,15,1062,52,0.0,0,healthy,commuter,1,0.552,0
HUT103179,Kandy,KAN_06,Sinhala,Unlimited,100,3853,9,0.0,0,plan_too_big,commuter,1,0.552,1
HUT103180,Gampaha,GAM_06,English,Max 40GB,40,2088,25,0.0,0,traveller,commuter,1,0.552,0
HUT103181,Kandy,KAN_05,English,Lite 5GB,5,603,21,0.0,0,network,static,1,0.552,1
HUT103182,Batticaloa,BAT_06,Tamil,Max 40GB,40,1657,47,0.0,0,traveller,commuter,0,0.05,0
HUT103183,Jaffna,JAF_06,Tamil,Value 15GB,15,1005,10,0.0,0,network,static,0,0.05,1
HUT103184,Ratnapura,RAT_01,Sinhala,Max 40GB,40,2227,44,0.0,2,network,static,1,0.05,0
HUT103185,Trincomalee,TRI_01,English,Max 40GB,40,1945,51,0.0,0,healthy,static,0,0.05,0
HUT103186,Trincomalee,TRI_09,Tamil,Lite 5GB,5,527,67,0.0,1,network,commuter,1,0.05,0
HUT103187,Jaffna,JAF_02,English,Value 15GB,15,918,23,0.0,0,traveller,commuter,0,0.05,0
HUT103188,Batticaloa,BAT_12,Tamil,Lite 5GB,5,549,6,0.0,0,healthy,commuter,0,0.05,0
HUT103189,Gampaha,GAM_10,Sinhala,Lite 5GB,5,501,19,0.0,0,plan_too_small,commuter,1,0.552,1
HUT103190,Negombo,NEG_03,Sinhala,Max 40GB,40,1676,20,0.0,0,healthy,commuter,1,0.552,0
HUT103191,Galle,GAL_10,Sinhala,Unlimited,100,2767,39,0.0,0,plan_too_small,static,0,0.05,0
HUT103192,Negombo,NEG_01,English,Value 15GB,15,1025,2,0.0,0,healthy,static,1,0.552,0
HUT103193,Galle,GAL_06,English,Max 40GB,40,2116,55,0.0,0,plan_too_small,static,0,0.05,0
HUT103194,Batticaloa,BAT_03,Tamil,Max 40GB,40,2144,59,0.0,0,bored,static,0,0.05,0
HUT103195,Negombo,NEG_01,Sinhala,Value 15GB,15,1068,42,0.0,0,healthy,static,1,0.552,0
HUT103196,Ratnapura,RAT_12,Sinhala,Lite 5GB,5,534,63,0.0,0,network,commuter,1,0.05,0
HUT103197,Negombo,NEG_03,Sinhala,Value 15GB,15,1111,47,0.0,0,plan_too_big,commuter,0,0.552,0
HUT103198,Kurunegala,KUR_08,English,Value 15GB,15,1245,66,648.0,0,bill_shock,commuter,0,0.552,0
HUT103199,Gampaha,GAM_06,Sinhala,Max 40GB,40,1823,30,0.0,0,bored,static,1,0.552,0
HUT103200,Kandy,KAN_06,English,Max 40GB,40,1938,47,0.0,0,healthy,static,1,0.552,0
HUT103201,Kandy,KAN_09,English,Max 40GB,40,1979,23,0.0,0,healthy,static,0,0.552,0
HUT103202,Negombo,NEG_03,Sinhala,Unlimited,100,3376,18,0.0,0,healthy,commuter,1,0.552,1
HUT103203,Jaffna,JAF_10,Tamil,Value 15GB,15,1019,59,0.0,0,healthy,roamer,0,0.05,0
HUT103204,Galle,GAL_01,Sinhala,Lite 5GB,5,536,65,0.0,0,healthy,commuter,0,0.05,0
HUT103205,Jaffna,JAF_06,Tamil,Max 40GB,40,1948,40,610.0,0,bill_shock,commuter,0,0.05,1
HUT103206,Galle,GAL_06,Sinhala,Max 40GB,40,2089,37,0.0,0,healthy,commuter,0,0.05,0
HUT103207,Gampaha,GAM_01,English,Value 15GB,15,1111,10,0.0,0,bored,static,1,0.552,0
HUT103208,Matara,MAT_09,Sinhala,Value 15GB,15,994,16,0.0,0,healthy,static,0,0.05,0
HUT103209,Trincomalee,TRI_01,Tamil,Value 15GB,15,1037,3,0.0,0,healthy,static,0,0.05,0
HUT103210,Colombo,COL_03,Tamil,Lite 5GB,5,491,3,0.0,0,traveller,commuter,1,0.05,0
HUT103211,Kandy,KAN_10,English,Value 15GB,15,1046,3,0.0,0,network,static,1,0.552,1
HUT103212,Trincomalee,TRI_05,English,Lite 5GB,5,600,27,0.0,0,healthy,commuter,0,0.05,0
HUT103213,Kurunegala,KUR_10,Sinhala,Value 15GB,15,1153,9,0.0,0,healthy,commuter,0,0.552,0
HUT103214,Jaffna,JAF_05,English,Value 15GB,15,964,49,0.0,0,network,static,1,0.05,0
HUT103215,Matara,MAT_10,Sinhala,Value 15GB,15,957,11,0.0,0,bored,commuter,0,0.05,0
HUT103216,Trincomalee,TRI_08,Sinhala,Value 15GB,15,1022,12,0.0,0,healthy,commuter,0,0.05,0
HUT103217,Galle,GAL_03,English,Max 40GB,40,2081,70,0.0,0,bored,commuter,1,0.05,0
HUT103218,Galle,GAL_12,Sinhala,Max 40GB,40,1977,28,440.0,0,bill_shock,commuter,0,0.05,0
HUT103219,Jaffna,JAF_01,Tamil,Max 40GB,40,2176,18,0.0,0,healthy,commuter,0,0.05,0
HUT103220,Negombo,NEG_07,Sinhala,Value 15GB,15,1271,30,0.0,0,healthy,commuter,1,0.552,0
HUT103221,Gampaha,GAM_12,Sinhala,Value 15GB,15,971,22,0.0,1,network,commuter,0,0.552,1
HUT103222,Colombo,COL_04,English,Lite 5GB,5,594,27,0.0,0,plan_too_big,static,1,0.05,0
HUT103223,Anuradhapura,ANU_05,English,Value 15GB,15,1030,45,0.0,0,bored,roamer,0,0.05,0
HUT103224,Negombo,NEG_07,Sinhala,Value 15GB,15,965,11,0.0,0,healthy,commuter,0,0.552,0
HUT103225,Galle,GAL_10,Sinhala,Value 15GB,15,1215,62,0.0,0,traveller,commuter,0,0.05,0
HUT103226,Gampaha,GAM_11,English,Value 15GB,15,1269,47,0.0,0,healthy,commuter,0,0.552,0
HUT103227,Matara,MAT_02,Sinhala,Value 15GB,15,934,69,0.0,0,traveller,commuter,0,0.05,0
HUT103228,Kurunegala,KUR_10,English,Unlimited,100,3406,49,0.0,0,healthy,roamer,0,0.552,0
HUT103229,Jaffna,JAF_01,English,Value 15GB,15,1085,65,0.0,0,healthy,commuter,0,0.05,0
HUT103230,Negombo,NEG_01,Sinhala,Value 15GB,15,1102,39,0.0,2,network,commuter,0,0.552,1
HUT103231,Galle,GAL_10,Sinhala,Value 15GB,15,1121,5,0.0,0,healthy,static,1,0.05,0
HUT103232,Colombo,COL_07,English,Max 40GB,40,1682,67,621.0,1,bill_shock,static,0,0.05,0
HUT103233,Anuradhapura,ANU_01,Sinhala,Lite 5GB,5,454,40,0.0,0,healthy,static,0,0.05,0
HUT103234,Matara,MAT_01,English,Max 40GB,40,2034,6,0.0,0,healthy,commuter,0,0.05,0
HUT103235,Gampaha,GAM_09,Sinhala,Value 15GB,15,1057,4,0.0,0,plan_too_big,roamer,1,0.552,1
HUT103236,Negombo,NEG_08,Sinhala,Value 15GB,15,1025,39,0.0,0,bored,static,1,0.552,1
HUT103237,Ratnapura,RAT_05,English,Lite 5GB,5,494,36,0.0,0,traveller,commuter,0,0.05,0
HUT103238,Anuradhapura,ANU_05,Sinhala,Max 40GB,40,1972,40,888.0,1,bill_shock,roamer,0,0.05,1
HUT103239,Colombo,COL_06,Sinhala,Value 15GB,15,915,29,0.0,0,bored,static,1,0.05,0
HUT103240,Colombo,COL_01,Sinhala,Lite 5GB,5,486,60,580.0,0,bill_shock,roamer,0,0.05,1
HUT103241,Gampaha,GAM_01,Sinhala,Unlimited,100,2916,29,0.0,0,healthy,commuter,0,0.552,0
HUT103242,Anuradhapura,ANU_09,Sinhala,Lite 5GB,5,597,60,0.0,0,healthy,commuter,1,0.05,0
HUT103243,Gampaha,GAM_06,English,Lite 5GB,5,478,71,0.0,0,healthy,static,0,0.552,0
HUT103244,Trincomalee,TRI_12,Sinhala,Lite 5GB,5,455,16,0.0,0,healthy,roamer,1,0.05,0
HUT103245,Kurunegala,KUR_01,English,Unlimited,100,2900,20,0.0,0,plan_too_small,commuter,1,0.552,0
HUT103246,Kandy,KAN_08,Sinhala,Lite 5GB,5,503,56,320.0,0,bill_shock,commuter,0,0.552,0
HUT103247,Colombo,COL_10,English,Unlimited,100,2859,25,0.0,1,network,commuter,0,0.05,1
HUT103248,Ratnapura,RAT_10,English,Max 40GB,40,2065,33,0.0,0,healthy,static,0,0.05,0
HUT103249,Gampaha,GAM_11,Sinhala,Value 15GB,15,1192,7,0.0,0,network,static,0,0.552,0
HUT103250,Jaffna,JAF_03,English,Value 15GB,15,1271,62,0.0,0,bored,commuter,0,0.05,1
HUT103251,Trincomalee,TRI_12,Tamil,Lite 5GB,5,493,67,0.0,0,bored,commuter,0,0.05,1
HUT103252,Kandy,KAN_08,Sinhala,Value 15GB,15,1116,65,0.0,0,healthy,static,0,0.552,0
HUT103253,Colombo,COL_01,Tamil,Unlimited,100,3598,70,0.0,2,network,commuter,0,0.05,1
HUT103254,Anuradhapura,ANU_04,Sinhala,Max 40GB,40,2272,29,0.0,0,traveller,commuter,1,0.05,0
HUT103255,Jaffna,JAF_04,English,Max 40GB,40,1690,72,0.0,0,healthy,commuter,1,0.05,0
HUT103256,Galle,GAL_05,Sinhala,Unlimited,100,2823,13,0.0,0,healthy,static,0,0.05,0
HUT103257,Galle,GAL_10,Sinhala,Value 15GB,15,977,68,0.0,0,plan_too_small,commuter,0,0.05,0
HUT103258,Gampaha,GAM_12,Sinhala,Value 15GB,15,1012,59,450.0,1,bill_shock,commuter,0,0.552,1
HUT103259,Jaffna,JAF_05,English,Value 15GB,15,1095,58,0.0,0,traveller,commuter,0,0.05,0
HUT103260,Gampaha,GAM_01,English,Max 40GB,40,1907,3,0.0,0,healthy,commuter,1,0.552,0
HUT103261,Galle,GAL_02,Sinhala,Value 15GB,15,1243,44,0.0,0,healthy,commuter,0,0.05,0
HUT103262,Matara,MAT_10,Sinhala,Value 15GB,15,1104,4,0.0,0,plan_too_small,commuter,0,0.05,0
HUT103263,Batticaloa,BAT_02,Tamil,Value 15GB,15,1047,34,0.0,0,healthy,commuter,1,0.05,0
HUT103264,Colombo,COL_11,Sinhala,Lite 5GB,5,526,46,698.0,1,bill_shock,commuter,0,0.05,1
HUT103265,Galle,GAL_08,Sinhala,Value 15GB,15,1247,37,0.0,0,plan_too_big,static,1,0.05,0
HUT103266,Negombo,NEG_10,Sinhala,Max 40GB,40,1881,36,0.0,0,healthy,commuter,0,0.552,0
HUT103267,Matara,MAT_07,English,Value 15GB,15,981,51,0.0,0,bored,commuter,0,0.05,0
HUT103268,Jaffna,JAF_10,Tamil,Lite 5GB,5,520,9,0.0,0,plan_too_big,commuter,1,0.05,0
HUT103269,Trincomalee,TRI_08,Tamil,Lite 5GB,5,506,40,0.0,0,traveller,static,1,0.05,0
HUT103270,Kandy,KAN_01,English,Lite 5GB,5,544,58,0.0,0,traveller,static,0,0.552,0
HUT103271,Colombo,COL_08,Tamil,Max 40GB,40,2212,20,0.0,0,healthy,commuter,0,0.05,0
HUT103272,Kandy,KAN_08,Sinhala,Value 15GB,15,1142,15,0.0,0,plan_too_big,commuter,1,0.552,0
HUT103273,Kandy,KAN_05,Sinhala,Unlimited,100,2847,33,0.0,0,traveller,static,0,0.552,0
HUT103274,Kandy,KAN_04,Sinhala,Max 40GB,40,1993,15,0.0,0,healthy,static,1,0.552,0
HUT103275,Galle,GAL_09,English,Value 15GB,15,1090,44,0.0,0,healthy,static,0,0.05,0
HUT103276,Galle,GAL_10,Sinhala,Max 40GB,40,2314,17,0.0,0,healthy,static,0,0.05,0
HUT103277,Negombo,NEG_03,Sinhala,Max 40GB,40,2241,67,0.0,0,healthy,static,1,0.552,0
HUT103278,Ratnapura,RAT_09,Sinhala,Lite 5GB,5,594,42,0.0,0,traveller,commuter,0,0.05,0
HUT103279,Colombo,COL_10,Sinhala,Value 15GB,15,1062,50,0.0,0,bored,commuter,0,0.05,1
HUT103280,Colombo,COL_04,Sinhala,Lite 5GB,5,591,29,0.0,1,network,static,0,0.05,0
HUT103281,Galle,GAL_04,Sinhala,Lite 5GB,5,453,10,0.0,0,plan_too_big,commuter,0,0.05,0
HUT103282,Ratnapura,RAT_01,Sinhala,Lite 5GB,5,477,42,0.0,0,traveller,commuter,1,0.05,0
HUT103283,Kandy,KAN_02,Sinhala,Value 15GB,15,1071,17,0.0,0,healthy,roamer,0,0.552,0
HUT103284,Kurunegala,KUR_03,Sinhala,Max 40GB,40,1913,41,278.0,2,bill_shock,static,0,0.552,0
HUT103285,Anuradhapura,ANU_03,Sinhala,Unlimited,100,3703,5,0.0,0,traveller,roamer,1,0.05,1
HUT103286,Negombo,NEG_01,Sinhala,Value 15GB,15,1198,24,0.0,2,network,commuter,0,0.552,1
HUT103287,Jaffna,JAF_12,Tamil,Max 40GB,40,1856,19,0.0,0,healthy,commuter,1,0.05,0
HUT103288,Gampaha,GAM_11,Sinhala,Lite 5GB,5,581,31,0.0,0,healthy,commuter,1,0.552,0
HUT103289,Gampaha,GAM_10,Sinhala,Lite 5GB,5,578,69,0.0,0,healthy,commuter,0,0.552,0
HUT103290,Gampaha,GAM_09,Sinhala,Value 15GB,15,1232,71,0.0,0,healthy,static,1,0.552,0
HUT103291,Ratnapura,RAT_06,Sinhala,Value 15GB,15,935,41,0.0,0,traveller,commuter,0,0.05,0
HUT103292,Galle,GAL_01,Sinhala,Lite 5GB,5,565,61,0.0,0,traveller,static,0,0.05,0
HUT103293,Trincomalee,TRI_06,Sinhala,Lite 5GB,5,534,22,0.0,0,plan_too_big,commuter,0,0.05,0
HUT103294,Kandy,KAN_06,Sinhala,Lite 5GB,5,613,20,0.0,0,plan_too_small,static,0,0.552,0
HUT103295,Gampaha,GAM_04,English,Value 15GB,15,1026,62,695.0,1,bill_shock,commuter,0,0.552,0
HUT103296,Matara,MAT_02,English,Value 15GB,15,1044,55,0.0,0,healthy,commuter,1,0.05,0
HUT103297,Jaffna,JAF_01,Tamil,Lite 5GB,5,537,50,0.0,0,plan_too_big,commuter,0,0.05,0
HUT103298,Matara,MAT_07,Sinhala,Lite 5GB,5,627,63,0.0,0,healthy,commuter,1,0.05,0
HUT103299,Gampaha,GAM_09,Sinhala,Lite 5GB,5,532,13,0.0,0,traveller,static,0,0.552,0
HUT103300,Batticaloa,BAT_02,Tamil,Value 15GB,15,1057,43,0.0,0,traveller,static,1,0.05,0
HUT103301,Batticaloa,BAT_11,English,Value 15GB,15,1190,46,0.0,0,network,commuter,0,0.05,0
HUT103302,Anuradhapura,ANU_02,English,Max 40GB,40,2079,60,0.0,0,healthy,commuter,1,0.05,0
HUT103303,Kurunegala,KUR_10,Sinhala,Max 40GB,40,2243,70,0.0,0,bored,commuter,0,0.552,1
HUT103304,Galle,GAL_06,Sinhala,Value 15GB,15,1079,38,0.0,0,plan_too_small,commuter,0,0.05,0
HUT103305,Gampaha,GAM_08,English,Max 40GB,40,1986,27,0.0,0,plan_too_big,static,0,0.552,0
HUT103306,Negombo,NEG_07,Sinhala,Value 15GB,15,1221,35,0.0,0,healthy,static,0,0.552,0
HUT103307,Matara,MAT_12,Sinhala,Lite 5GB,5,484,39,0.0,0,plan_too_small,commuter,1,0.05,0
HUT103308,Ratnapura,RAT_06,Sinhala,Lite 5GB,5,494,28,0.0,0,traveller,static,0,0.05,0
HUT103309,Trincomalee,TRI_05,English,Value 15GB,15,1206,48,0.0,0,healthy,commuter,0,0.05,0
HUT103310,Galle,GAL_12,Sinhala,Max 40GB,40,2058,60,0.0,0,healthy,commuter,0,0.05,0
HUT103311,Anuradhapura,ANU_11,Sinhala,Lite 5GB,5,539,41,0.0,0,plan_too_big,static,1,0.05,0
HUT103312,Jaffna,JAF_06,Tamil,Lite 5GB,5,586,61,0.0,0,plan_too_small,commuter,0,0.05,0
HUT103313,Ratnapura,RAT_12,Sinhala,Lite 5GB,5,554,4,0.0,0,plan_too_big,commuter,0,0.05,1
HUT103314,Negombo,NEG_05,Sinhala,Lite 5GB,5,528,58,882.0,0,bill_shock,static,0,0.552,0
HUT103315,Kurunegala,KUR_07,English,Max 40GB,40,1844,3,0.0,0,plan_too_small,commuter,0,0.552,0
HUT103316,Kurunegala,KUR_08,Sinhala,Max 40GB,40,1781,36,0.0,0,healthy,static,0,0.552,0
HUT103317,Colombo,COL_04,Sinhala,Value 15GB,15,928,38,0.0,0,bored,static,0,0.05,0
HUT103318,Jaffna,JAF_07,Tamil,Lite 5GB,5,539,14,0.0,0,bored,roamer,0,0.05,0
HUT103319,Gampaha,GAM_11,Sinhala,Lite 5GB,5,570,30,0.0,1,network,static,1,0.552,1
HUT103320,Matara,MAT_02,Sinhala,Value 15GB,15,1065,53,0.0,0,healthy,commuter,0,0.05,1
HUT103321,Negombo,NEG_05,Sinhala,Lite 5GB,5,605,53,0.0,0,plan_too_small,commuter,0,0.552,0
HUT103322,Batticaloa,BAT_04,Tamil,Lite 5GB,5,623,46,0.0,0,traveller,commuter,1,0.05,0
HUT103323,Negombo,NEG_04,Sinhala,Unlimited,100,3690,23,0.0,0,healthy,static,0,0.552,0
HUT103324,Negombo,NEG_01,English,Lite 5GB,5,503,15,0.0,0,healthy,roamer,0,0.552,0
HUT103325,Colombo,COL_07,Tamil,Value 15GB,15,1153,56,0.0,0,plan_too_small,commuter,1,0.05,0
HUT103326,Batticaloa,BAT_08,Tamil,Lite 5GB,5,585,63,0.0,0,healthy,static,0,0.05,0
HUT103327,Negombo,NEG_04,Sinhala,Max 40GB,40,1657,35,0.0,0,plan_too_big,commuter,0,0.552,0
HUT103328,Anuradhapura,ANU_12,English,Max 40GB,40,1767,25,0.0,0,bored,static,1,0.05,1
HUT103329,Trincomalee,TRI_03,English,Value 15GB,15,1221,38,0.0,0,plan_too_small,commuter,1,0.05,0
HUT103330,Kurunegala,KUR_09,Sinhala,Max 40GB,40,1902,22,0.0,0,traveller,static,0,0.552,0
HUT103331,Trincomalee,TRI_08,Tamil,Unlimited,100,3155,66,0.0,0,healthy,commuter,0,0.05,0
HUT103332,Colombo,COL_10,English,Max 40GB,40,1762,37,0.0,0,plan_too_big,commuter,0,0.05,0
HUT103333,Gampaha,GAM_06,English,Unlimited,100,3602,29,0.0,0,plan_too_big,commuter,0,0.552,0
HUT103334,Jaffna,JAF_06,Tamil,Max 40GB,40,1889,8,0.0,2,network,static,0,0.05,1
HUT103335,Kandy,KAN_11,Sinhala,Lite 5GB,5,503,21,0.0,0,traveller,commuter,1,0.552,0
HUT103336,Trincomalee,TRI_10,English,Unlimited,100,2758,34,0.0,0,bored,roamer,1,0.05,1
HUT103337,Negombo,NEG_08,Sinhala,Max 40GB,40,1711,36,0.0,0,network,roamer,1,0.552,0
HUT103338,Matara,MAT_10,English,Max 40GB,40,1811,8,482.0,0,bill_shock,commuter,1,0.05,1
HUT103339,Gampaha,GAM_08,Sinhala,Lite 5GB,5,532,2,446.0,0,bill_shock,commuter,0,0.552,0
HUT103340,Anuradhapura,ANU_02,Sinhala,Value 15GB,15,979,25,0.0,3,network,static,1,0.05,0
HUT103341,Batticaloa,BAT_12,Tamil,Lite 5GB,5,579,25,0.0,0,healthy,static,0,0.05,1
HUT103342,Jaffna,JAF_11,Tamil,Lite 5GB,5,484,20,0.0,0,healthy,static,0,0.05,0
HUT103343,Matara,MAT_03,English,Max 40GB,40,2054,14,0.0,0,bored,commuter,1,0.05,1
HUT103344,Kandy,KAN_05,English,Max 40GB,40,1892,9,0.0,0,network,static,0,0.552,0
HUT103345,Batticaloa,BAT_02,Tamil,Value 15GB,15,924,12,0.0,0,healthy,commuter,1,0.05,0
HUT103346,Batticaloa,BAT_04,Tamil,Value 15GB,15,1249,40,225.0,1,bill_shock,commuter,1,0.05,1
HUT103347,Ratnapura,RAT_01,English,Max 40GB,40,1978,62,0.0,0,healthy,static,1,0.05,0
HUT103348,Negombo,NEG_02,English,Max 40GB,40,2005,44,0.0,0,bored,static,0,0.552,0
HUT103349,Kurunegala,KUR_08,Sinhala,Lite 5GB,5,481,60,0.0,0,healthy,static,0,0.552,0
HUT103350,Negombo,NEG_07,English,Value 15GB,15,1165,63,0.0,0,healthy,commuter,1,0.552,0
HUT103351,Gampaha,GAM_04,English,Lite 5GB,5,522,71,0.0,1,network,commuter,0,0.552,0
HUT103352,Negombo,NEG_09,Sinhala,Value 15GB,15,944,23,0.0,0,plan_too_small,roamer,0,0.552,0
HUT103353,Jaffna,JAF_07,Tamil,Lite 5GB,5,614,60,0.0,0,healthy,commuter,0,0.05,0
HUT103354,Trincomalee,TRI_01,Sinhala,Lite 5GB,5,621,9,0.0,0,healthy,static,1,0.05,0
HUT103355,Gampaha,GAM_02,Sinhala,Lite 5GB,5,595,26,0.0,0,healthy,commuter,0,0.552,0
HUT103356,Ratnapura,RAT_04,Sinhala,Lite 5GB,5,548,3,0.0,0,traveller,commuter,1,0.05,0
HUT103357,Batticaloa,BAT_02,Tamil,Max 40GB,40,1696,24,0.0,0,healthy,commuter,0,0.05,0
HUT103358,Trincomalee,TRI_10,Tamil,Lite 5GB,5,518,51,0.0,0,bored,commuter,0,0.05,0
HUT103359,Jaffna,JAF_04,Tamil,Max 40GB,40,2215,60,0.0,0,healthy,commuter,1,0.05,0
HUT103360,Galle,GAL_09,English,Lite 5GB,5,543,2,0.0,0,bored,commuter,1,0.05,0
HUT103361,Jaffna,JAF_08,Tamil,Max 40GB,40,1736,54,0.0,0,traveller,commuter,0,0.05,0
HUT103362,Batticaloa,BAT_05,English,Max 40GB,40,1975,36,205.0,0,bill_shock,roamer,0,0.05,0
HUT103363,Ratnapura,RAT_06,Sinhala,Lite 5GB,5,488,26,0.0,0,plan_too_small,roamer,0,0.05,0
HUT103364,Galle,GAL_02,Sinhala,Lite 5GB,5,540,24,0.0,0,bored,roamer,1,0.05,0
HUT103365,Colombo,COL_05,Tamil,Max 40GB,40,1816,55,0.0,0,healthy,commuter,0,0.05,0
HUT103366,Kandy,KAN_03,Sinhala,Max 40GB,40,1874,41,0.0,0,healthy,commuter,0,0.552,0
HUT103367,Matara,MAT_03,English,Max 40GB,40,1846,46,0.0,0,healthy,commuter,0,0.05,0
HUT103368,Anuradhapura,ANU_01,English,Lite 5GB,5,584,14,706.0,0,bill_shock,commuter,1,0.05,0
HUT103369,Gampaha,GAM_05,Sinhala,Value 15GB,15,1019,25,0.0,0,plan_too_big,commuter,1,0.552,1
HUT103370,Anuradhapura,ANU_01,Sinhala,Value 15GB,15,934,55,0.0,0,bored,commuter,0,0.05,0
HUT103371,Galle,GAL_04,English,Lite 5GB,5,536,70,537.0,1,bill_shock,commuter,0,0.05,1
HUT103372,Kurunegala,KUR_04,English,Value 15GB,15,1175,30,0.0,0,traveller,commuter,1,0.552,0
HUT103373,Anuradhapura,ANU_02,Sinhala,Lite 5GB,5,585,8,0.0,1,network,commuter,1,0.05,1
HUT103374,Ratnapura,RAT_05,English,Lite 5GB,5,544,52,0.0,0,bored,static,0,0.05,1
HUT103375,Batticaloa,BAT_09,English,Value 15GB,15,1225,60,0.0,0,plan_too_small,static,0,0.05,1
HUT103376,Galle,GAL_01,Sinhala,Lite 5GB,5,585,34,0.0,0,plan_too_small,commuter,0,0.05,0
HUT103377,Galle,GAL_05,Sinhala,Unlimited,100,3006,50,0.0,0,plan_too_small,commuter,1,0.05,0
HUT103378,Kandy,KAN_11,English,Max 40GB,40,1992,57,0.0,0,healthy,static,0,0.552,0
HUT103379,Kurunegala,KUR_10,Sinhala,Value 15GB,15,1071,43,0.0,0,bored,roamer,0,0.552,1
HUT103380,Negombo,NEG_01,Sinhala,Value 15GB,15,1056,19,0.0,1,network,static,1,0.552,1
HUT103381,Batticaloa,BAT_08,English,Max 40GB,40,2133,70,0.0,0,plan_too_small,roamer,1,0.05,0
HUT103382,Negombo,NEG_02,Sinhala,Value 15GB,15,943,69,548.0,0,bill_shock,commuter,0,0.552,0
HUT103383,Trincomalee,TRI_12,Tamil,Lite 5GB,5,455,56,0.0,0,network,commuter,0,0.05,1
HUT103384,Kandy,KAN_10,English,Lite 5GB,5,634,44,0.0,0,plan_too_big,static,0,0.552,0
HUT103385,Batticaloa,BAT_05,Tamil,Value 15GB,15,928,65,0.0,0,plan_too_small,commuter,0,0.05,0
HUT103386,Negombo,NEG_01,Sinhala,Lite 5GB,5,521,5,0.0,0,healthy,commuter,1,0.552,0
HUT103387,Kandy,KAN_10,Sinhala,Lite 5GB,5,560,49,0.0,0,healthy,commuter,1,0.552,0
HUT103388,Kandy,KAN_02,Sinhala,Max 40GB,40,1998,10,0.0,0,plan_too_small,commuter,1,0.552,0
HUT103389,Jaffna,JAF_12,Tamil,Value 15GB,15,1173,26,0.0,0,bored,static,1,0.05,0
HUT103390,Negombo,NEG_11,English,Value 15GB,15,994,25,0.0,0,traveller,static,0,0.552,0
HUT103391,Ratnapura,RAT_02,Sinhala,Lite 5GB,5,556,49,0.0,0,bored,commuter,1,0.05,1
HUT103392,Anuradhapura,ANU_08,English,Lite 5GB,5,495,60,0.0,0,traveller,commuter,0,0.05,0
HUT103393,Matara,MAT_02,Sinhala,Max 40GB,40,1734,22,0.0,0,plan_too_small,static,1,0.05,1
HUT103394,Trincomalee,TRI_02,Tamil,Lite 5GB,5,485,17,0.0,0,healthy,static,1,0.05,0
HUT103395,Negombo,NEG_05,Sinhala,Value 15GB,15,1268,59,0.0,0,traveller,commuter,0,0.552,0
HUT103396,Trincomalee,TRI_04,English,Value 15GB,15,1176,29,0.0,0,bored,commuter,0,0.05,0
HUT103397,Colombo,COL_02,English,Lite 5GB,5,474,48,0.0,0,plan_too_big,commuter,0,0.05,0
HUT103398,Kurunegala,KUR_10,Sinhala,Value 15GB,15,997,31,0.0,0,plan_too_big,static,1,0.552,0
HUT103399,Ratnapura,RAT_01,Sinhala,Value 15GB,15,1122,57,0.0,3,network,static,1,0.05,1
HUT103400,Anuradhapura,ANU_05,Sinhala,Unlimited,100,2918,14,0.0,0,plan_too_big,commuter,1,0.05,0
HUT103401,Colombo,COL_04,English,Value 15GB,15,1112,5,0.0,0,network,roamer,0,0.05,1
HUT103402,Negombo,NEG_11,English,Value 15GB,15,1279,13,0.0,0,healthy,commuter,0,0.552,0
HUT103403,Kurunegala,KUR_04,Sinhala,Lite 5GB,5,472,66,0.0,0,healthy,commuter,1,0.552,0
HUT103404,Matara,MAT_03,English,Max 40GB,40,2110,26,0.0,0,plan_too_big,roamer,0,0.05,0
HUT103405,Colombo,COL_05,English,Unlimited,100,3223,20,0.0,0,plan_too_small,static,0,0.05,0
HUT103406,Gampaha,GAM_06,Sinhala,Value 15GB,15,994,53,0.0,0,healthy,roamer,1,0.552,0
HUT103407,Gampaha,GAM_12,Sinhala,Unlimited,100,3417,65,0.0,0,healthy,commuter,1,0.552,0
HUT103408,Anuradhapura,ANU_08,Sinhala,Lite 5GB,5,517,66,639.0,0,bill_shock,roamer,0,0.05,0
HUT103409,Negombo,NEG_11,Sinhala,Lite 5GB,5,451,19,0.0,0,healthy,roamer,0,0.552,0
HUT103410,Galle,GAL_10,Sinhala,Value 15GB,15,1125,62,0.0,0,bored,roamer,0,0.05,0
HUT103411,Jaffna,JAF_07,Tamil,Max 40GB,40,1856,18,582.0,0,bill_shock,commuter,0,0.05,0
HUT103412,Jaffna,JAF_09,English,Value 15GB,15,1274,15,0.0,0,healthy,commuter,1,0.05,0
HUT103413,Negombo,NEG_06,Sinhala,Max 40GB,40,1714,9,0.0,0,healthy,commuter,1,0.552,0
HUT103414,Galle,GAL_07,English,Lite 5GB,5,457,30,0.0,0,plan_too_small,commuter,0,0.05,0
HUT103415,Kurunegala,KUR_02,English,Value 15GB,15,1051,4,0.0,0,healthy,roamer,0,0.552,0
HUT103416,Ratnapura,RAT_03,Sinhala,Value 15GB,15,1248,57,0.0,0,healthy,commuter,0,0.05,1
HUT103417,Colombo,COL_11,Tamil,Value 15GB,15,952,11,0.0,0,plan_too_small,commuter,1,0.05,1
HUT103418,Colombo,COL_12,English,Lite 5GB,5,545,55,0.0,0,plan_too_big,commuter,0,0.05,0
HUT103419,Negombo,NEG_10,English,Value 15GB,15,1169,11,0.0,0,plan_too_big,static,0,0.552,0
HUT103420,Matara,MAT_05,English,Max 40GB,40,1869,63,781.0,0,bill_shock,static,1,0.05,1
HUT103421,Negombo,NEG_03,Sinhala,Max 40GB,40,2087,69,0.0,0,plan_too_big,static,0,0.552,0
HUT103422,Gampaha,GAM_05,Sinhala,Max 40GB,40,1711,65,0.0,0,healthy,commuter,0,0.552,0
HUT103423,Colombo,COL_08,English,Value 15GB,15,1123,51,0.0,0,plan_too_big,commuter,0,0.05,0
HUT103424,Kurunegala,KUR_04,English,Unlimited,100,3281,6,0.0,0,plan_too_small,commuter,1,0.552,1
HUT103425,Colombo,COL_11,Tamil,Lite 5GB,5,548,27,281.0,0,bill_shock,static,0,0.05,0
HUT103426,Matara,MAT_10,English,Max 40GB,40,1670,70,0.0,0,healthy,commuter,1,0.05,0
HUT103427,Trincomalee,TRI_12,Tamil,Lite 5GB,5,551,26,0.0,1,network,commuter,0,0.05,1
HUT103428,Colombo,COL_11,English,Lite 5GB,5,556,5,0.0,0,healthy,commuter,0,0.05,0
HUT103429,Batticaloa,BAT_12,Tamil,Value 15GB,15,987,15,0.0,0,plan_too_big,commuter,0,0.05,0
HUT103430,Galle,GAL_09,English,Value 15GB,15,1084,18,0.0,0,bored,commuter,0,0.05,0
HUT103431,Colombo,COL_08,Tamil,Value 15GB,15,1009,59,0.0,0,plan_too_big,commuter,0,0.05,0
HUT103432,Kurunegala,KUR_04,Sinhala,Max 40GB,40,1821,48,0.0,0,bored,roamer,1,0.552,0
HUT103433,Matara,MAT_09,Sinhala,Unlimited,100,3674,63,0.0,0,traveller,commuter,0,0.05,0
HUT103434,Colombo,COL_04,Sinhala,Lite 5GB,5,532,13,0.0,0,network,commuter,1,0.05,0
HUT103435,Trincomalee,TRI_08,Tamil,Lite 5GB,5,570,52,0.0,1,network,static,0,0.05,1
HUT103436,Galle,GAL_05,Sinhala,Value 15GB,15,1194,11,0.0,0,bored,commuter,0,0.05,1
HUT103437,Anuradhapura,ANU_04,Sinhala,Max 40GB,40,1926,12,0.0,0,healthy,static,1,0.05,0
HUT103438,Jaffna,JAF_07,Tamil,Lite 5GB,5,586,38,0.0,0,healthy,static,1,0.05,0
HUT103439,Kandy,KAN_06,English,Max 40GB,40,2077,20,580.0,1,bill_shock,roamer,0,0.552,1
HUT103440,Kurunegala,KUR_06,Sinhala,Lite 5GB,5,483,44,0.0,0,healthy,commuter,0,0.552,0
HUT103441,Kurunegala,KUR_07,Sinhala,Max 40GB,40,1887,22,0.0,0,plan_too_big,commuter,0,0.552,0
HUT103442,Gampaha,GAM_04,English,Value 15GB,15,1219,61,0.0,0,plan_too_big,static,0,0.552,0
HUT103443,Kandy,KAN_06,Sinhala,Max 40GB,40,1706,31,835.0,1,bill_shock,static,0,0.552,0
HUT103444,Jaffna,JAF_06,Tamil,Lite 5GB,5,577,48,0.0,0,healthy,commuter,1,0.05,0
HUT103445,Ratnapura,RAT_04,English,Lite 5GB,5,493,59,0.0,0,traveller,commuter,1,0.05,0
HUT103446,Galle,GAL_03,Sinhala,Value 15GB,15,1049,32,0.0,0,healthy,static,1,0.05,0
HUT103447,Ratnapura,RAT_01,English,Value 15GB,15,1102,7,0.0,0,healthy,commuter,0,0.05,0
HUT103448,Negombo,NEG_05,English,Unlimited,100,3133,35,0.0,0,healthy,static,0,0.552,0
HUT103449,Negombo,NEG_07,English,Unlimited,100,2802,58,0.0,0,plan_too_small,commuter,1,0.552,0
HUT103450,Matara,MAT_05,Sinhala,Value 15GB,15,1063,27,0.0,0,healthy,commuter,1,0.05,0
HUT103451,Trincomalee,TRI_12,Tamil,Lite 5GB,5,451,67,0.0,0,network,commuter,0,0.05,0
HUT103452,Anuradhapura,ANU_05,English,Lite 5GB,5,607,12,0.0,0,healthy,static,0,0.05,0
HUT103453,Anuradhapura,ANU_01,Sinhala,Value 15GB,15,930,29,0.0,0,plan_too_small,commuter,0,0.05,0
HUT103454,Trincomalee,TRI_09,English,Lite 5GB,5,630,30,0.0,1,network,commuter,1,0.05,0
HUT103455,Colombo,COL_08,Sinhala,Max 40GB,40,2280,62,0.0,0,plan_too_small,commuter,1,0.05,0
HUT103456,Kandy,KAN_03,English,Value 15GB,15,1011,7,0.0,0,healthy,static,1,0.552,0
HUT103457,Kurunegala,KUR_04,Sinhala,Value 15GB,15,947,4,0.0,0,traveller,commuter,1,0.552,0
HUT103458,Galle,GAL_09,Sinhala,Max 40GB,40,2286,60,0.0,0,healthy,commuter,1,0.05,0
HUT103459,Jaffna,JAF_09,Tamil,Lite 5GB,5,492,50,0.0,0,bored,static,0,0.05,0
HUT103460,Batticaloa,BAT_06,English,Lite 5GB,5,565,47,0.0,0,healthy,commuter,1,0.05,0
HUT103461,Kandy,KAN_10,Sinhala,Value 15GB,15,1064,17,0.0,1,network,commuter,0,0.552,1
HUT103462,Negombo,NEG_03,English,Value 15GB,15,1108,69,0.0,0,traveller,commuter,1,0.552,0
HUT103463,Negombo,NEG_10,Sinhala,Max 40GB,40,2259,34,0.0,0,healthy,commuter,0,0.552,0
HUT103464,Matara,MAT_02,English,Value 15GB,15,1083,14,0.0,0,healthy,roamer,0,0.05,0
HUT103465,Negombo,NEG_03,English,Unlimited,100,3807,37,0.0,0,bored,static,0,0.552,0
HUT103466,Colombo,COL_09,Tamil,Lite 5GB,5,512,61,0.0,0,plan_too_big,commuter,0,0.05,0
HUT103467,Trincomalee,TRI_08,Tamil,Lite 5GB,5,489,43,0.0,1,network,commuter,0,0.05,1
HUT103468,Jaffna,JAF_05,English,Unlimited,100,3682,66,0.0,2,network,commuter,0,0.05,0
HUT103469,Jaffna,JAF_10,English,Lite 5GB,5,520,15,0.0,0,traveller,static,1,0.05,0
HUT103470,Batticaloa,BAT_11,English,Lite 5GB,5,580,24,0.0,0,plan_too_big,static,1,0.05,1
HUT103471,Colombo,COL_03,Tamil,Lite 5GB,5,560,36,0.0,0,traveller,commuter,0,0.05,0
HUT103472,Gampaha,GAM_09,Sinhala,Max 40GB,40,1773,5,0.0,0,bored,roamer,1,0.552,1
HUT103473,Trincomalee,TRI_04,English,Lite 5GB,5,539,52,0.0,0,healthy,commuter,0,0.05,0
HUT103474,Anuradhapura,ANU_05,English,Value 15GB,15,1146,28,0.0,0,healthy,commuter,0,0.05,0
HUT103475,Batticaloa,BAT_03,English,Lite 5GB,5,469,57,0.0,0,plan_too_big,commuter,0,0.05,0
HUT103476,Batticaloa,BAT_09,Tamil,Lite 5GB,5,513,32,0.0,0,healthy,commuter,1,0.05,1
HUT103477,Negombo,NEG_01,Sinhala,Value 15GB,15,1267,28,0.0,2,network,static,1,0.552,1
HUT103478,Ratnapura,RAT_11,Sinhala,Unlimited,100,2889,53,0.0,0,healthy,commuter,0,0.05,0
HUT103479,Trincomalee,TRI_03,Tamil,Value 15GB,15,1263,47,0.0,0,healthy,static,0,0.05,0
HUT103480,Trincomalee,TRI_07,Tamil,Lite 5GB,5,609,60,0.0,0,plan_too_small,static,0,0.05,0
HUT103481,Kandy,KAN_10,English,Lite 5GB,5,592,68,655.0,2,bill_shock,commuter,1,0.552,0
HUT103482,Trincomalee,TRI_09,Tamil,Lite 5GB,5,594,5,0.0,0,healthy,static,0,0.05,0
HUT103483,Negombo,NEG_01,English,Max 40GB,40,2159,27,0.0,0,healthy,commuter,0,0.552,0
HUT103484,Jaffna,JAF_02,English,Value 15GB,15,1080,64,0.0,0,traveller,static,0,0.05,0
HUT103485,Kandy,KAN_09,Sinhala,Unlimited,100,2989,49,0.0,0,plan_too_small,commuter,0,0.552,0
HUT103486,Gampaha,GAM_09,Sinhala,Lite 5GB,5,508,7,0.0,0,healthy,static,1,0.552,1
HUT103487,Jaffna,JAF_06,English,Unlimited,100,2964,61,0.0,0,healthy,static,0,0.05,0
HUT103488,Matara,MAT_11,Sinhala,Lite 5GB,5,582,4,0.0,0,healthy,commuter,0,0.05,0
HUT103489,Matara,MAT_02,English,Value 15GB,15,1039,18,0.0,2,network,commuter,0,0.05,1
HUT103490,Negombo,NEG_10,English,Max 40GB,40,1850,25,0.0,0,healthy,commuter,0,0.552,0
HUT103491,Kandy,KAN_01,Sinhala,Value 15GB,15,932,26,0.0,0,healthy,commuter,0,0.552,0
HUT103492,Kurunegala,KUR_01,Sinhala,Lite 5GB,5,548,61,0.0,0,healthy,commuter,0,0.552,0
HUT103493,Galle,GAL_11,Sinhala,Value 15GB,15,973,61,0.0,0,healthy,commuter,0,0.05,0
HUT103494,Jaffna,JAF_11,English,Max 40GB,40,2098,70,0.0,0,healthy,static,0,0.05,0
HUT103495,Kurunegala,KUR_01,English,Max 40GB,40,2158,46,0.0,0,healthy,commuter,0,0.552,0
HUT103496,Gampaha,GAM_04,Sinhala,Unlimited,100,3403,58,0.0,0,healthy,static,1,0.552,0
HUT103497,Negombo,NEG_10,Sinhala,Max 40GB,40,2101,37,608.0,1,bill_shock,commuter,1,0.552,1
HUT103498,Matara,MAT_01,English,Value 15GB,15,1223,58,0.0,0,traveller,commuter,0,0.05,0
HUT103499,Anuradhapura,ANU_06,Sinhala,Value 15GB,15,1081,45,0.0,0,plan_too_small,static,0,0.05,0
HUT103500,Matara,MAT_03,Sinhala,Value 15GB,15,1073,2,0.0,0,traveller,static,0,0.05,0
HUT103501,Matara,MAT_05,English,Lite 5GB,5,630,3,0.0,0,plan_too_big,static,0,0.05,0
HUT103502,Gampaha,GAM_11,Sinhala,Lite 5GB,5,504,42,0.0,0,healthy,commuter,0,0.552,0
HUT103503,Anuradhapura,ANU_05,Sinhala,Max 40GB,40,2306,31,0.0,1,network,static,1,0.05,0
HUT103504,Matara,MAT_02,English,Value 15GB,15,1018,34,0.0,1,network,static,0,0.05,1
HUT103505,Negombo,NEG_08,Sinhala,Value 15GB,15,950,12,0.0,1,network,commuter,0,0.552,1
HUT103506,Negombo,NEG_07,English,Value 15GB,15,1021,20,0.0,0,healthy,commuter,0,0.552,0
HUT103507,Gampaha,GAM_08,Sinhala,Lite 5GB,5,571,67,0.0,0,plan_too_big,commuter,0,0.552,0
HUT103508,Matara,MAT_08,Sinhala,Max 40GB,40,1977,23,0.0,0,traveller,commuter,0,0.05,0
HUT103509,Matara,MAT_06,Sinhala,Value 15GB,15,1033,67,0.0,0,healthy,commuter,0,0.05,0
HUT103510,Matara,MAT_10,English,Value 15GB,15,1199,24,0.0,0,healthy,roamer,0,0.05,0
HUT103511,Colombo,COL_11,Sinhala,Value 15GB,15,1075,69,403.0,1,bill_shock,static,0,0.05,0
HUT103512,Colombo,COL_10,Tamil,Value 15GB,15,1222,59,0.0,1,network,static,1,0.05,1
HUT103513,Jaffna,JAF_09,English,Unlimited,100,2878,9,0.0,0,plan_too_big,commuter,0,0.05,0
HUT103514,Jaffna,JAF_08,Tamil,Max 40GB,40,2213,28,873.0,2,bill_shock,static,0,0.05,1
HUT103515,Anuradhapura,ANU_03,Sinhala,Lite 5GB,5,515,6,0.0,0,traveller,static,1,0.05,0
HUT103516,Jaffna,JAF_06,Tamil,Lite 5GB,5,636,12,0.0,0,network,commuter,1,0.05,1
HUT103517,Batticaloa,BAT_06,English,Lite 5GB,5,497,69,0.0,0,traveller,commuter,0,0.05,0
HUT103518,Gampaha,GAM_09,English,Lite 5GB,5,626,4,0.0,0,traveller,commuter,1,0.552,0
HUT103519,Kandy,KAN_05,Sinhala,Value 15GB,15,1043,40,0.0,0,network,commuter,0,0.552,1
HUT103520,Kandy,KAN_11,Sinhala,Max 40GB,40,1904,68,0.0,0,bored,commuter,0,0.552,0
HUT103521,Galle,GAL_09,English,Value 15GB,15,1263,52,0.0,0,healthy,commuter,0,0.05,0
HUT103522,Negombo,NEG_04,Sinhala,Value 15GB,15,1184,26,0.0,0,healthy,commuter,1,0.552,0
HUT103523,Negombo,NEG_07,Sinhala,Value 15GB,15,1274,61,0.0,0,plan_too_small,static,1,0.552,0
HUT103524,Trincomalee,TRI_11,Sinhala,Lite 5GB,5,451,7,0.0,0,bored,static,0,0.05,0
HUT103525,Negombo,NEG_01,English,Lite 5GB,5,601,68,0.0,0,healthy,commuter,0,0.552,0
HUT103526,Kandy,KAN_05,Sinhala,Lite 5GB,5,635,20,0.0,0,network,roamer,0,0.552,1
HUT103527,Colombo,COL_11,English,Value 15GB,15,1146,49,0.0,0,healthy,commuter,0,0.05,0
HUT103528,Ratnapura,RAT_08,Sinhala,Lite 5GB,5,473,66,0.0,0,healthy,static,1,0.05,0
HUT103529,Ratnapura,RAT_01,Sinhala,Max 40GB,40,1828,25,0.0,0,network,roamer,1,0.05,1
HUT103530,Trincomalee,TRI_01,Sinhala,Value 15GB,15,1254,18,622.0,1,bill_shock,roamer,1,0.05,0
HUT103531,Negombo,NEG_10,Sinhala,Lite 5GB,5,558,44,0.0,0,healthy,static,0,0.552,0
HUT103532,Anuradhapura,ANU_03,Sinhala,Unlimited,100,3836,38,0.0,0,plan_too_small,commuter,0,0.05,0
HUT103533,Gampaha,GAM_01,English,Lite 5GB,5,507,29,0.0,0,healthy,static,0,0.552,1
HUT103534,Trincomalee,TRI_03,Tamil,Lite 5GB,5,542,56,0.0,0,healthy,roamer,0,0.05,0
HUT103535,Gampaha,GAM_01,Sinhala,Value 15GB,15,1081,69,0.0,0,traveller,static,0,0.552,0
HUT103536,Negombo,NEG_07,English,Value 15GB,15,1144,60,0.0,0,healthy,commuter,0,0.552,0
HUT103537,Gampaha,GAM_12,Sinhala,Value 15GB,15,1226,32,0.0,0,traveller,commuter,1,0.552,1
HUT103538,Matara,MAT_02,Sinhala,Max 40GB,40,1869,28,0.0,1,network,commuter,0,0.05,1
HUT103539,Galle,GAL_11,Sinhala,Max 40GB,40,2144,54,0.0,0,healthy,static,0,0.05,0
HUT103540,Anuradhapura,ANU_03,Sinhala,Value 15GB,15,985,64,0.0,0,plan_too_small,roamer,0,0.05,0
HUT103541,Jaffna,JAF_06,Tamil,Unlimited,100,3095,20,0.0,0,plan_too_small,static,0,0.05,0
HUT103542,Batticaloa,BAT_11,Tamil,Max 40GB,40,2230,34,0.0,2,network,commuter,0,0.05,1
HUT103543,Kurunegala,KUR_07,Sinhala,Value 15GB,15,1153,52,0.0,0,plan_too_small,commuter,0,0.552,0
HUT103544,Kandy,KAN_09,English,Value 15GB,15,1108,9,456.0,0,bill_shock,commuter,0,0.552,0
HUT103545,Kurunegala,KUR_11,Sinhala,Value 15GB,15,966,32,0.0,0,healthy,commuter,1,0.552,0
HUT103546,Kurunegala,KUR_11,English,Value 15GB,15,1132,3,0.0,0,traveller,roamer,1,0.552,1
HUT103547,Galle,GAL_12,Sinhala,Value 15GB,15,1166,10,0.0,0,healthy,commuter,0,0.05,0
HUT103548,Negombo,NEG_06,Sinhala,Max 40GB,40,1894,38,344.0,2,bill_shock,commuter,1,0.552,1
HUT103549,Ratnapura,RAT_12,Sinhala,Lite 5GB,5,525,14,0.0,1,network,static,0,0.05,1
HUT103550,Anuradhapura,ANU_03,Sinhala,Lite 5GB,5,483,7,0.0,0,plan_too_small,commuter,1,0.05,0
HUT103551,Anuradhapura,ANU_10,Sinhala,Lite 5GB,5,622,31,0.0,0,healthy,commuter,1,0.05,1
HUT103552,Kandy,KAN_06,Sinhala,Lite 5GB,5,601,52,0.0,0,bored,static,0,0.552,0
HUT103553,Trincomalee,TRI_04,English,Value 15GB,15,1077,63,220.0,0,bill_shock,commuter,1,0.05,0
HUT103554,Kandy,KAN_12,English,Value 15GB,15,920,41,564.0,0,bill_shock,commuter,0,0.552,1
HUT103555,Jaffna,JAF_10,Tamil,Lite 5GB,5,577,12,0.0,0,plan_too_small,commuter,0,0.05,0
HUT103556,Ratnapura,RAT_08,English,Value 15GB,15,1160,22,0.0,0,healthy,commuter,0,0.05,0
HUT103557,Kurunegala,KUR_03,Sinhala,Value 15GB,15,1185,36,0.0,0,bored,commuter,0,0.552,1
HUT103558,Negombo,NEG_05,Sinhala,Value 15GB,15,937,44,0.0,0,healthy,commuter,1,0.552,0
HUT103559,Kandy,KAN_05,Sinhala,Lite 5GB,5,590,17,0.0,1,network,commuter,0,0.552,1
HUT103560,Trincomalee,TRI_08,English,Max 40GB,40,2295,55,0.0,0,healthy,commuter,1,0.05,0
HUT103561,Jaffna,JAF_02,Tamil,Unlimited,100,3775,32,0.0,0,plan_too_big,commuter,1,0.05,0
HUT103562,Kurunegala,KUR_10,Sinhala,Lite 5GB,5,507,26,0.0,0,plan_too_big,commuter,1,0.552,0
HUT103563,Anuradhapura,ANU_09,English,Lite 5GB,5,572,23,0.0,0,healthy,static,1,0.05,0
HUT103564,Galle,GAL_03,Sinhala,Max 40GB,40,2111,28,561.0,1,bill_shock,static,1,0.05,0
HUT103565,Negombo,NEG_05,English,Lite 5GB,5,627,62,0.0,0,healthy,commuter,0,0.552,0
HUT103566,Ratnapura,RAT_06,Sinhala,Lite 5GB,5,509,55,0.0,0,bored,static,0,0.05,0
HUT103567,Batticaloa,BAT_05,Tamil,Lite 5GB,5,545,26,0.0,0,traveller,static,0,0.05,0
HUT103568,Matara,MAT_02,Sinhala,Max 40GB,40,2066,69,0.0,0,plan_too_small,static,0,0.05,0
HUT103569,Anuradhapura,ANU_02,Sinhala,Lite 5GB,5,624,4,0.0,2,network,roamer,1,0.05,1
HUT103570,Batticaloa,BAT_05,Tamil,Value 15GB,15,1038,2,194.0,1,bill_shock,static,0,0.05,1
HUT103571,Kandy,KAN_02,English,Max 40GB,40,2092,36,666.0,0,bill_shock,commuter,0,0.552,0
HUT103572,Negombo,NEG_01,Sinhala,Value 15GB,15,1254,12,0.0,1,network,commuter,0,0.552,1
HUT103573,Anuradhapura,ANU_02,Sinhala,Lite 5GB,5,582,63,0.0,0,bored,commuter,0,0.05,1
HUT103574,Anuradhapura,ANU_02,Sinhala,Value 15GB,15,1123,2,0.0,0,plan_too_big,static,0,0.05,0
HUT103575,Galle,GAL_09,Sinhala,Unlimited,100,2862,18,784.0,0,bill_shock,static,0,0.05,0
HUT103576,Kurunegala,KUR_03,Sinhala,Value 15GB,15,1161,37,181.0,0,bill_shock,roamer,0,0.552,0
HUT103577,Kandy,KAN_12,Sinhala,Unlimited,100,3509,37,0.0,0,traveller,commuter,1,0.552,0
HUT103578,Galle,GAL_05,English,Value 15GB,15,1016,61,0.0,0,healthy,commuter,1,0.05,0
HUT103579,Anuradhapura,ANU_07,Sinhala,Max 40GB,40,2200,64,0.0,0,plan_too_small,commuter,0,0.05,0
HUT103580,Kurunegala,KUR_03,Sinhala,Lite 5GB,5,595,16,0.0,0,bored,roamer,0,0.552,1
HUT103581,Gampaha,GAM_07,Sinhala,Lite 5GB,5,561,35,380.0,0,bill_shock,static,0,0.552,1
HUT103582,Ratnapura,RAT_05,English,Value 15GB,15,1245,39,0.0,0,healthy,static,0,0.05,0
HUT103583,Negombo,NEG_12,English,Value 15GB,15,973,56,0.0,0,plan_too_small,commuter,0,0.552,0
HUT103584,Ratnapura,RAT_12,Sinhala,Lite 5GB,5,619,21,0.0,0,plan_too_big,roamer,1,0.05,0
HUT103585,Trincomalee,TRI_10,Sinhala,Lite 5GB,5,561,61,0.0,0,healthy,static,0,0.05,0
HUT103586,Kandy,KAN_12,English,Max 40GB,40,2145,12,0.0,0,healthy,commuter,0,0.552,0
HUT103587,Gampaha,GAM_06,Sinhala,Value 15GB,15,1245,33,0.0,0,healthy,commuter,0,0.552,0
HUT103588,Matara,MAT_09,Sinhala,Max 40GB,40,2272,40,0.0,0,healthy,static,0,0.05,0
HUT103589,Batticaloa,BAT_01,English,Max 40GB,40,2001,31,0.0,0,healthy,roamer,0,0.05,0
HUT103590,Gampaha,GAM_04,English,Lite 5GB,5,560,31,0.0,0,network,static,0,0.552,0
HUT103591,Anuradhapura,ANU_05,English,Value 15GB,15,1188,57,0.0,1,network,commuter,0,0.05,1
HUT103592,Jaffna,JAF_05,English,Lite 5GB,5,581,34,0.0,0,network,commuter,1,0.05,0
HUT103593,Ratnapura,RAT_12,Sinhala,Max 40GB,40,2201,5,0.0,0,network,commuter,0,0.05,0
HUT103594,Gampaha,GAM_07,English,Lite 5GB,5,567,15,0.0,0,healthy,commuter,0,0.552,0
HUT103595,Ratnapura,RAT_05,Sinhala,Value 15GB,15,1046,8,0.0,0,bored,static,1,0.05,0
HUT103596,Galle,GAL_08,Sinhala,Max 40GB,40,1966,18,0.0,0,traveller,commuter,0,0.05,0
HUT103597,Negombo,NEG_10,Sinhala,Value 15GB,15,1279,63,0.0,0,healthy,commuter,1,0.552,0
HUT103598,Negombo,NEG_08,Sinhala,Value 15GB,15,1166,32,595.0,0,bill_shock,static,0,0.552,0
HUT103599,Negombo,NEG_10,Sinhala,Value 15GB,15,1283,70,0.0,0,traveller,static,0,0.552,0
HUT103600,Anuradhapura,ANU_05,Sinhala,Value 15GB,15,1149,52,0.0,0,healthy,commuter,0,0.05,0
HUT103601,Gampaha,GAM_03,English,Lite 5GB,5,507,72,0.0,0,traveller,commuter,0,0.552,0
HUT103602,Anuradhapura,ANU_05,Sinhala,Unlimited,100,3259,36,0.0,0,healthy,static,0,0.05,1
HUT103603,Colombo,COL_02,English,Value 15GB,15,1036,37,0.0,0,healthy,commuter,0,0.05,0
HUT103604,Gampaha,GAM_01,Sinhala,Max 40GB,40,1722,23,0.0,0,plan_too_big,roamer,0,0.552,0
HUT103605,Kurunegala,KUR_07,Sinhala,Value 15GB,15,929,12,0.0,0,healthy,roamer,0,0.552,0
HUT103606,Ratnapura,RAT_11,Sinhala,Max 40GB,40,1872,15,0.0,0,healthy,roamer,1,0.05,0
HUT103607,Trincomalee,TRI_09,English,Value 15GB,15,918,35,0.0,0,traveller,static,0,0.05,0
HUT103608,Colombo,COL_01,English,Value 15GB,15,1165,21,0.0,0,healthy,commuter,1,0.05,0
HUT103609,Ratnapura,RAT_12,Sinhala,Max 40GB,40,1657,68,0.0,0,bored,static,0,0.05,0
HUT103610,Gampaha,GAM_09,Sinhala,Lite 5GB,5,509,33,664.0,0,bill_shock,commuter,0,0.552,0
HUT103611,Anuradhapura,ANU_10,English,Unlimited,100,3048,63,326.0,0,bill_shock,commuter,0,0.05,0
HUT103612,Jaffna,JAF_05,Tamil,Lite 5GB,5,609,14,0.0,0,traveller,roamer,1,0.05,0
HUT103613,Galle,GAL_01,English,Unlimited,100,3100,32,0.0,0,healthy,commuter,0,0.05,0
HUT103614,Matara,MAT_03,English,Unlimited,100,3037,14,0.0,0,bored,static,1,0.05,0
HUT103615,Ratnapura,RAT_12,Sinhala,Value 15GB,15,1221,28,0.0,1,network,static,0,0.05,1
HUT103616,Galle,GAL_04,Sinhala,Unlimited,100,3629,32,0.0,0,plan_too_big,commuter,1,0.05,0
HUT103617,Trincomalee,TRI_09,Sinhala,Value 15GB,15,1255,62,0.0,1,network,static,1,0.05,0
HUT103618,Galle,GAL_04,Sinhala,Lite 5GB,5,530,68,0.0,0,healthy,static,1,0.05,0
HUT103619,Trincomalee,TRI_12,Tamil,Max 40GB,40,1766,56,0.0,0,network,commuter,1,0.05,1
HUT103620,Ratnapura,RAT_08,Sinhala,Value 15GB,15,1285,12,0.0,0,plan_too_small,static,0,0.05,0
HUT103621,Matara,MAT_10,Sinhala,Lite 5GB,5,451,69,0.0,0,plan_too_big,commuter,1,0.05,0
HUT103622,Negombo,NEG_01,Sinhala,Unlimited,100,2927,45,528.0,0,bill_shock,commuter,0,0.552,0
HUT103623,Batticaloa,BAT_11,English,Max 40GB,40,1976,20,0.0,0,plan_too_small,commuter,0,0.05,0
HUT103624,Kurunegala,KUR_08,Sinhala,Value 15GB,15,1187,61,0.0,0,healthy,static,0,0.552,0
HUT103625,Kandy,KAN_10,Sinhala,Value 15GB,15,1200,22,0.0,0,healthy,static,0,0.552,1
HUT103626,Trincomalee,TRI_02,Sinhala,Value 15GB,15,1217,65,0.0,0,healthy,static,1,0.05,0
HUT103627,Gampaha,GAM_05,Sinhala,Max 40GB,40,1969,21,0.0,0,plan_too_small,commuter,1,0.552,0
HUT103628,Batticaloa,BAT_02,Tamil,Max 40GB,40,1963,68,0.0,0,traveller,commuter,1,0.05,0
HUT103629,Negombo,NEG_09,English,Lite 5GB,5,594,65,0.0,0,bored,static,0,0.552,0
HUT103630,Batticaloa,BAT_01,Tamil,Max 40GB,40,2009,23,0.0,0,healthy,commuter,1,0.05,0
HUT103631,Ratnapura,RAT_05,Sinhala,Lite 5GB,5,466,60,0.0,0,healthy,commuter,0,0.05,0
HUT103632,Gampaha,GAM_05,English,Lite 5GB,5,467,5,0.0,0,healthy,static,1,0.552,0
HUT103633,Negombo,NEG_10,Sinhala,Value 15GB,15,1282,70,0.0,0,plan_too_small,commuter,1,0.552,1
HUT103634,Gampaha,GAM_04,English,Lite 5GB,5,470,72,0.0,0,network,commuter,0,0.552,1
HUT103635,Galle,GAL_09,Sinhala,Lite 5GB,5,470,18,315.0,0,bill_shock,commuter,0,0.05,0
HUT103636,Kandy,KAN_09,Sinhala,Max 40GB,40,1702,4,779.0,1,bill_shock,commuter,0,0.552,1
HUT103637,Batticaloa,BAT_02,Tamil,Lite 5GB,5,549,16,0.0,0,traveller,commuter,1,0.05,0
HUT103638,Anuradhapura,ANU_03,Sinhala,Value 15GB,15,1125,58,0.0,0,healthy,static,0,0.05,0
HUT103639,Gampaha,GAM_03,English,Max 40GB,40,2067,48,0.0,0,healthy,roamer,0,0.552,0
HUT103640,Colombo,COL_04,English,Max 40GB,40,2138,27,0.0,0,network,static,0,0.05,0
HUT103641,Negombo,NEG_08,Sinhala,Lite 5GB,5,476,72,0.0,1,network,commuter,1,0.552,1
HUT103642,Anuradhapura,ANU_04,Sinhala,Max 40GB,40,2205,71,0.0,0,bored,commuter,0,0.05,0
HUT103643,Colombo,COL_08,Tamil,Value 15GB,15,1280,37,0.0,0,healthy,roamer,1,0.05,0
HUT103644,Batticaloa,BAT_07,Tamil,Max 40GB,40,1677,44,0.0,0,plan_too_big,commuter,0,0.05,0
HUT103645,Trincomalee,TRI_03,English,Max 40GB,40,1704,51,0.0,0,plan_too_small,commuter,0,0.05,0
HUT103646,Batticaloa,BAT_09,English,Value 15GB,15,1186,48,0.0,0,healthy,commuter,0,0.05,0
HUT103647,Kurunegala,KUR_02,English,Lite 5GB,5,566,65,0.0,0,healthy,roamer,0,0.552,0
HUT103648,Trincomalee,TRI_12,English,Max 40GB,40,1918,67,0.0,0,network,commuter,0,0.05,0
HUT103649,Trincomalee,TRI_08,Sinhala,Max 40GB,40,2201,49,443.0,1,bill_shock,commuter,0,0.05,0
HUT103650,Matara,MAT_03,Sinhala,Lite 5GB,5,535,62,0.0,0,healthy,commuter,0,0.05,0
HUT103651,Colombo,COL_04,Tamil,Value 15GB,15,913,5,0.0,2,network,commuter,1,0.05,0
HUT103652,Trincomalee,TRI_08,Sinhala,Lite 5GB,5,497,42,0.0,0,network,commuter,1,0.05,0
HUT103653,Matara,MAT_03,Sinhala,Lite 5GB,5,632,68,0.0,0,healthy,commuter,0,0.05,0
HUT103654,Ratnapura,RAT_09,Sinhala,Lite 5GB,5,591,62,0.0,0,healthy,commuter,1,0.05,0
HUT103655,Jaffna,JAF_11,English,Lite 5GB,5,631,29,0.0,0,bored,commuter,0,0.05,0
HUT103656,Colombo,COL_07,English,Lite 5GB,5,479,11,0.0,0,healthy,commuter,1,0.05,0
HUT103657,Kandy,KAN_07,Sinhala,Value 15GB,15,1140,41,465.0,0,bill_shock,commuter,0,0.552,0
HUT103658,Colombo,COL_12,Tamil,Lite 5GB,5,501,5,547.0,1,bill_shock,commuter,1,0.05,0
HUT103659,Ratnapura,RAT_05,Sinhala,Lite 5GB,5,499,30,0.0,0,plan_too_big,commuter,1,0.05,0
HUT103660,Gampaha,GAM_12,Sinhala,Unlimited,100,2782,7,0.0,1,network,static,0,0.552,1
HUT103661,Anuradhapura,ANU_07,English,Value 15GB,15,1175,5,0.0,0,healthy,static,0,0.05,0
HUT103662,Colombo,COL_10,English,Max 40GB,40,1693,65,709.0,1,bill_shock,commuter,1,0.05,1
HUT103663,Jaffna,JAF_11,Tamil,Lite 5GB,5,495,32,0.0,0,bored,commuter,0,0.05,0
HUT103664,Gampaha,GAM_01,Sinhala,Unlimited,100,3725,49,0.0,0,bored,commuter,0,0.552,1
HUT103665,Jaffna,JAF_11,English,Value 15GB,15,1187,26,0.0,0,healthy,static,0,0.05,0
HUT103666,Gampaha,GAM_09,Sinhala,Value 15GB,15,1262,68,0.0,0,healthy,roamer,1,0.552,0
HUT103667,Trincomalee,TRI_06,Tamil,Value 15GB,15,1105,19,0.0,0,healthy,static,0,0.05,0
HUT103668,Kurunegala,KUR_11,English,Value 15GB,15,1163,24,0.0,0,healthy,commuter,0,0.552,0
HUT103669,Colombo,COL_01,English,Value 15GB,15,936,40,0.0,0,network,roamer,0,0.05,0
HUT103670,Gampaha,GAM_02,Sinhala,Max 40GB,40,2247,24,0.0,1,network,static,0,0.552,1
HUT103671,Trincomalee,TRI_08,Sinhala,Lite 5GB,5,563,62,0.0,0,plan_too_small,commuter,1,0.05,0
HUT103672,Negombo,NEG_10,English,Lite 5GB,5,510,25,0.0,0,healthy,static,1,0.552,0
HUT103673,Negombo,NEG_03,Sinhala,Unlimited,100,3552,20,0.0,0,traveller,commuter,0,0.552,0
HUT103674,Galle,GAL_01,Sinhala,Unlimited,100,3812,16,0.0,0,healthy,commuter,0,0.05,1
HUT103675,Jaffna,JAF_07,Tamil,Lite 5GB,5,489,12,0.0,0,healthy,commuter,0,0.05,0
HUT103676,Ratnapura,RAT_01,Sinhala,Lite 5GB,5,516,61,0.0,0,network,commuter,0,0.05,0
HUT103677,Kandy,KAN_11,Sinhala,Lite 5GB,5,613,12,0.0,0,plan_too_big,commuter,1,0.552,0
HUT103678,Batticaloa,BAT_08,Tamil,Value 15GB,15,924,8,0.0,0,healthy,commuter,0,0.05,0
HUT103679,Jaffna,JAF_12,English,Unlimited,100,3366,72,0.0,0,healthy,commuter,1,0.05,0
HUT103680,Matara,MAT_02,Sinhala,Value 15GB,15,990,43,0.0,0,healthy,commuter,1,0.05,0
HUT103681,Anuradhapura,ANU_09,Sinhala,Lite 5GB,5,470,61,0.0,0,plan_too_small,commuter,1,0.05,0
HUT103682,Ratnapura,RAT_09,English,Value 15GB,15,1159,16,0.0,0,healthy,commuter,1,0.05,0
HUT103683,Trincomalee,TRI_07,English,Lite 5GB,5,558,57,710.0,1,bill_shock,static,1,0.05,0
HUT103684,Negombo,NEG_11,Sinhala,Unlimited,100,2846,62,0.0,0,plan_too_small,static,0,0.552,0
HUT103685,Negombo,NEG_05,Sinhala,Value 15GB,15,995,41,0.0,0,plan_too_big,roamer,0,0.552,0
HUT103686,Galle,GAL_08,Sinhala,Max 40GB,40,2041,58,0.0,0,plan_too_small,static,1,0.05,0
HUT103687,Matara,MAT_02,Sinhala,Value 15GB,15,1259,53,0.0,0,healthy,commuter,1,0.05,1
HUT103688,Jaffna,JAF_09,Tamil,Lite 5GB,5,566,39,0.0,0,healthy,commuter,0,0.05,0
HUT103689,Anuradhapura,ANU_04,Sinhala,Lite 5GB,5,474,18,0.0,0,plan_too_big,commuter,1,0.05,0
HUT103690,Galle,GAL_04,Sinhala,Value 15GB,15,1261,55,0.0,0,bored,static,0,0.05,0
HUT103691,Negombo,NEG_08,Sinhala,Value 15GB,15,1028,25,0.0,1,network,commuter,0,0.552,0
HUT103692,Jaffna,JAF_05,Tamil,Value 15GB,15,1154,64,0.0,0,network,commuter,1,0.05,0
HUT103693,Ratnapura,RAT_01,Sinhala,Max 40GB,40,1801,19,0.0,0,healthy,roamer,1,0.05,1
HUT103694,Kandy,KAN_04,English,Value 15GB,15,974,24,0.0,0,healthy,commuter,0,0.552,0
HUT103695,Trincomalee,TRI_08,Tamil,Max 40GB,40,1681,19,0.0,0,network,static,1,0.05,1
HUT103696,Batticaloa,BAT_04,Tamil,Lite 5GB,5,475,9,0.0,0,plan_too_big,commuter,1,0.05,0
HUT103697,Negombo,NEG_01,English,Value 15GB,15,916,51,0.0,1,network,roamer,0,0.552,1
HUT103698,Batticaloa,BAT_12,English,Lite 5GB,5,527,33,0.0,0,plan_too_big,roamer,0,0.05,0
HUT103699,Kurunegala,KUR_09,English,Max 40GB,40,1746,24,0.0,0,healthy,roamer,0,0.552,0
HUT103700,Kandy,KAN_08,English,Max 40GB,40,1698,56,0.0,0,traveller,commuter,0,0.552,0
HUT103701,Trincomalee,TRI_01,Tamil,Max 40GB,40,1853,15,0.0,0,plan_too_small,commuter,0,0.05,0
HUT103702,Jaffna,JAF_09,Tamil,Lite 5GB,5,552,39,0.0,0,traveller,commuter,0,0.05,0
HUT103703,Ratnapura,RAT_02,English,Lite 5GB,5,542,10,444.0,3,bill_shock,commuter,1,0.05,0
HUT103704,Kandy,KAN_08,English,Unlimited,100,3383,32,0.0,0,traveller,commuter,1,0.552,0
HUT103705,Kurunegala,KUR_01,English,Lite 5GB,5,549,62,0.0,0,traveller,static,1,0.552,0
HUT103706,Negombo,NEG_03,Sinhala,Max 40GB,40,1996,71,0.0,0,healthy,static,1,0.552,0
HUT103707,Batticaloa,BAT_05,Tamil,Max 40GB,40,1963,48,0.0,0,healthy,commuter,0,0.05,0
HUT103708,Ratnapura,RAT_09,English,Value 15GB,15,1263,28,0.0,0,plan_too_big,commuter,0,0.05,0
HUT103709,Trincomalee,TRI_07,Tamil,Unlimited,100,3617,15,0.0,0,plan_too_big,commuter,1,0.05,1
HUT103710,Trincomalee,TRI_12,Sinhala,Lite 5GB,5,579,70,0.0,0,network,commuter,0,0.05,1
HUT103711,Kandy,KAN_10,Sinhala,Lite 5GB,5,561,38,0.0,0,network,commuter,1,0.552,1
HUT103712,Batticaloa,BAT_07,Tamil,Lite 5GB,5,523,72,0.0,0,healthy,commuter,0,0.05,0
HUT103713,Kurunegala,KUR_07,Sinhala,Lite 5GB,5,515,43,0.0,0,healthy,commuter,1,0.552,0
HUT103714,Kurunegala,KUR_10,English,Unlimited,100,3590,51,0.0,0,healthy,commuter,0,0.552,0
HUT103715,Jaffna,JAF_06,English,Unlimited,100,2849,53,0.0,0,healthy,commuter,1,0.05,0
HUT103716,Matara,MAT_09,Sinhala,Value 15GB,15,1036,72,0.0,0,healthy,commuter,1,0.05,0
HUT103717,Trincomalee,TRI_09,Sinhala,Lite 5GB,5,543,8,0.0,0,healthy,static,0,0.05,0
HUT103718,Jaffna,JAF_06,Tamil,Max 40GB,40,1810,6,0.0,0,network,commuter,0,0.05,0
HUT103719,Matara,MAT_02,Sinhala,Lite 5GB,5,598,46,630.0,0,bill_shock,commuter,0,0.05,0
HUT103720,Batticaloa,BAT_03,Tamil,Max 40GB,40,1847,56,0.0,0,traveller,static,0,0.05,0
HUT103721,Gampaha,GAM_08,Sinhala,Lite 5GB,5,474,61,0.0,0,traveller,commuter,0,0.552,0
HUT103722,Gampaha,GAM_11,English,Value 15GB,15,965,42,0.0,0,healthy,roamer,0,0.552,0
HUT103723,Gampaha,GAM_09,English,Unlimited,100,3837,54,0.0,0,healthy,commuter,0,0.552,0
HUT103724,Gampaha,GAM_10,English,Value 15GB,15,1163,23,0.0,0,healthy,roamer,0,0.552,0
HUT103725,Ratnapura,RAT_06,Sinhala,Value 15GB,15,1009,20,0.0,0,healthy,commuter,0,0.05,0
HUT103726,Kandy,KAN_02,English,Value 15GB,15,1149,51,0.0,0,traveller,commuter,1,0.552,0
HUT103727,Gampaha,GAM_02,English,Lite 5GB,5,546,69,0.0,2,network,commuter,1,0.552,0
HUT103728,Batticaloa,BAT_10,English,Lite 5GB,5,618,19,314.0,0,bill_shock,static,0,0.05,0
HUT103729,Trincomalee,TRI_10,Tamil,Max 40GB,40,1660,48,703.0,1,bill_shock,static,0,0.05,1
HUT103730,Colombo,COL_08,English,Lite 5GB,5,500,25,0.0,0,plan_too_big,static,1,0.05,1
HUT103731,Negombo,NEG_08,Sinhala,Max 40GB,40,2102,66,0.0,1,network,commuter,1,0.552,0
HUT103732,Jaffna,JAF_11,English,Lite 5GB,5,503,10,0.0,0,healthy,static,0,0.05,0
HUT103733,Gampaha,GAM_11,Sinhala,Max 40GB,40,1975,63,0.0,1,network,static,0,0.552,1
HUT103734,Negombo,NEG_11,English,Unlimited,100,3560,56,0.0,0,healthy,roamer,0,0.552,0
HUT103735,Gampaha,GAM_02,English,Value 15GB,15,920,18,0.0,0,network,commuter,1,0.552,1
HUT103736,Trincomalee,TRI_12,Sinhala,Max 40GB,40,1858,10,0.0,1,network,commuter,0,0.05,0
HUT103737,Trincomalee,TRI_08,English,Unlimited,100,3672,4,658.0,0,bill_shock,commuter,0,0.05,1
HUT103738,Ratnapura,RAT_07,English,Lite 5GB,5,459,24,0.0,0,plan_too_big,commuter,0,0.05,0
HUT103739,Trincomalee,TRI_08,English,Lite 5GB,5,490,17,0.0,0,plan_too_small,static,0,0.05,0
HUT103740,Gampaha,GAM_11,Sinhala,Value 15GB,15,923,72,0.0,0,bored,commuter,1,0.552,0
HUT103741,Matara,MAT_02,Sinhala,Lite 5GB,5,551,6,0.0,0,network,commuter,0,0.05,0
HUT103742,Kandy,KAN_02,Sinhala,Value 15GB,15,1073,34,0.0,0,healthy,static,1,0.552,0
HUT103743,Colombo,COL_12,English,Value 15GB,15,1177,46,0.0,0,bored,commuter,0,0.05,0
HUT103744,Trincomalee,TRI_01,Tamil,Lite 5GB,5,488,16,0.0,0,traveller,commuter,0,0.05,0
HUT103745,Colombo,COL_10,Tamil,Lite 5GB,5,450,35,0.0,0,plan_too_big,commuter,1,0.05,0
HUT103746,Anuradhapura,ANU_07,Sinhala,Lite 5GB,5,594,68,0.0,0,bored,commuter,1,0.05,1
HUT103747,Trincomalee,TRI_12,Tamil,Unlimited,100,3637,41,0.0,0,traveller,static,1,0.05,0
HUT103748,Batticaloa,BAT_07,English,Max 40GB,40,2259,66,0.0,0,healthy,static,1,0.05,0
HUT103749,Negombo,NEG_09,English,Lite 5GB,5,465,39,0.0,0,healthy,commuter,1,0.552,0
HUT103750,Galle,GAL_03,Sinhala,Max 40GB,40,1945,39,0.0,0,traveller,commuter,0,0.05,0
HUT103751,Matara,MAT_03,English,Value 15GB,15,1067,36,0.0,0,healthy,static,0,0.05,0
HUT103752,Kandy,KAN_10,Sinhala,Lite 5GB,5,582,62,0.0,0,healthy,commuter,0,0.552,0
HUT103753,Anuradhapura,ANU_08,English,Lite 5GB,5,567,60,0.0,0,healthy,commuter,0,0.05,0
HUT103754,Ratnapura,RAT_04,Sinhala,Lite 5GB,5,623,17,0.0,0,bored,commuter,0,0.05,0
HUT103755,Batticaloa,BAT_07,Tamil,Lite 5GB,5,489,53,0.0,0,healthy,commuter,0,0.05,0
HUT103756,Negombo,NEG_02,Sinhala,Lite 5GB,5,619,20,0.0,0,plan_too_small,commuter,1,0.552,0
HUT103757,Ratnapura,RAT_09,English,Lite 5GB,5,567,52,204.0,0,bill_shock,commuter,1,0.05,0
HUT103758,Matara,MAT_05,Sinhala,Value 15GB,15,1096,67,0.0,0,healthy,commuter,1,0.05,0
HUT103759,Gampaha,GAM_06,English,Value 15GB,15,1266,10,0.0,0,plan_too_big,static,0,0.552,0
HUT103760,Batticaloa,BAT_07,English,Lite 5GB,5,551,65,0.0,0,healthy,commuter,0,0.05,0
HUT103761,Matara,MAT_10,Sinhala,Lite 5GB,5,522,71,0.0,0,traveller,commuter,0,0.05,0
HUT103762,Negombo,NEG_11,Sinhala,Lite 5GB,5,559,44,0.0,0,healthy,static,0,0.552,0
HUT103763,Ratnapura,RAT_12,English,Unlimited,100,3367,38,0.0,1,network,commuter,1,0.05,1
HUT103764,Negombo,NEG_01,Sinhala,Value 15GB,15,1024,45,0.0,0,healthy,commuter,1,0.552,0
HUT103765,Colombo,COL_08,English,Value 15GB,15,1217,23,0.0,0,plan_too_big,commuter,0,0.05,0
HUT103766,Galle,GAL_07,English,Max 40GB,40,1901,14,0.0,0,plan_too_small,commuter,0,0.05,0
HUT103767,Kurunegala,KUR_02,Sinhala,Value 15GB,15,1196,16,0.0,0,traveller,static,1,0.552,0
HUT103768,Jaffna,JAF_05,Tamil,Lite 5GB,5,578,44,0.0,0,bored,commuter,0,0.05,0
HUT103769,Kurunegala,KUR_11,Sinhala,Unlimited,100,3238,66,0.0,0,traveller,commuter,1,0.552,0
HUT103770,Colombo,COL_09,English,Value 15GB,15,1075,72,0.0,0,healthy,static,0,0.05,0
HUT103771,Matara,MAT_03,Sinhala,Max 40GB,40,1953,66,0.0,0,plan_too_small,static,1,0.05,0
HUT103772,Galle,GAL_08,Sinhala,Max 40GB,40,1965,72,0.0,0,healthy,static,0,0.05,0
HUT103773,Matara,MAT_10,English,Lite 5GB,5,546,71,0.0,0,healthy,static,0,0.05,0
HUT103774,Anuradhapura,ANU_12,English,Value 15GB,15,1008,14,0.0,0,healthy,static,0,0.05,0
HUT103775,Kandy,KAN_12,Sinhala,Value 15GB,15,968,13,0.0,0,traveller,commuter,0,0.552,0
HUT103776,Kandy,KAN_04,Sinhala,Value 15GB,15,1030,51,0.0,0,healthy,commuter,0,0.552,0
HUT103777,Batticaloa,BAT_12,English,Lite 5GB,5,558,58,0.0,0,healthy,roamer,1,0.05,0
HUT103778,Gampaha,GAM_05,Sinhala,Lite 5GB,5,606,36,0.0,0,plan_too_big,commuter,1,0.552,0
HUT103779,Colombo,COL_05,English,Max 40GB,40,1977,54,0.0,0,traveller,commuter,0,0.05,0
HUT103780,Negombo,NEG_08,Sinhala,Value 15GB,15,1191,8,0.0,0,plan_too_big,commuter,0,0.552,0
HUT103781,Gampaha,GAM_10,Sinhala,Max 40GB,40,1705,56,0.0,0,healthy,static,1,0.552,1
HUT103782,Galle,GAL_12,Sinhala,Lite 5GB,5,482,3,0.0,0,healthy,commuter,1,0.05,0
HUT103783,Anuradhapura,ANU_09,English,Value 15GB,15,991,67,0.0,0,traveller,commuter,0,0.05,0
HUT103784,Trincomalee,TRI_11,English,Value 15GB,15,1022,68,0.0,0,bored,static,0,0.05,0
HUT103785,Galle,GAL_09,English,Max 40GB,40,2004,27,0.0,0,healthy,commuter,0,0.05,0
HUT103786,Ratnapura,RAT_12,Sinhala,Max 40GB,40,1935,69,0.0,1,network,commuter,0,0.05,1
HUT103787,Kandy,KAN_11,Sinhala,Unlimited,100,3574,10,726.0,1,bill_shock,commuter,0,0.552,0
HUT103788,Trincomalee,TRI_06,English,Value 15GB,15,1032,27,0.0,0,healthy,static,0,0.05,0
HUT103789,Anuradhapura,ANU_06,English,Max 40GB,40,2075,32,0.0,0,bored,static,1,0.05,0
HUT103790,Negombo,NEG_06,Sinhala,Value 15GB,15,1045,39,0.0,0,healthy,commuter,0,0.552,1
HUT103791,Trincomalee,TRI_02,English,Max 40GB,40,1678,63,350.0,0,bill_shock,commuter,1,0.05,0
HUT103792,Ratnapura,RAT_06,English,Value 15GB,15,1150,61,759.0,1,bill_shock,commuter,1,0.05,0
HUT103793,Gampaha,GAM_04,English,Max 40GB,40,1872,48,0.0,0,network,static,0,0.552,0
HUT103794,Jaffna,JAF_10,English,Unlimited,100,3625,64,0.0,0,network,static,0,0.05,0
HUT103795,Colombo,COL_10,Tamil,Unlimited,100,2860,44,0.0,0,network,commuter,0,0.05,1
HUT103796,Ratnapura,RAT_09,Sinhala,Value 15GB,15,1084,15,0.0,0,healthy,commuter,0,0.05,0
HUT103797,Trincomalee,TRI_03,English,Unlimited,100,2865,35,0.0,0,plan_too_big,commuter,1,0.05,0
HUT103798,Matara,MAT_10,Sinhala,Lite 5GB,5,631,17,0.0,0,bored,commuter,0,0.05,1
HUT103799,Kandy,KAN_09,Sinhala,Max 40GB,40,1909,48,0.0,0,traveller,roamer,1,0.552,0
HUT103800,Gampaha,GAM_07,Sinhala,Unlimited,100,2950,22,0.0,0,plan_too_big,commuter,0,0.552,0
HUT103801,Trincomalee,TRI_09,Sinhala,Lite 5GB,5,471,65,0.0,1,network,roamer,0,0.05,1
HUT103802,Batticaloa,BAT_09,Tamil,Max 40GB,40,1802,63,0.0,0,traveller,static,0,0.05,0
HUT103803,Colombo,COL_11,Sinhala,Lite 5GB,5,524,19,0.0,0,bored,commuter,0,0.05,0
HUT103804,Batticaloa,BAT_04,English,Unlimited,100,3171,71,747.0,0,bill_shock,commuter,1,0.05,0
HUT103805,Batticaloa,BAT_03,Tamil,Unlimited,100,3700,36,0.0,0,bored,commuter,1,0.05,0
HUT103806,Anuradhapura,ANU_12,Sinhala,Value 15GB,15,1182,7,0.0,0,healthy,commuter,0,0.05,0
HUT103807,Negombo,NEG_04,Sinhala,Value 15GB,15,1151,65,0.0,0,plan_too_small,commuter,0,0.552,0
HUT103808,Ratnapura,RAT_11,Sinhala,Lite 5GB,5,528,11,0.0,0,bored,roamer,0,0.05,0
HUT103809,Colombo,COL_01,Tamil,Value 15GB,15,1138,55,0.0,2,network,commuter,1,0.05,0
HUT103810,Trincomalee,TRI_04,English,Max 40GB,40,2146,50,0.0,0,bored,static,0,0.05,1
HUT103811,Colombo,COL_10,Tamil,Unlimited,100,3746,65,344.0,0,bill_shock,static,1,0.05,1
HUT103812,Ratnapura,RAT_06,Sinhala,Unlimited,100,3738,29,0.0,0,traveller,commuter,1,0.05,0
HUT103813,Batticaloa,BAT_11,Tamil,Max 40GB,40,1672,8,0.0,1,network,commuter,1,0.05,1
HUT103814,Trincomalee,TRI_06,English,Lite 5GB,5,578,46,0.0,0,healthy,commuter,1,0.05,0
HUT103815,Trincomalee,TRI_06,Sinhala,Value 15GB,15,915,41,0.0,0,healthy,commuter,1,0.05,0
HUT103816,Ratnapura,RAT_01,Sinhala,Lite 5GB,5,509,16,0.0,2,network,static,0,0.05,0
HUT103817,Colombo,COL_06,English,Max 40GB,40,2036,16,0.0,0,healthy,commuter,1,0.05,0
HUT103818,Anuradhapura,ANU_09,Sinhala,Value 15GB,15,1258,30,0.0,0,plan_too_big,static,0,0.05,0
HUT103819,Jaffna,JAF_02,Tamil,Value 15GB,15,1155,34,0.0,0,traveller,commuter,0,0.05,0
HUT103820,Gampaha,GAM_10,Sinhala,Value 15GB,15,966,53,338.0,0,bill_shock,commuter,1,0.552,0
HUT103821,Negombo,NEG_08,Sinhala,Value 15GB,15,1021,13,0.0,0,healthy,commuter,0,0.552,0
HUT103822,Colombo,COL_09,Tamil,Lite 5GB,5,603,41,0.0,0,healthy,static,0,0.05,0
HUT103823,Kurunegala,KUR_10,Sinhala,Max 40GB,40,2147,7,0.0,0,healthy,commuter,0,0.552,0
HUT103824,Ratnapura,RAT_10,English,Lite 5GB,5,481,72,0.0,0,healthy,commuter,1,0.05,0
HUT103825,Jaffna,JAF_06,Tamil,Max 40GB,40,1740,37,0.0,1,network,static,0,0.05,1
HUT103826,Matara,MAT_12,Sinhala,Value 15GB,15,1034,13,0.0,0,healthy,commuter,0,0.05,0
HUT103827,Ratnapura,RAT_10,English,Value 15GB,15,1169,68,0.0,0,plan_too_small,commuter,0,0.05,0
HUT103828,Colombo,COL_10,Sinhala,Lite 5GB,5,506,39,0.0,0,network,roamer,0,0.05,1
HUT103829,Jaffna,JAF_07,Tamil,Value 15GB,15,1152,52,228.0,0,bill_shock,commuter,0,0.05,0
HUT103830,Kandy,KAN_05,English,Value 15GB,15,977,27,0.0,1,network,commuter,0,0.552,1
HUT103831,Colombo,COL_08,English,Lite 5GB,5,628,17,0.0,0,healthy,commuter,0,0.05,0
HUT103832,Matara,MAT_04,English,Lite 5GB,5,484,65,0.0,0,healthy,commuter,0,0.05,0
HUT103833,Gampaha,GAM_12,Sinhala,Max 40GB,40,1696,13,0.0,1,network,commuter,0,0.552,1
HUT103834,Batticaloa,BAT_02,Tamil,Lite 5GB,5,613,9,0.0,0,healthy,commuter,1,0.05,0
HUT103835,Kandy,KAN_01,English,Max 40GB,40,2084,14,0.0,0,bored,static,1,0.552,1
HUT103836,Jaffna,JAF_12,Tamil,Value 15GB,15,988,16,0.0,0,healthy,commuter,1,0.05,0
HUT103837,Colombo,COL_01,English,Max 40GB,40,2089,65,863.0,1,bill_shock,static,0,0.05,1
HUT103838,Anuradhapura,ANU_03,English,Value 15GB,15,999,45,627.0,1,bill_shock,commuter,1,0.05,0
HUT103839,Trincomalee,TRI_08,Sinhala,Lite 5GB,5,482,54,0.0,0,healthy,roamer,1,0.05,0
HUT103840,Jaffna,JAF_06,Tamil,Value 15GB,15,1003,48,0.0,1,network,commuter,0,0.05,0
HUT103841,Ratnapura,RAT_06,Sinhala,Lite 5GB,5,568,10,0.0,0,healthy,commuter,1,0.05,0
HUT103842,Trincomalee,TRI_04,English,Lite 5GB,5,517,64,217.0,1,bill_shock,commuter,0,0.05,1
HUT103843,Gampaha,GAM_08,Sinhala,Lite 5GB,5,596,29,0.0,0,healthy,commuter,1,0.552,0
HUT103844,Matara,MAT_02,Sinhala,Lite 5GB,5,628,55,0.0,0,healthy,commuter,1,0.05,0
HUT103845,Colombo,COL_11,English,Lite 5GB,5,602,56,758.0,0,bill_shock,commuter,1,0.05,0
HUT103846,Jaffna,JAF_01,English,Value 15GB,15,1244,70,0.0,0,traveller,commuter,1,0.05,0
HUT103847,Kurunegala,KUR_07,Sinhala,Value 15GB,15,945,23,0.0,0,healthy,commuter,0,0.552,0
HUT103848,Anuradhapura,ANU_12,Sinhala,Lite 5GB,5,582,46,0.0,0,healthy,commuter,0,0.05,0
HUT103849,Trincomalee,TRI_12,English,Max 40GB,40,2319,58,0.0,1,network,commuter,0,0.05,1
HUT103850,Jaffna,JAF_09,Tamil,Max 40GB,40,2031,29,0.0,0,healthy,commuter,1,0.05,0
HUT103851,Jaffna,JAF_10,Tamil,Max 40GB,40,2296,4,0.0,0,plan_too_big,commuter,0,0.05,0
HUT103852,Colombo,COL_04,Tamil,Unlimited,100,3502,50,0.0,0,network,static,0,0.05,1
HUT103853,Negombo,NEG_08,English,Value 15GB,15,1182,29,0.0,0,healthy,commuter,0,0.552,0
HUT103854,Anuradhapura,ANU_07,Sinhala,Lite 5GB,5,538,32,0.0,0,healthy,static,1,0.05,0
HUT103855,Matara,MAT_01,Sinhala,Max 40GB,40,2279,5,0.0,0,healthy,commuter,0,0.05,0
HUT103856,Anuradhapura,ANU_11,English,Max 40GB,40,1887,66,0.0,0,plan_too_big,commuter,1,0.05,0
HUT103857,Trincomalee,TRI_07,English,Lite 5GB,5,465,3,0.0,0,traveller,static,0,0.05,0
HUT103858,Negombo,NEG_11,English,Lite 5GB,5,603,71,0.0,0,healthy,commuter,0,0.552,0
HUT103859,Ratnapura,RAT_11,English,Max 40GB,40,1808,35,0.0,0,healthy,static,1,0.05,0
HUT103860,Ratnapura,RAT_10,Sinhala,Max 40GB,40,1818,37,0.0,0,plan_too_big,commuter,0,0.05,0
HUT103861,Anuradhapura,ANU_04,Sinhala,Lite 5GB,5,498,44,0.0,0,traveller,commuter,1,0.05,0
HUT103862,Matara,MAT_01,English,Value 15GB,15,1107,34,0.0,0,bored,static,1,0.05,0
HUT103863,Negombo,NEG_07,Sinhala,Unlimited,100,3780,40,0.0,0,bored,commuter,0,0.552,1
HUT103864,Anuradhapura,ANU_08,Sinhala,Value 15GB,15,1099,57,0.0,0,healthy,commuter,0,0.05,0
HUT103865,Trincomalee,TRI_09,Tamil,Value 15GB,15,1145,59,0.0,0,network,static,0,0.05,0
HUT103866,Matara,MAT_11,Sinhala,Value 15GB,15,926,41,0.0,0,healthy,roamer,0,0.05,0
HUT103867,Jaffna,JAF_10,English,Value 15GB,15,1041,54,0.0,1,network,commuter,1,0.05,1
HUT103868,Anuradhapura,ANU_03,English,Lite 5GB,5,630,26,0.0,0,plan_too_big,commuter,1,0.05,0
HUT103869,Kurunegala,KUR_04,English,Unlimited,100,3231,33,0.0,0,traveller,commuter,0,0.552,0
HUT103870,Kurunegala,KUR_04,Sinhala,Unlimited,100,2932,5,0.0,0,healthy,commuter,0,0.552,1
HUT103871,Kurunegala,KUR_02,Sinhala,Value 15GB,15,979,17,0.0,0,plan_too_big,commuter,0,0.552,0
HUT103872,Matara,MAT_04,Sinhala,Lite 5GB,5,584,2,0.0,0,healthy,commuter,0,0.05,0
HUT103873,Anuradhapura,ANU_08,Sinhala,Lite 5GB,5,516,30,0.0,0,bored,commuter,1,0.05,0
HUT103874,Ratnapura,RAT_06,English,Value 15GB,15,1073,24,0.0,0,healthy,static,1,0.05,0
HUT103875,Galle,GAL_12,Sinhala,Max 40GB,40,1895,5,439.0,1,bill_shock,commuter,1,0.05,0
HUT103876,Galle,GAL_09,Sinhala,Lite 5GB,5,528,38,0.0,0,bored,commuter,0,0.05,0
HUT103877,Kandy,KAN_10,Sinhala,Unlimited,100,3812,71,0.0,0,bored,commuter,0,0.552,1
HUT103878,Trincomalee,TRI_08,English,Lite 5GB,5,622,52,0.0,0,traveller,static,1,0.05,0
HUT103879,Matara,MAT_06,English,Lite 5GB,5,584,63,256.0,0,bill_shock,commuter,0,0.05,0
HUT103880,Kandy,KAN_12,English,Value 15GB,15,1057,57,0.0,0,traveller,static,1,0.552,0
HUT103881,Trincomalee,TRI_05,English,Max 40GB,40,1924,53,0.0,0,healthy,static,1,0.05,0
HUT103882,Kandy,KAN_05,English,Max 40GB,40,1765,27,0.0,0,healthy,static,1,0.552,0
HUT103883,Jaffna,JAF_06,Tamil,Value 15GB,15,990,36,0.0,0,healthy,commuter,1,0.05,0
HUT103884,Jaffna,JAF_11,Tamil,Lite 5GB,5,582,72,0.0,0,healthy,static,1,0.05,0
HUT103885,Jaffna,JAF_06,Tamil,Value 15GB,15,1109,7,0.0,0,network,static,1,0.05,1
HUT103886,Gampaha,GAM_12,Sinhala,Max 40GB,40,1646,57,0.0,0,healthy,static,0,0.552,0
HUT103887,Kandy,KAN_05,English,Lite 5GB,5,455,49,0.0,0,network,static,1,0.552,1
HUT103888,Matara,MAT_02,English,Lite 5GB,5,608,13,0.0,0,healthy,commuter,0,0.05,0
HUT103889,Anuradhapura,ANU_04,Sinhala,Value 15GB,15,1283,10,0.0,0,bored,static,0,0.05,0
HUT103890,Kandy,KAN_05,Sinhala,Value 15GB,15,1072,52,0.0,0,healthy,static,0,0.552,0
HUT103891,Anuradhapura,ANU_09,Sinhala,Lite 5GB,5,635,71,0.0,0,healthy,commuter,0,0.05,0
HUT103892,Negombo,NEG_08,Sinhala,Value 15GB,15,1153,11,0.0,0,network,static,0,0.552,0
HUT103893,Trincomalee,TRI_11,Sinhala,Value 15GB,15,988,27,845.0,0,bill_shock,commuter,0,0.05,0
HUT103894,Ratnapura,RAT_02,English,Max 40GB,40,1764,71,0.0,0,healthy,commuter,0,0.05,0
HUT103895,Batticaloa,BAT_12,Tamil,Lite 5GB,5,491,52,0.0,0,traveller,commuter,0,0.05,0
HUT103896,Ratnapura,RAT_03,English,Value 15GB,15,1026,64,0.0,0,healthy,commuter,0,0.05,0
HUT103897,Trincomalee,TRI_12,Tamil,Unlimited,100,2824,36,0.0,0,healthy,commuter,1,0.05,0
HUT103898,Anuradhapura,ANU_04,English,Lite 5GB,5,518,46,0.0,0,healthy,static,1,0.05,0
HUT103899,Batticaloa,BAT_07,Tamil,Value 15GB,15,970,2,0.0,0,healthy,roamer,1,0.05,0
HUT103900,Kurunegala,KUR_03,English,Lite 5GB,5,526,24,0.0,0,traveller,commuter,1,0.552,0
HUT103901,Trincomalee,TRI_03,Tamil,Unlimited,100,3369,62,0.0,0,healthy,static,0,0.05,0
HUT103902,Anuradhapura,ANU_04,Sinhala,Lite 5GB,5,473,53,492.0,1,bill_shock,commuter,0,0.05,0
HUT103903,Jaffna,JAF_06,English,Lite 5GB,5,507,24,0.0,1,network,commuter,0,0.05,0
HUT103904,Anuradhapura,ANU_02,English,Value 15GB,15,1094,13,0.0,0,plan_too_small,commuter,1,0.05,0
HUT103905,Matara,MAT_02,English,Unlimited,100,3245,56,0.0,0,traveller,commuter,0,0.05,0
HUT103906,Ratnapura,RAT_05,Sinhala,Value 15GB,15,1250,66,0.0,0,healthy,commuter,1,0.05,0
HUT103907,Matara,MAT_10,Sinhala,Value 15GB,15,1214,63,0.0,0,healthy,commuter,0,0.05,0
HUT103908,Jaffna,JAF_05,English,Max 40GB,40,1982,52,0.0,0,healthy,commuter,0,0.05,0
HUT103909,Colombo,COL_04,Tamil,Value 15GB,15,1101,40,0.0,0,healthy,commuter,0,0.05,0
HUT103910,Kurunegala,KUR_07,Sinhala,Value 15GB,15,1247,43,0.0,0,plan_too_big,static,0,0.552,0
HUT103911,Jaffna,JAF_02,Tamil,Max 40GB,40,1813,22,0.0,0,plan_too_big,static,1,0.05,0
HUT103912,Trincomalee,TRI_06,Tamil,Value 15GB,15,954,20,0.0,0,bored,commuter,0,0.05,0
HUT103913,Anuradhapura,ANU_02,Sinhala,Max 40GB,40,2259,48,0.0,3,network,commuter,0,0.05,1
HUT103914,Kurunegala,KUR_07,English,Value 15GB,15,964,40,0.0,0,bored,static,0,0.552,0
HUT103915,Kandy,KAN_06,English,Value 15GB,15,1147,27,0.0,0,bored,static,1,0.552,1
HUT103916,Colombo,COL_07,Sinhala,Lite 5GB,5,465,64,0.0,0,healthy,commuter,0,0.05,0
HUT103917,Negombo,NEG_04,Sinhala,Max 40GB,40,1657,52,0.0,0,healthy,roamer,0,0.552,1
HUT103918,Kandy,KAN_01,Sinhala,Lite 5GB,5,578,22,0.0,0,healthy,commuter,0,0.552,0
HUT103919,Anuradhapura,ANU_03,Sinhala,Lite 5GB,5,558,13,0.0,0,bored,static,0,0.05,0
HUT103920,Batticaloa,BAT_07,English,Value 15GB,15,984,56,0.0,0,healthy,commuter,1,0.05,0
HUT103921,Galle,GAL_02,Sinhala,Max 40GB,40,2044,68,0.0,0,healthy,commuter,1,0.05,0
HUT103922,Trincomalee,TRI_10,English,Max 40GB,40,1706,29,0.0,0,bored,static,1,0.05,0
HUT103923,Jaffna,JAF_12,Tamil,Max 40GB,40,1654,68,0.0,0,plan_too_small,static,0,0.05,0
HUT103924,Kandy,KAN_11,Sinhala,Lite 5GB,5,613,28,0.0,0,healthy,commuter,1,0.552,0
HUT103925,Colombo,COL_10,English,Lite 5GB,5,484,46,0.0,1,network,commuter,0,0.05,0
HUT103926,Trincomalee,TRI_12,Sinhala,Unlimited,100,3422,62,0.0,0,healthy,roamer,1,0.05,0
HUT103927,Trincomalee,TRI_11,English,Lite 5GB,5,609,17,738.0,0,bill_shock,static,1,0.05,0
HUT103928,Jaffna,JAF_01,Tamil,Value 15GB,15,926,47,0.0,0,traveller,commuter,1,0.05,0
HUT103929,Kandy,KAN_07,Sinhala,Lite 5GB,5,548,26,0.0,0,traveller,static,0,0.552,0
HUT103930,Negombo,NEG_03,Sinhala,Max 40GB,40,1985,58,0.0,0,traveller,commuter,1,0.552,0
HUT103931,Negombo,NEG_06,Sinhala,Lite 5GB,5,591,32,0.0,0,traveller,static,0,0.552,0
HUT103932,Gampaha,GAM_06,English,Unlimited,100,3368,62,0.0,0,traveller,static,0,0.552,0
HUT103933,Galle,GAL_11,Sinhala,Lite 5GB,5,617,7,436.0,2,bill_shock,commuter,0,0.05,0
HUT103934,Trincomalee,TRI_11,Sinhala,Value 15GB,15,1068,7,0.0,0,traveller,commuter,0,0.05,0
HUT103935,Negombo,NEG_10,Sinhala,Value 15GB,15,1056,2,0.0,0,plan_too_big,commuter,0,0.552,0
HUT103936,Ratnapura,RAT_08,Sinhala,Lite 5GB,5,495,41,0.0,0,plan_too_big,static,1,0.05,0
HUT103937,Kurunegala,KUR_03,Sinhala,Value 15GB,15,1255,46,0.0,0,plan_too_big,static,0,0.552,0
HUT103938,Matara,MAT_03,English,Max 40GB,40,1811,34,687.0,1,bill_shock,commuter,0,0.05,0
HUT103939,Negombo,NEG_01,English,Value 15GB,15,1117,41,0.0,0,network,commuter,0,0.552,0
HUT103940,Batticaloa,BAT_03,English,Max 40GB,40,2257,28,0.0,0,healthy,roamer,0,0.05,0
HUT103941,Kurunegala,KUR_06,Sinhala,Value 15GB,15,1258,61,0.0,0,plan_too_big,static,0,0.552,0
HUT103942,Anuradhapura,ANU_12,Sinhala,Unlimited,100,3427,11,0.0,0,bored,commuter,0,0.05,1
HUT103943,Kandy,KAN_10,English,Value 15GB,15,921,42,0.0,0,network,static,0,0.552,0
HUT103944,Anuradhapura,ANU_03,English,Lite 5GB,5,496,10,0.0,0,traveller,commuter,0,0.05,0
HUT103945,Batticaloa,BAT_08,English,Unlimited,100,3074,2,0.0,0,traveller,commuter,0,0.05,0
HUT103946,Galle,GAL_06,Sinhala,Value 15GB,15,1158,53,0.0,0,healthy,static,1,0.05,0
HUT103947,Kurunegala,KUR_12,Sinhala,Value 15GB,15,1021,42,347.0,0,bill_shock,roamer,1,0.552,1
HUT103948,Kandy,KAN_02,English,Max 40GB,40,1920,59,0.0,0,healthy,static,0,0.552,0
HUT103949,Ratnapura,RAT_03,Sinhala,Value 15GB,15,1083,67,0.0,0,healthy,static,1,0.05,0
HUT103950,Gampaha,GAM_03,Sinhala,Unlimited,100,2859,28,0.0,0,plan_too_small,roamer,0,0.552,0
HUT103951,Jaffna,JAF_09,Tamil,Max 40GB,40,2158,6,0.0,0,healthy,commuter,0,0.05,0
HUT103952,Anuradhapura,ANU_05,Sinhala,Lite 5GB,5,608,7,0.0,1,network,static,0,0.05,0
HUT103953,Ratnapura,RAT_10,Sinhala,Lite 5GB,5,533,69,0.0,0,healthy,static,0,0.05,0
HUT103954,Trincomalee,TRI_12,Tamil,Value 15GB,15,1189,31,0.0,0,network,static,1,0.05,1
HUT103955,Batticaloa,BAT_06,Tamil,Unlimited,100,3020,49,0.0,0,healthy,commuter,0,0.05,0
HUT103956,Kandy,KAN_03,Sinhala,Value 15GB,15,1070,12,0.0,0,healthy,commuter,0,0.552,0
HUT103957,Colombo,COL_04,Tamil,Unlimited,100,2875,5,0.0,0,healthy,static,0,0.05,0
HUT103958,Matara,MAT_03,English,Max 40GB,40,1722,63,0.0,0,traveller,static,0,0.05,0
HUT103959,Kurunegala,KUR_11,English,Unlimited,100,3644,51,0.0,0,healthy,commuter,0,0.552,0
HUT103960,Kandy,KAN_02,Sinhala,Lite 5GB,5,453,10,0.0,0,healthy,commuter,1,0.552,0
HUT103961,Gampaha,GAM_08,Sinhala,Unlimited,100,3219,42,0.0,0,traveller,commuter,0,0.552,0
HUT103962,Matara,MAT_09,English,Max 40GB,40,2307,58,0.0,0,healthy,commuter,0,0.05,0
HUT103963,Trincomalee,TRI_01,Tamil,Lite 5GB,5,524,71,0.0,0,bored,commuter,1,0.05,1
HUT103964,Galle,GAL_03,English,Unlimited,100,3075,42,0.0,0,healthy,commuter,0,0.05,0
HUT103965,Anuradhapura,ANU_08,Sinhala,Max 40GB,40,1881,41,0.0,0,healthy,commuter,1,0.05,0
HUT103966,Colombo,COL_04,English,Value 15GB,15,1177,11,0.0,0,healthy,roamer,1,0.05,0
HUT103967,Anuradhapura,ANU_03,Sinhala,Lite 5GB,5,515,11,0.0,0,healthy,roamer,1,0.05,0
HUT103968,Trincomalee,TRI_02,Tamil,Value 15GB,15,1174,7,0.0,0,bored,static,0,0.05,0
HUT103969,Anuradhapura,ANU_06,English,Lite 5GB,5,627,16,0.0,0,healthy,commuter,0,0.05,0
HUT103970,Gampaha,GAM_09,English,Value 15GB,15,1231,10,0.0,0,plan_too_big,roamer,0,0.552,0
HUT103971,Anuradhapura,ANU_09,Sinhala,Value 15GB,15,988,12,0.0,0,traveller,static,0,0.05,0
HUT103972,Kurunegala,KUR_11,English,Value 15GB,15,1265,38,608.0,0,bill_shock,commuter,0,0.552,1
HUT103973,Colombo,COL_03,English,Max 40GB,40,2220,70,0.0,0,bored,commuter,1,0.05,1
HUT103974,Anuradhapura,ANU_03,Sinhala,Value 15GB,15,1100,61,0.0,0,bored,commuter,0,0.05,0
HUT103975,Kurunegala,KUR_04,Sinhala,Value 15GB,15,936,39,0.0,0,traveller,roamer,1,0.552,0
HUT103976,Kandy,KAN_05,Sinhala,Max 40GB,40,1793,65,0.0,0,healthy,commuter,1,0.552,1
HUT103977,Kandy,KAN_08,Sinhala,Max 40GB,40,1791,12,0.0,0,plan_too_small,roamer,1,0.552,0
HUT103978,Kurunegala,KUR_04,English,Max 40GB,40,2210,38,0.0,0,plan_too_small,static,0,0.552,0
HUT103979,Gampaha,GAM_04,Sinhala,Lite 5GB,5,535,8,0.0,0,plan_too_small,commuter,0,0.552,0
HUT103980,Ratnapura,RAT_02,English,Unlimited,100,2852,57,0.0,0,bored,roamer,1,0.05,0
HUT103981,Trincomalee,TRI_09,English,Lite 5GB,5,456,28,0.0,0,network,roamer,1,0.05,1
HUT103982,Ratnapura,RAT_01,English,Unlimited,100,2830,2,0.0,1,network,commuter,0,0.05,0
HUT103983,Gampaha,GAM_10,Sinhala,Max 40GB,40,1882,56,0.0,0,healthy,commuter,1,0.552,0
HUT103984,Kandy,KAN_03,English,Lite 5GB,5,451,27,0.0,0,traveller,commuter,0,0.552,0
HUT103985,Colombo,COL_04,English,Unlimited,100,3644,4,0.0,0,plan_too_big,static,0,0.05,0
HUT103986,Negombo,NEG_08,Sinhala,Lite 5GB,5,561,7,0.0,0,healthy,commuter,0,0.552,1
HUT103987,Trincomalee,TRI_02,Sinhala,Value 15GB,15,1262,40,0.0,0,bored,commuter,0,0.05,0
HUT103988,Anuradhapura,ANU_04,Sinhala,Lite 5GB,5,533,28,0.0,0,traveller,roamer,0,0.05,0
HUT103989,Kurunegala,KUR_08,English,Unlimited,100,3806,46,0.0,0,plan_too_big,commuter,0,0.552,0
HUT103990,Gampaha,GAM_02,Sinhala,Value 15GB,15,1155,8,0.0,0,traveller,static,0,0.552,0
HUT103991,Jaffna,JAF_11,Tamil,Value 15GB,15,1284,10,0.0,0,healthy,commuter,1,0.05,0
HUT103992,Ratnapura,RAT_02,English,Value 15GB,15,1112,24,625.0,0,bill_shock,commuter,0,0.05,0
HUT103993,Kandy,KAN_11,Sinhala,Max 40GB,40,1810,68,695.0,0,bill_shock,static,1,0.552,1
HUT103994,Kurunegala,KUR_02,English,Value 15GB,15,1231,13,0.0,0,healthy,commuter,0,0.552,0
HUT103995,Jaffna,JAF_10,Tamil,Value 15GB,15,1088,24,0.0,2,network,static,0,0.05,1
HUT103996,Colombo,COL_04,Tamil,Max 40GB,40,1956,29,0.0,0,network,commuter,0,0.05,0
HUT103997,Matara,MAT_02,Sinhala,Max 40GB,40,2062,41,0.0,0,healthy,commuter,0,0.05,0
HUT103998,Kurunegala,KUR_03,English,Value 15GB,15,1146,70,0.0,0,healthy,static,0,0.552,0
HUT103999,Anuradhapura,ANU_02,Sinhala,Value 15GB,15,1257,50,0.0,1,network,commuter,0,0.05,0
