cell_id,region,week,shared_site,call_drop_rate_pct,avg_sinr_db,prb_utilisation_pct,handover_success_pct,outage_minutes
COL_01,Colombo,1,0,0.454,16.08,38.5,97.82,0.0
COL_01,Colombo,2,0,0.48,15.49,40.9,97.74,0.0
COL_01,Colombo,3,0,0.448,15.69,35.1,97.86,0.0
COL_01,Colombo,4,0,0.336,14.5,33.1,97.92,0.0
COL_01,Colombo,5,0,0.374,15.44,41.1,97.93,0.0
COL_01,Colombo,6,0,0.299,14.95,40.2,98.0,0.0
COL_01,Colombo,7,0,0.358,14.99,36.5,97.77,0.0
COL_01,Colombo,8,0,0.514,14.79,40.3,98.2,0.0
COL_01,Colombo,9,0,0.415,15.21,40.9,97.99,0.0
COL_01,Colombo,10,0,0.377,15.32,45.9,97.59,0.0
COL_01,Colombo,11,0,0.502,15.35,37.9,98.48,0.0
COL_01,Colombo,12,0,0.496,14.56,40.7,98.12,0.0
COL_01,Colombo,13,0,0.439,15.69,40.2,98.14,0.0
COL_01,Colombo,14,0,0.536,14.87,41.2,97.86,0.0
COL_01,Colombo,15,0,0.458,14.56,38.1,97.93,0.0
COL_01,Colombo,16,0,0.504,15.96,35.1,97.78,0.0
COL_01,Colombo,17,0,0.489,14.08,38.6,97.95,0.0
COL_01,Colombo,18,0,0.526,15.69,39.1,97.88,0.0
COL_01,Colombo,19,0,0.435,16.19,38.7,97.9,0.0
COL_01,Colombo,20,0,0.471,15.2,39.6,97.7,0.0
COL_01,Colombo,21,0,0.449,15.01,45.1,98.14,0.0
COL_01,Colombo,22,0,0.449,15.68,39.1,98.24,0.0
COL_01,Colombo,23,0,0.45,15.63,35.3,98.06,0.0
COL_01,Colombo,24,0,0.349,14.06,39.2,97.75,0.0
COL_01,Colombo,25,0,0.46,16.62,37.1,97.82,0.0
COL_01,Colombo,26,0,0.462,15.57,39.7,97.93,0.0
COL_02,Colombo,1,0,0.564,15.34,34.5,98.59,0.0
COL_02,Colombo,2,0,0.554,15.5,30.1,98.05,0.0
COL_02,Colombo,3,0,0.48,16.07,22.0,98.76,0.0
COL_02,Colombo,4,0,0.444,16.31,27.2,98.74,0.0
COL_02,Colombo,5,0,0.556,14.93,35.6,98.9,0.0
COL_02,Colombo,6,0,0.544,15.69,29.9,98.3,0.0
COL_02,Colombo,7,0,0.614,15.53,30.4,98.35,0.0
COL_02,Colombo,8,0,0.511,15.09,35.6,98.51,0.0
COL_02,Colombo,9,0,0.606,15.86,27.8,98.46,0.0
COL_02,Colombo,10,0,0.515,15.86,29.1,98.47,0.0
COL_02,Colombo,11,0,0.466,15.37,37.2,98.38,0.0
COL_02,Colombo,12,0,0.485,16.05,36.2,98.18,0.0
COL_02,Colombo,13,0,0.536,15.47,23.5,98.73,0.0
COL_02,Colombo,14,0,0.547,15.89,27.6,98.66,0.0
COL_02,Colombo,15,0,0.516,15.77,26.1,98.24,0.0
COL_02,Colombo,16,0,0.628,15.55,31.7,98.54,0.0
COL_02,Colombo,17,0,0.522,15.55,33.1,98.47,0.0
COL_02,Colombo,18,0,0.539,15.87,35.3,98.71,0.0
COL_02,Colombo,19,0,0.571,15.51,25.0,98.78,0.0
COL_02,Colombo,20,0,0.606,15.77,32.7,98.74,0.0
COL_02,Colombo,21,0,0.598,16.4,28.7,98.92,0.0
COL_02,Colombo,22,0,0.474,16.37,32.5,98.76,0.0
COL_02,Colombo,23,0,0.661,16.74,26.0,98.12,0.0
COL_02,Colombo,24,0,0.597,15.24,30.5,98.75,0.0
COL_02,Colombo,25,0,0.45,14.59,31.6,98.56,0.0
COL_02,Colombo,26,0,0.534,15.87,27.1,98.17,0.0
COL_03,Colombo,1,0,0.367,11.58,18.6,98.73,0.0
COL_03,Colombo,2,0,0.438,11.5,24.1,99.04,0.0
COL_03,Colombo,3,0,0.548,11.14,26.2,98.93,0.0
COL_03,Colombo,4,0,0.426,11.1,20.8,99.14,0.0
COL_03,Colombo,5,0,0.422,12.02,21.5,99.24,0.0
COL_03,Colombo,6,0,0.425,10.65,19.9,98.46,0.0
COL_03,Colombo,7,0,0.232,11.66,28.0,98.97,0.0
COL_03,Colombo,8,0,0.356,11.41,27.2,98.99,0.0
COL_03,Colombo,9,0,0.43,11.94,22.8,99.16,0.0
COL_03,Colombo,10,0,0.46,12.1,18.5,99.08,0.0
COL_03,Colombo,11,0,0.386,12.63,17.6,98.92,0.0
COL_03,Colombo,12,0,0.426,11.18,29.5,99.32,0.0
COL_03,Colombo,13,0,0.399,12.44,24.1,98.3,0.0
COL_03,Colombo,14,0,0.442,11.94,23.0,98.68,0.0
COL_03,Colombo,15,0,0.411,11.87,27.4,99.04,0.0
COL_03,Colombo,16,0,0.426,12.89,20.4,98.86,0.0
COL_03,Colombo,17,0,0.318,12.92,26.5,99.18,0.0
COL_03,Colombo,18,0,0.467,12.04,23.5,98.89,0.0
COL_03,Colombo,19,0,0.414,12.01,28.7,99.09,0.0
COL_03,Colombo,20,0,0.423,11.63,20.1,99.35,0.0
COL_03,Colombo,21,0,0.457,12.01,21.3,98.68,0.0
COL_03,Colombo,22,0,0.423,12.5,21.1,98.9,0.0
COL_03,Colombo,23,0,0.413,12.04,16.3,98.9,0.0
COL_03,Colombo,24,0,0.375,12.5,19.6,99.1,0.0
COL_03,Colombo,25,0,0.518,11.79,20.2,99.0,0.0
COL_03,Colombo,26,0,0.427,11.38,24.5,99.46,0.0
COL_04,Colombo,1,1,0.491,13.43,34.7,99.2,0.0
COL_04,Colombo,2,1,0.429,14.3,38.2,98.77,0.0
COL_04,Colombo,3,1,0.378,13.16,30.6,99.19,0.0
COL_04,Colombo,4,1,0.471,13.41,27.0,98.7,0.0
COL_04,Colombo,5,1,0.431,13.85,31.3,98.9,0.0
COL_04,Colombo,6,1,0.396,13.95,31.2,98.8,0.0
COL_04,Colombo,7,1,0.444,15.1,32.8,98.84,0.0
COL_04,Colombo,8,1,0.313,14.21,22.6,98.47,0.0
COL_04,Colombo,9,1,0.465,14.4,29.8,98.4,0.0
COL_04,Colombo,10,1,0.392,13.57,33.0,99.39,0.0
COL_04,Colombo,11,1,0.427,13.5,25.7,98.81,0.0
COL_04,Colombo,12,1,0.403,13.28,30.9,98.54,0.0
COL_04,Colombo,13,1,0.481,14.61,34.8,98.7,0.0
COL_04,Colombo,14,1,0.445,13.89,28.9,98.74,0.0
COL_04,Colombo,15,1,0.336,13.11,33.6,98.78,0.0
COL_04,Colombo,16,1,0.427,14.57,23.5,98.63,0.0
COL_04,Colombo,17,1,0.424,14.21,28.9,99.08,0.0
COL_04,Colombo,18,1,0.426,13.24,26.7,99.02,0.0
COL_04,Colombo,19,1,0.442,12.83,35.8,98.97,0.0
COL_04,Colombo,20,1,0.494,13.74,29.2,98.54,0.0
COL_04,Colombo,21,1,0.566,13.87,36.8,98.66,0.0
COL_04,Colombo,22,1,0.424,12.97,28.9,99.07,0.0
COL_04,Colombo,23,1,0.339,14.62,31.8,98.56,0.0
COL_04,Colombo,24,1,0.384,13.7,30.2,98.69,0.0
COL_04,Colombo,25,1,0.364,13.79,26.3,98.5,0.0
COL_04,Colombo,26,1,0.411,14.5,24.3,98.82,0.0
COL_05,Colombo,1,0,0.382,11.82,52.1,98.38,0.0
COL_05,Colombo,2,0,0.35,12.32,54.9,97.97,0.0
COL_05,Colombo,3,0,0.353,11.99,58.9,98.01,0.0
COL_05,Colombo,4,0,0.357,10.93,57.7,97.97,0.0
COL_05,Colombo,5,0,0.251,11.92,59.5,97.86,0.0
COL_05,Colombo,6,0,0.294,11.51,50.6,98.33,0.0
COL_05,Colombo,7,0,0.311,11.53,57.4,98.05,0.0
COL_05,Colombo,8,0,0.385,11.38,50.2,97.78,0.0
COL_05,Colombo,9,0,0.471,11.77,56.1,98.23,0.0
COL_05,Colombo,10,0,0.369,11.99,62.7,97.98,0.0
COL_05,Colombo,11,0,0.266,11.35,49.8,98.42,0.0
COL_05,Colombo,12,0,0.408,11.38,49.5,98.15,0.0
COL_05,Colombo,13,0,0.442,10.27,57.2,97.97,0.0
COL_05,Colombo,14,0,0.421,11.31,54.0,97.86,0.0
COL_05,Colombo,15,0,0.3,12.79,58.4,98.14,0.0
COL_05,Colombo,16,0,0.307,10.82,53.5,98.23,0.0
COL_05,Colombo,17,0,0.354,11.9,50.6,98.22,0.0
COL_05,Colombo,18,0,0.357,12.73,62.6,98.2,0.0
COL_05,Colombo,19,0,0.313,11.92,52.7,98.05,0.0
COL_05,Colombo,20,0,0.355,11.33,57.5,98.21,0.0
COL_05,Colombo,21,0,0.374,11.85,52.2,98.0,0.0
COL_05,Colombo,22,0,0.345,11.63,56.0,98.24,0.0
COL_05,Colombo,23,0,0.277,12.0,49.7,98.08,0.0
COL_05,Colombo,24,0,0.341,10.71,55.5,98.28,0.0
COL_05,Colombo,25,0,0.35,11.7,53.6,97.99,0.0
COL_05,Colombo,26,0,0.343,11.63,55.5,97.94,0.0
COL_06,Colombo,1,0,0.511,15.02,43.3,98.39,0.0
COL_06,Colombo,2,0,0.444,14.72,44.7,98.4,0.0
COL_06,Colombo,3,0,0.495,13.96,44.3,98.58,0.0
COL_06,Colombo,4,0,0.544,15.01,35.9,98.53,0.0
COL_06,Colombo,5,0,0.474,13.35,43.7,97.92,0.0
COL_06,Colombo,6,0,0.405,14.49,47.3,98.2,0.0
COL_06,Colombo,7,0,0.499,15.92,48.5,98.27,0.0
COL_06,Colombo,8,0,0.468,14.12,39.4,98.4,0.0
COL_06,Colombo,9,0,0.507,14.94,46.1,98.1,0.0
COL_06,Colombo,10,0,0.48,15.31,44.5,98.56,0.0
COL_06,Colombo,11,0,0.507,14.69,43.6,98.04,0.0
COL_06,Colombo,12,0,0.385,15.22,41.9,98.37,0.0
COL_06,Colombo,13,0,0.381,14.65,39.8,98.08,0.0
COL_06,Colombo,14,0,0.348,14.67,45.7,98.39,0.0
COL_06,Colombo,15,0,0.447,14.86,45.2,97.6,0.0
COL_06,Colombo,16,0,0.476,15.2,44.9,98.72,0.0
COL_06,Colombo,17,0,0.551,15.06,43.4,98.49,0.0
COL_06,Colombo,18,0,0.451,14.85,45.8,98.78,0.0
COL_06,Colombo,19,0,0.473,14.84,43.0,98.63,0.0
COL_06,Colombo,20,0,0.481,15.75,38.3,98.25,0.0
COL_06,Colombo,21,0,0.471,15.34,46.3,97.92,0.0
COL_06,Colombo,22,0,0.428,15.07,39.5,97.91,0.0
COL_06,Colombo,23,0,0.545,15.17,44.1,98.17,0.0
COL_06,Colombo,24,0,0.545,14.73,46.5,98.06,0.0
COL_06,Colombo,25,0,0.432,15.0,39.4,98.46,0.0
COL_06,Colombo,26,0,0.499,14.32,42.5,98.2,0.0
COL_07,Colombo,1,0,0.582,12.99,44.4,99.42,0.0
COL_07,Colombo,2,0,0.52,12.93,40.1,99.24,0.0
COL_07,Colombo,3,0,0.479,11.99,41.0,99.26,0.0
COL_07,Colombo,4,0,0.57,12.98,40.8,99.36,0.0
COL_07,Colombo,5,0,0.608,12.32,36.8,99.19,0.0
COL_07,Colombo,6,0,0.646,12.84,35.3,99.36,0.0
COL_07,Colombo,7,0,0.565,13.28,31.9,99.19,0.0
COL_07,Colombo,8,0,0.556,14.37,42.1,99.42,0.0
COL_07,Colombo,9,0,0.621,14.09,37.4,99.36,0.0
COL_07,Colombo,10,0,0.651,13.15,41.0,99.32,0.0
COL_07,Colombo,11,0,0.694,13.88,40.6,99.62,0.0
COL_07,Colombo,12,0,0.457,13.24,37.5,99.56,0.0
COL_07,Colombo,13,0,0.619,12.65,31.5,99.54,0.0
COL_07,Colombo,14,0,0.534,12.66,35.9,99.36,0.0
COL_07,Colombo,15,0,0.44,13.59,39.3,99.73,0.0
COL_07,Colombo,16,0,0.697,12.87,31.1,99.22,0.0
COL_07,Colombo,17,0,0.506,12.55,38.6,98.95,0.0
COL_07,Colombo,18,0,0.599,11.95,39.5,99.42,0.0
COL_07,Colombo,19,0,0.559,12.81,36.1,99.29,0.0
COL_07,Colombo,20,0,0.477,12.84,45.7,99.9,0.0
COL_07,Colombo,21,0,0.658,13.28,35.6,99.81,0.0
COL_07,Colombo,22,0,0.575,12.81,37.1,99.47,0.0
COL_07,Colombo,23,0,0.552,12.81,34.0,99.35,0.0
COL_07,Colombo,24,0,0.715,12.81,37.3,99.58,0.0
COL_07,Colombo,25,0,0.621,12.19,37.5,99.68,0.0
COL_07,Colombo,26,0,0.594,12.93,44.5,99.28,0.0
COL_08,Colombo,1,0,0.501,13.51,69.0,96.84,0.0
COL_08,Colombo,2,0,0.507,12.97,60.7,97.37,0.0
COL_08,Colombo,3,0,0.406,11.9,61.9,96.86,0.0
COL_08,Colombo,4,0,0.423,13.37,64.6,97.63,0.0
COL_08,Colombo,5,0,0.45,12.23,60.3,97.0,0.0
COL_08,Colombo,6,0,0.389,13.41,60.8,96.74,0.0
COL_08,Colombo,7,0,0.503,13.08,64.8,97.26,0.0
COL_08,Colombo,8,0,0.499,13.17,68.3,97.34,0.0
COL_08,Colombo,9,0,0.485,13.39,57.5,97.19,0.0
COL_08,Colombo,10,0,0.446,13.27,57.9,97.64,0.0
COL_08,Colombo,11,0,0.468,12.42,56.5,97.16,0.0
COL_08,Colombo,12,0,0.456,12.72,63.7,97.07,0.0
COL_08,Colombo,13,0,0.495,12.71,63.2,97.48,0.0
COL_08,Colombo,14,0,0.616,12.54,61.5,97.02,0.0
COL_08,Colombo,15,0,0.509,12.46,61.4,97.23,0.0
COL_08,Colombo,16,0,0.403,12.57,61.5,96.71,0.0
COL_08,Colombo,17,0,0.375,12.9,64.0,97.19,0.0
COL_08,Colombo,18,0,0.355,12.87,66.6,97.37,0.0
COL_08,Colombo,19,0,0.457,12.62,65.9,97.09,0.0
COL_08,Colombo,20,0,0.391,12.67,69.2,97.29,0.0
COL_08,Colombo,21,0,0.531,12.86,67.1,97.08,0.0
COL_08,Colombo,22,0,0.452,14.64,66.4,97.11,0.0
COL_08,Colombo,23,0,0.456,13.34,68.2,97.11,0.0
COL_08,Colombo,24,0,0.357,12.98,63.4,97.26,0.0
COL_08,Colombo,25,0,0.541,13.34,66.6,96.96,0.0
COL_08,Colombo,26,0,0.514,14.41,66.5,97.3,0.0
COL_09,Colombo,1,0,0.445,19.33,30.8,98.55,0.0
COL_09,Colombo,2,0,0.464,18.46,31.9,98.74,0.0
COL_09,Colombo,3,0,0.414,19.0,34.6,98.25,0.0
COL_09,Colombo,4,0,0.483,18.51,36.5,99.1,0.0
COL_09,Colombo,5,0,0.593,19.02,34.9,98.55,0.0
COL_09,Colombo,6,0,0.478,20.08,26.7,98.79,0.0
COL_09,Colombo,7,0,0.469,19.99,32.7,98.35,0.0
COL_09,Colombo,8,0,0.488,19.59,32.1,98.64,0.0
COL_09,Colombo,9,0,0.44,17.87,35.5,98.7,0.0
COL_09,Colombo,10,0,0.48,19.19,36.1,98.41,0.0
COL_09,Colombo,11,0,0.429,19.03,36.7,98.18,0.0
COL_09,Colombo,12,0,0.543,18.76,27.5,98.84,0.0
COL_09,Colombo,13,0,0.466,18.37,30.5,98.75,0.0
COL_09,Colombo,14,0,0.543,18.89,33.6,98.7,0.0
COL_09,Colombo,15,0,0.433,19.36,31.8,98.39,0.0
COL_09,Colombo,16,0,0.442,19.19,32.1,98.38,0.0
COL_09,Colombo,17,0,0.446,19.81,32.8,98.74,0.0
COL_09,Colombo,18,0,0.544,19.5,41.0,98.32,0.0
COL_09,Colombo,19,0,0.52,18.96,39.4,98.95,0.0
COL_09,Colombo,20,0,0.354,18.57,34.6,98.72,0.0
COL_09,Colombo,21,0,0.516,19.1,33.8,98.69,0.0
COL_09,Colombo,22,0,0.467,19.76,22.9,98.68,0.0
COL_09,Colombo,23,0,0.41,19.72,31.0,98.3,0.0
COL_09,Colombo,24,0,0.494,18.6,28.3,98.13,0.0
COL_09,Colombo,25,0,0.47,19.44,36.0,98.49,0.0
COL_09,Colombo,26,0,0.534,19.16,31.6,98.67,0.0
COL_10,Colombo,1,0,0.549,13.83,42.4,98.38,0.0
COL_10,Colombo,2,0,0.719,13.83,47.9,98.73,0.0
COL_10,Colombo,3,0,0.558,13.38,42.6,98.5,0.0
COL_10,Colombo,4,0,0.601,13.44,33.6,98.43,0.0
COL_10,Colombo,5,0,0.465,13.84,37.9,98.31,0.0
COL_10,Colombo,6,0,0.585,13.78,35.1,98.05,0.0
COL_10,Colombo,7,0,0.534,12.39,37.0,98.89,0.0
COL_10,Colombo,8,0,0.535,14.0,35.3,98.56,0.0
COL_10,Colombo,9,0,0.579,13.58,43.1,98.93,0.0
COL_10,Colombo,10,0,0.61,13.69,36.9,98.63,0.0
COL_10,Colombo,11,0,0.583,14.11,40.7,98.92,0.0
COL_10,Colombo,12,0,0.479,13.43,44.4,98.4,0.0
COL_10,Colombo,13,0,0.551,13.45,35.3,98.52,0.0
COL_10,Colombo,14,0,0.745,14.3,36.4,98.27,0.0
COL_10,Colombo,15,0,0.574,14.21,37.5,98.31,0.0
COL_10,Colombo,16,0,0.651,14.13,39.3,98.21,0.0
COL_10,Colombo,17,0,0.505,13.19,31.9,98.67,0.0
COL_10,Colombo,18,0,0.56,13.9,48.3,98.78,0.0
COL_10,Colombo,19,0,0.529,14.13,45.5,98.3,0.0
COL_10,Colombo,20,0,0.541,13.55,34.4,98.86,0.0
COL_10,Colombo,21,0,0.454,12.95,39.8,98.43,0.0
COL_10,Colombo,22,0,1.468,12.81,48.6,98.15,0.0
COL_10,Colombo,23,0,2.189,11.67,55.3,97.27,0.0
COL_10,Colombo,24,0,3.19,10.16,64.3,96.81,0.0
COL_10,Colombo,25,0,3.198,10.3,75.0,97.19,0.0
COL_10,Colombo,26,0,3.089,10.89,76.9,96.81,0.0
COL_11,Colombo,1,1,0.457,13.69,32.2,98.44,0.0
COL_11,Colombo,2,1,0.427,13.85,41.1,98.54,0.0
COL_11,Colombo,3,1,0.511,14.17,37.2,98.42,0.0
COL_11,Colombo,4,1,0.462,14.41,32.6,98.79,0.0
COL_11,Colombo,5,1,0.483,13.51,35.0,98.28,0.0
COL_11,Colombo,6,1,0.491,13.53,41.5,98.26,0.0
COL_11,Colombo,7,1,0.345,13.52,28.9,98.44,0.0
COL_11,Colombo,8,1,0.544,14.35,31.6,98.26,0.0
COL_11,Colombo,9,1,0.588,14.15,37.0,98.72,0.0
COL_11,Colombo,10,1,0.628,14.74,37.5,98.54,0.0
COL_11,Colombo,11,1,0.518,13.59,32.7,98.46,0.0
COL_11,Colombo,12,1,0.424,13.92,37.3,99.04,0.0
COL_11,Colombo,13,1,0.43,13.89,36.3,98.56,0.0
COL_11,Colombo,14,1,0.544,13.66,33.7,98.04,0.0
COL_11,Colombo,15,1,0.425,14.28,37.1,98.2,0.0
COL_11,Colombo,16,1,0.459,13.98,39.0,98.3,0.0
COL_11,Colombo,17,1,0.466,12.87,32.4,98.86,0.0
COL_11,Colombo,18,1,0.35,13.76,37.8,98.36,0.0
COL_11,Colombo,19,1,0.432,13.92,36.9,98.43,0.0
COL_11,Colombo,20,1,0.368,13.87,33.5,98.31,0.0
COL_11,Colombo,21,1,0.495,14.34,40.6,98.33,0.0
COL_11,Colombo,22,1,0.536,14.66,41.5,98.8,0.0
COL_11,Colombo,23,1,0.472,13.85,40.3,98.11,0.0
COL_11,Colombo,24,1,0.494,13.64,35.5,98.02,0.0
COL_11,Colombo,25,1,0.428,13.95,40.5,98.7,0.0
COL_11,Colombo,26,1,0.476,13.85,33.6,98.55,0.0
COL_12,Colombo,1,0,0.328,15.36,72.0,98.63,0.0
COL_12,Colombo,2,0,0.324,16.47,71.8,98.49,0.0
COL_12,Colombo,3,0,0.375,15.87,67.9,98.74,0.0
COL_12,Colombo,4,0,0.486,16.8,71.5,98.92,0.0
COL_12,Colombo,5,0,0.455,15.16,66.2,98.66,0.0
COL_12,Colombo,6,0,0.392,16.62,65.3,98.35,0.0
COL_12,Colombo,7,0,0.502,16.47,67.6,98.81,0.0
COL_12,Colombo,8,0,0.479,16.28,56.9,98.41,0.0
COL_12,Colombo,9,0,0.388,15.48,67.6,98.88,0.0
COL_12,Colombo,10,0,0.386,15.39,74.9,98.46,0.0
COL_12,Colombo,11,0,0.341,16.22,68.5,98.4,0.0
COL_12,Colombo,12,0,0.463,15.78,63.1,98.62,0.0
COL_12,Colombo,13,0,0.462,15.69,68.1,98.55,0.0
COL_12,Colombo,14,0,0.585,15.65,72.3,98.56,0.0
COL_12,Colombo,15,0,0.408,16.51,70.3,98.89,0.0
COL_12,Colombo,16,0,0.435,15.72,64.6,98.7,0.0
COL_12,Colombo,17,0,0.45,16.91,68.4,98.84,0.0
COL_12,Colombo,18,0,0.506,16.17,60.8,98.28,0.0
COL_12,Colombo,19,0,0.329,17.03,63.4,98.89,0.0
COL_12,Colombo,20,0,0.45,17.1,70.8,98.55,0.0
COL_12,Colombo,21,0,0.403,16.13,67.5,98.44,0.0
COL_12,Colombo,22,0,0.413,17.04,60.0,98.64,0.0
COL_12,Colombo,23,0,0.361,16.19,70.1,98.56,0.0
COL_12,Colombo,24,0,0.462,15.12,71.2,98.43,0.0
COL_12,Colombo,25,0,0.453,16.18,56.4,98.39,0.0
COL_12,Colombo,26,0,0.429,17.01,67.9,98.64,0.0
GAM_01,Gampaha,1,1,0.305,19.84,70.4,98.94,0.0
GAM_01,Gampaha,2,1,0.285,17.63,72.8,98.31,0.0
GAM_01,Gampaha,3,1,0.24,18.39,71.0,98.72,0.0
GAM_01,Gampaha,4,1,0.275,17.76,62.3,98.64,0.0
GAM_01,Gampaha,5,1,0.21,17.44,62.4,98.5,0.0
GAM_01,Gampaha,6,1,0.141,17.41,61.0,98.67,0.0
GAM_01,Gampaha,7,1,0.277,19.43,61.5,98.45,0.0
GAM_01,Gampaha,8,1,0.307,18.09,66.2,99.05,0.0
GAM_01,Gampaha,9,1,0.232,17.53,62.2,98.7,0.0
GAM_01,Gampaha,10,1,0.271,17.4,63.6,98.75,0.0
GAM_01,Gampaha,11,1,0.287,17.84,70.0,98.76,0.0
GAM_01,Gampaha,12,1,0.145,18.03,69.2,98.48,0.0
GAM_01,Gampaha,13,1,0.124,18.05,70.5,99.02,0.0
GAM_01,Gampaha,14,1,0.121,19.79,63.0,98.86,0.0
GAM_01,Gampaha,15,1,0.326,18.81,68.1,98.33,0.0
GAM_01,Gampaha,16,1,0.29,17.79,57.4,99.33,0.0
GAM_01,Gampaha,17,1,0.295,19.31,63.8,98.99,0.0
GAM_01,Gampaha,18,1,0.348,19.15,67.4,98.32,0.0
GAM_01,Gampaha,19,1,0.242,16.9,60.7,98.64,0.0
GAM_01,Gampaha,20,1,0.193,18.12,67.1,99.1,0.0
GAM_01,Gampaha,21,1,0.33,18.19,72.3,98.43,0.0
GAM_01,Gampaha,22,1,0.232,18.77,62.5,98.55,0.0
GAM_01,Gampaha,23,1,0.173,18.29,74.0,98.43,0.0
GAM_01,Gampaha,24,1,0.266,17.68,62.9,98.31,0.0
GAM_01,Gampaha,25,1,0.34,19.64,69.4,98.44,0.0
GAM_01,Gampaha,26,1,0.295,18.02,70.7,98.69,0.0
GAM_02,Gampaha,1,1,0.432,16.14,38.3,97.96,0.0
GAM_02,Gampaha,2,1,0.44,15.51,39.5,98.74,0.0
GAM_02,Gampaha,3,1,0.54,15.87,42.3,97.94,0.0
GAM_02,Gampaha,4,1,0.579,15.69,25.3,98.98,0.0
GAM_02,Gampaha,5,1,0.584,15.46,37.1,98.26,0.0
GAM_02,Gampaha,6,1,0.495,15.19,33.7,98.43,0.0
GAM_02,Gampaha,7,1,0.503,16.8,36.8,98.9,0.0
GAM_02,Gampaha,8,1,0.446,16.23,28.8,98.0,0.0
GAM_02,Gampaha,9,1,0.569,15.51,38.6,98.3,0.0
GAM_02,Gampaha,10,1,0.426,15.87,34.4,98.2,0.0
GAM_02,Gampaha,11,1,0.534,16.47,34.2,98.09,0.0
GAM_02,Gampaha,12,1,0.506,16.02,40.6,98.98,0.0
GAM_02,Gampaha,13,1,0.54,16.06,35.8,98.1,0.0
GAM_02,Gampaha,14,1,0.435,15.48,34.9,98.21,0.0
GAM_02,Gampaha,15,1,0.534,15.84,35.7,98.01,0.0
GAM_02,Gampaha,16,1,0.588,16.38,43.6,98.52,0.0
GAM_02,Gampaha,17,1,0.579,15.93,39.3,98.99,0.0
GAM_02,Gampaha,18,1,0.416,16.78,43.3,98.42,0.0
GAM_02,Gampaha,19,1,0.535,16.85,33.8,98.42,0.0
GAM_02,Gampaha,20,1,1.728,13.97,34.6,97.15,0.0
GAM_02,Gampaha,21,1,3.082,12.97,32.0,96.56,0.0
GAM_02,Gampaha,22,1,4.436,11.44,37.0,94.9,0.0
GAM_02,Gampaha,23,1,4.399,11.24,31.6,95.12,0.0
GAM_02,Gampaha,24,1,4.544,9.86,42.5,95.02,0.0
GAM_02,Gampaha,25,1,4.358,11.84,33.6,94.97,0.0
GAM_02,Gampaha,26,1,4.455,10.87,36.7,94.96,0.0
GAM_03,Gampaha,1,0,0.38,17.04,31.9,98.95,0.0
GAM_03,Gampaha,2,0,0.359,19.58,27.3,98.96,0.0
GAM_03,Gampaha,3,0,0.475,18.7,38.2,99.31,0.0
GAM_03,Gampaha,4,0,0.332,18.59,36.9,99.47,0.0
GAM_03,Gampaha,5,0,0.386,18.66,31.4,99.08,0.0
GAM_03,Gampaha,6,0,0.505,18.64,27.2,99.11,0.0
GAM_03,Gampaha,7,0,0.431,19.03,31.3,99.06,0.0
GAM_03,Gampaha,8,0,0.388,17.6,26.5,99.43,0.0
GAM_03,Gampaha,9,0,0.356,18.86,36.9,99.39,0.0
GAM_03,Gampaha,10,0,0.387,19.94,34.6,99.14,0.0
GAM_03,Gampaha,11,0,0.431,18.88,28.4,99.25,0.0
GAM_03,Gampaha,12,0,0.376,17.42,31.2,99.16,0.0
GAM_03,Gampaha,13,0,0.359,17.62,30.4,99.22,0.0
GAM_03,Gampaha,14,0,0.392,17.93,34.5,98.92,0.0
GAM_03,Gampaha,15,0,0.372,19.44,29.0,99.1,0.0
GAM_03,Gampaha,16,0,0.452,18.4,30.7,99.28,0.0
GAM_03,Gampaha,17,0,0.451,17.27,28.5,98.97,0.0
GAM_03,Gampaha,18,0,0.319,18.11,28.4,99.31,0.0
GAM_03,Gampaha,19,0,0.331,18.71,33.5,99.04,0.0
GAM_03,Gampaha,20,0,0.394,19.64,33.2,99.06,0.0
GAM_03,Gampaha,21,0,0.382,18.07,33.0,99.45,0.0
GAM_03,Gampaha,22,0,0.336,18.5,36.4,99.1,0.0
GAM_03,Gampaha,23,0,0.398,18.0,28.5,99.1,0.0
GAM_03,Gampaha,24,0,0.517,18.39,29.8,99.09,0.0
GAM_03,Gampaha,25,0,0.376,19.03,32.6,99.74,0.0
GAM_03,Gampaha,26,0,0.399,19.5,33.0,99.38,0.0
GAM_04,Gampaha,1,1,0.225,13.91,42.1,98.37,0.0
GAM_04,Gampaha,2,1,0.272,13.41,39.4,98.5,0.0
GAM_04,Gampaha,3,1,0.257,13.94,40.8,98.22,0.0
GAM_04,Gampaha,4,1,0.244,14.88,38.9,98.81,0.0
GAM_04,Gampaha,5,1,0.299,13.9,46.2,98.06,0.0
GAM_04,Gampaha,6,1,0.144,13.4,41.5,98.35,0.0
GAM_04,Gampaha,7,1,0.217,14.23,34.6,98.55,0.0
GAM_04,Gampaha,8,1,0.163,13.77,41.5,98.14,0.0
GAM_04,Gampaha,9,1,0.166,13.57,43.1,98.58,0.0
GAM_04,Gampaha,10,1,0.282,13.57,39.9,98.2,0.0
GAM_04,Gampaha,11,1,0.275,12.95,48.1,98.31,0.0
GAM_04,Gampaha,12,1,0.201,14.37,47.2,98.52,0.0
GAM_04,Gampaha,13,1,0.311,14.25,48.0,98.74,0.0
GAM_04,Gampaha,14,1,0.242,15.03,43.8,98.45,0.0
GAM_04,Gampaha,15,1,0.193,14.0,46.2,98.1,0.0
GAM_04,Gampaha,16,1,0.287,14.38,44.2,97.88,0.0
GAM_04,Gampaha,17,1,0.242,14.56,40.1,98.45,0.0
GAM_04,Gampaha,18,1,0.105,14.57,40.5,98.65,0.0
GAM_04,Gampaha,19,1,0.137,14.59,42.2,98.63,0.0
GAM_04,Gampaha,20,1,0.192,13.8,52.1,98.22,0.0
GAM_04,Gampaha,21,1,0.206,14.0,39.0,98.73,0.0
GAM_04,Gampaha,22,1,0.351,13.75,36.2,98.72,0.0
GAM_04,Gampaha,23,1,0.314,14.66,47.7,98.21,0.0
GAM_04,Gampaha,24,1,0.238,13.34,37.4,98.68,0.0
GAM_04,Gampaha,25,1,0.208,15.54,43.4,98.27,0.0
GAM_04,Gampaha,26,1,0.296,15.25,45.0,98.13,0.0
GAM_05,Gampaha,1,0,0.436,17.85,34.6,98.13,0.0
GAM_05,Gampaha,2,0,0.509,18.77,40.4,97.67,0.0
GAM_05,Gampaha,3,0,0.526,18.61,39.4,98.32,0.0
GAM_05,Gampaha,4,0,0.469,17.51,41.3,97.79,0.0
GAM_05,Gampaha,5,0,0.372,18.69,34.7,97.98,0.0
GAM_05,Gampaha,6,0,0.418,17.28,33.0,97.97,0.0
GAM_05,Gampaha,7,0,0.524,16.7,40.6,97.76,0.0
GAM_05,Gampaha,8,0,0.438,18.48,37.3,97.67,0.0
GAM_05,Gampaha,9,0,0.613,17.56,38.6,98.11,0.0
GAM_05,Gampaha,10,0,0.587,17.8,41.6,97.87,0.0
GAM_05,Gampaha,11,0,0.569,17.62,36.1,98.53,0.0
GAM_05,Gampaha,12,0,0.521,18.14,46.6,98.15,0.0
GAM_05,Gampaha,13,0,0.453,18.52,32.9,98.34,0.0
GAM_05,Gampaha,14,0,0.574,17.73,35.1,98.1,0.0
GAM_05,Gampaha,15,0,0.503,17.49,39.9,97.55,0.0
GAM_05,Gampaha,16,0,0.476,17.83,36.5,98.14,0.0
GAM_05,Gampaha,17,0,0.428,18.43,36.9,97.9,0.0
GAM_05,Gampaha,18,0,0.42,17.37,39.0,97.82,0.0
GAM_05,Gampaha,19,0,0.506,18.71,41.7,98.45,0.0
GAM_05,Gampaha,20,0,0.484,17.43,41.7,98.14,0.0
GAM_05,Gampaha,21,0,0.569,18.08,42.4,98.27,0.0
GAM_05,Gampaha,22,0,0.545,18.38,39.2,98.12,0.0
GAM_05,Gampaha,23,0,0.515,18.67,35.5,98.49,0.0
GAM_05,Gampaha,24,0,0.496,18.67,37.2,98.0,0.0
GAM_05,Gampaha,25,0,0.624,17.89,32.5,97.88,0.0
GAM_05,Gampaha,26,0,0.483,19.37,38.4,98.29,0.0
GAM_06,Gampaha,1,1,0.328,14.8,52.7,99.73,0.0
GAM_06,Gampaha,2,1,0.17,15.78,54.9,99.69,0.0
GAM_06,Gampaha,3,1,0.229,16.3,53.8,99.9,0.0
GAM_06,Gampaha,4,1,0.394,15.1,56.0,99.74,0.0
GAM_06,Gampaha,5,1,0.306,15.37,52.7,99.9,0.0
GAM_06,Gampaha,6,1,0.317,15.32,51.6,99.89,0.0
GAM_06,Gampaha,7,1,0.256,15.12,52.5,99.66,0.0
GAM_06,Gampaha,8,1,0.303,15.05,60.7,99.9,0.0
GAM_06,Gampaha,9,1,0.337,15.38,61.5,99.88,0.0
GAM_06,Gampaha,10,1,0.305,15.6,54.0,99.9,0.0
GAM_06,Gampaha,11,1,0.309,16.68,49.2,99.9,0.0
GAM_06,Gampaha,12,1,0.25,16.51,51.4,99.79,0.0
GAM_06,Gampaha,13,1,0.365,16.17,48.3,99.71,0.0
GAM_06,Gampaha,14,1,0.226,15.5,52.3,99.71,0.0
GAM_06,Gampaha,15,1,0.269,15.19,49.7,99.9,0.0
GAM_06,Gampaha,16,1,0.401,14.26,52.3,99.7,0.0
GAM_06,Gampaha,17,1,0.339,14.85,52.1,99.54,0.0
GAM_06,Gampaha,18,1,0.352,15.48,52.1,99.89,0.0
GAM_06,Gampaha,19,1,0.295,14.48,55.1,99.87,0.0
GAM_06,Gampaha,20,1,0.301,16.01,57.6,99.53,0.0
GAM_06,Gampaha,21,1,0.263,16.35,58.4,99.62,0.0
GAM_06,Gampaha,22,1,0.239,15.03,50.7,99.4,0.0
GAM_06,Gampaha,23,1,0.312,14.65,47.9,99.9,0.0
GAM_06,Gampaha,24,1,0.269,15.37,55.2,99.9,0.0
GAM_06,Gampaha,25,1,0.29,15.44,49.4,99.9,0.0
GAM_06,Gampaha,26,1,0.349,14.75,52.7,99.9,0.0
GAM_07,Gampaha,1,1,0.523,18.0,59.2,98.25,0.0
GAM_07,Gampaha,2,1,0.442,18.74,60.4,98.31,0.0
GAM_07,Gampaha,3,1,0.507,18.72,65.0,98.09,0.0
GAM_07,Gampaha,4,1,0.487,18.43,58.7,98.39,0.0
GAM_07,Gampaha,5,1,0.42,19.21,64.7,98.13,0.0
GAM_07,Gampaha,6,1,0.532,18.59,67.1,98.5,0.0
GAM_07,Gampaha,7,1,0.531,18.2,57.7,98.47,0.0
GAM_07,Gampaha,8,1,0.62,19.43,66.8,98.07,0.0
GAM_07,Gampaha,9,1,0.506,19.26,63.5,97.84,0.0
GAM_07,Gampaha,10,1,0.574,20.05,57.2,97.88,0.0
GAM_07,Gampaha,11,1,0.538,18.86,52.4,98.42,0.0
GAM_07,Gampaha,12,1,0.526,18.97,70.3,98.26,0.0
GAM_07,Gampaha,13,1,0.472,19.32,57.7,98.03,0.0
GAM_07,Gampaha,14,1,0.54,18.92,60.0,98.64,0.0
GAM_07,Gampaha,15,1,0.569,19.74,64.0,98.34,0.0
GAM_07,Gampaha,16,1,0.605,19.24,69.3,97.98,0.0
GAM_07,Gampaha,17,1,0.502,18.43,60.5,98.35,0.0
GAM_07,Gampaha,18,1,0.604,18.86,61.9,98.13,0.0
GAM_07,Gampaha,19,1,0.473,18.54,62.1,97.79,0.0
GAM_07,Gampaha,20,1,2.14,17.15,59.9,96.56,0.0
GAM_07,Gampaha,21,1,3.667,16.14,57.8,95.78,0.0
GAM_07,Gampaha,22,1,5.402,12.67,59.2,94.24,0.0
GAM_07,Gampaha,23,1,5.47,12.33,62.6,94.24,0.0
GAM_07,Gampaha,24,1,5.386,14.09,61.6,94.12,0.0
GAM_07,Gampaha,25,1,5.291,14.15,60.9,93.43,0.0
GAM_07,Gampaha,26,1,5.359,12.81,71.5,93.89,0.0
GAM_08,Gampaha,1,1,0.43,16.09,64.7,98.33,0.0
GAM_08,Gampaha,2,1,0.521,15.21,69.3,98.79,0.0
GAM_08,Gampaha,3,1,0.443,15.58,63.7,98.67,0.0
GAM_08,Gampaha,4,1,0.493,16.22,68.6,98.42,0.0
GAM_08,Gampaha,5,1,0.462,15.1,67.7,98.59,0.0
GAM_08,Gampaha,6,1,0.423,16.74,67.4,97.85,0.0
GAM_08,Gampaha,7,1,0.451,15.17,68.9,99.18,0.0
GAM_08,Gampaha,8,1,0.417,16.09,63.6,98.64,0.0
GAM_08,Gampaha,9,1,0.487,16.82,60.7,98.95,0.0
GAM_08,Gampaha,10,1,0.392,16.21,69.3,98.73,0.0
GAM_08,Gampaha,11,1,0.392,15.62,62.8,98.54,0.0
GAM_08,Gampaha,12,1,0.517,15.27,66.5,98.71,0.0
GAM_08,Gampaha,13,1,0.482,16.32,70.7,98.68,0.0
GAM_08,Gampaha,14,1,0.5,16.38,71.8,98.08,0.0
GAM_08,Gampaha,15,1,0.525,15.89,63.5,98.31,0.0
GAM_08,Gampaha,16,1,0.336,15.81,61.9,98.68,0.0
GAM_08,Gampaha,17,1,0.36,16.9,65.7,98.49,0.0
GAM_08,Gampaha,18,1,0.406,15.57,60.1,98.42,0.0
GAM_08,Gampaha,19,1,0.449,15.94,59.0,98.49,0.0
GAM_08,Gampaha,20,1,0.395,16.14,72.1,98.71,0.0
GAM_08,Gampaha,21,1,0.429,15.07,59.0,98.13,0.0
GAM_08,Gampaha,22,1,0.492,15.58,64.9,98.4,0.0
GAM_08,Gampaha,23,1,0.454,16.88,61.9,98.47,0.0
GAM_08,Gampaha,24,1,0.4,16.57,60.5,98.27,0.0
GAM_08,Gampaha,25,1,0.365,15.2,66.5,99.2,0.0
GAM_08,Gampaha,26,1,0.389,16.61,65.6,98.28,0.0
GAM_09,Gampaha,1,1,0.42,14.42,35.6,99.9,0.0
GAM_09,Gampaha,2,1,0.453,12.68,40.9,99.9,0.0
GAM_09,Gampaha,3,1,0.47,14.5,29.4,99.77,0.0
GAM_09,Gampaha,4,1,0.363,13.54,38.9,99.6,0.0
GAM_09,Gampaha,5,1,0.403,12.75,34.4,99.82,0.0
GAM_09,Gampaha,6,1,0.369,13.46,42.6,99.5,0.0
GAM_09,Gampaha,7,1,0.348,13.41,39.8,99.9,0.0
GAM_09,Gampaha,8,1,0.431,13.46,33.3,99.9,0.0
GAM_09,Gampaha,9,1,0.357,14.77,40.7,99.82,0.0
GAM_09,Gampaha,10,1,0.45,14.34,41.2,99.54,0.0
GAM_09,Gampaha,11,1,0.482,13.67,31.9,99.83,0.0
GAM_09,Gampaha,12,1,0.398,13.3,28.6,99.56,0.0
GAM_09,Gampaha,13,1,0.498,15.07,37.6,99.9,0.0
GAM_09,Gampaha,14,1,0.38,13.85,36.2,99.53,0.0
GAM_09,Gampaha,15,1,0.352,13.95,33.7,99.53,0.0
GAM_09,Gampaha,16,1,0.434,13.74,39.1,99.8,0.0
GAM_09,Gampaha,17,1,1.311,12.77,35.0,98.83,0.0
GAM_09,Gampaha,18,1,2.223,11.93,38.9,98.52,0.0
GAM_09,Gampaha,19,1,3.063,10.04,35.4,97.43,0.0
GAM_09,Gampaha,20,1,3.138,9.97,40.2,97.44,0.0
GAM_09,Gampaha,21,1,3.095,11.08,41.0,97.25,0.0
GAM_09,Gampaha,22,1,3.215,9.84,41.5,97.34,0.0
GAM_09,Gampaha,23,1,3.117,10.06,34.0,97.44,0.0
GAM_09,Gampaha,24,1,3.175,10.3,34.8,96.48,0.0
GAM_09,Gampaha,25,1,3.17,9.14,38.0,97.67,0.0
GAM_09,Gampaha,26,1,3.181,10.05,36.3,97.36,0.0
GAM_10,Gampaha,1,0,0.358,13.03,31.3,99.55,0.0
GAM_10,Gampaha,2,0,0.423,13.13,29.3,99.24,0.0
GAM_10,Gampaha,3,0,0.473,12.81,30.8,99.8,0.0
GAM_10,Gampaha,4,0,0.438,13.3,30.4,99.9,0.0
GAM_10,Gampaha,5,0,0.397,13.31,31.3,99.08,0.0
GAM_10,Gampaha,6,0,0.293,13.23,33.6,99.37,0.0
GAM_10,Gampaha,7,0,0.303,12.12,30.7,99.07,0.0
GAM_10,Gampaha,8,0,0.427,13.67,43.3,99.65,0.0
GAM_10,Gampaha,9,0,0.338,12.46,18.2,99.28,0.0
GAM_10,Gampaha,10,0,0.362,13.56,34.4,99.58,0.0
GAM_10,Gampaha,11,0,0.386,13.38,37.8,99.17,0.0
GAM_10,Gampaha,12,0,0.346,12.15,38.5,99.76,0.0
GAM_10,Gampaha,13,0,0.418,12.26,32.7,99.37,0.0
GAM_10,Gampaha,14,0,0.378,12.87,34.1,99.33,0.0
GAM_10,Gampaha,15,0,0.424,13.13,30.8,99.4,0.0
GAM_10,Gampaha,16,0,0.347,13.47,30.9,99.51,0.0
GAM_10,Gampaha,17,0,0.35,12.09,35.6,99.17,0.0
GAM_10,Gampaha,18,0,0.414,13.23,25.4,99.2,0.0
GAM_10,Gampaha,19,0,0.342,12.49,27.3,99.62,0.0
GAM_10,Gampaha,20,0,0.359,13.21,30.3,99.51,0.0
GAM_10,Gampaha,21,0,0.328,12.97,34.3,99.44,0.0
GAM_10,Gampaha,22,0,0.346,12.33,32.7,99.52,0.0
GAM_10,Gampaha,23,0,0.358,12.52,34.2,99.9,0.0
GAM_10,Gampaha,24,0,0.355,13.18,33.5,98.79,0.0
GAM_10,Gampaha,25,0,0.381,12.56,37.5,99.37,0.0
GAM_10,Gampaha,26,0,0.326,12.85,32.7,99.29,0.0
GAM_11,Gampaha,1,0,0.459,11.69,45.1,99.56,0.0
GAM_11,Gampaha,2,0,0.508,10.91,42.1,99.19,0.0
GAM_11,Gampaha,3,0,0.461,11.1,37.9,98.62,0.0
GAM_11,Gampaha,4,0,0.402,9.76,41.3,99.14,0.0
GAM_11,Gampaha,5,0,0.342,11.39,44.5,99.17,0.0
GAM_11,Gampaha,6,0,0.543,12.1,36.2,99.4,0.0
GAM_11,Gampaha,7,0,0.469,11.23,44.8,98.96,0.0
GAM_11,Gampaha,8,0,0.407,10.48,38.1,99.12,0.0
GAM_11,Gampaha,9,0,0.356,10.35,43.4,99.13,0.0
GAM_11,Gampaha,10,0,0.466,9.85,37.9,99.0,0.0
GAM_11,Gampaha,11,0,0.445,10.63,44.8,99.13,0.0
GAM_11,Gampaha,12,0,0.444,10.99,43.9,99.03,0.0
GAM_11,Gampaha,13,0,0.51,11.26,41.7,99.15,0.0
GAM_11,Gampaha,14,0,0.474,11.59,44.9,99.24,0.0
GAM_11,Gampaha,15,0,0.495,11.05,46.1,99.14,0.0
GAM_11,Gampaha,16,0,0.318,11.78,41.5,98.85,0.0
GAM_11,Gampaha,17,0,0.431,10.45,49.5,99.27,0.0
GAM_11,Gampaha,18,0,0.349,11.31,39.5,99.62,0.0
GAM_11,Gampaha,19,0,0.379,9.63,41.3,99.06,0.0
GAM_11,Gampaha,20,0,0.418,9.69,42.8,99.56,0.0
GAM_11,Gampaha,21,0,0.328,11.68,38.8,99.73,0.0
GAM_11,Gampaha,22,0,0.469,10.87,45.5,99.27,0.0
GAM_11,Gampaha,23,0,0.407,11.41,39.0,98.7,0.0
GAM_11,Gampaha,24,0,0.565,10.77,38.6,99.23,0.0
GAM_11,Gampaha,25,0,0.349,10.17,39.1,99.01,0.0
GAM_11,Gampaha,26,0,0.447,11.65,39.2,99.27,0.0
GAM_12,Gampaha,1,0,0.535,10.88,47.4,97.75,0.0
GAM_12,Gampaha,2,0,0.577,11.61,43.7,98.17,0.0
GAM_12,Gampaha,3,0,0.578,11.33,51.6,97.87,0.0
GAM_12,Gampaha,4,0,0.516,11.76,44.0,97.83,0.0
GAM_12,Gampaha,5,0,0.525,12.6,53.0,97.88,0.0
GAM_12,Gampaha,6,0,0.631,11.66,48.5,98.16,0.0
GAM_12,Gampaha,7,0,0.552,13.13,47.9,97.64,0.0
GAM_12,Gampaha,8,0,0.613,11.43,45.8,97.19,0.0
GAM_12,Gampaha,9,0,0.594,12.17,50.2,98.18,0.0
GAM_12,Gampaha,10,0,0.636,11.65,50.7,97.75,0.0
GAM_12,Gampaha,11,0,0.513,12.32,48.5,97.61,0.0
GAM_12,Gampaha,12,0,0.556,11.57,43.7,98.05,0.0
GAM_12,Gampaha,13,0,0.51,10.74,42.5,98.38,0.0
GAM_12,Gampaha,14,0,0.443,11.82,49.4,98.1,0.0
GAM_12,Gampaha,15,0,0.461,11.49,47.5,98.14,0.0
GAM_12,Gampaha,16,0,0.496,10.98,51.0,98.22,0.0
GAM_12,Gampaha,17,0,0.556,11.32,48.6,97.97,0.0
GAM_12,Gampaha,18,0,0.584,10.93,47.4,97.9,0.0
GAM_12,Gampaha,19,0,0.468,11.81,47.1,97.84,0.0
GAM_12,Gampaha,20,0,0.558,10.83,46.8,98.05,0.0
GAM_12,Gampaha,21,0,0.551,12.33,42.2,97.56,0.0
GAM_12,Gampaha,22,0,0.549,11.95,55.4,98.09,0.0
GAM_12,Gampaha,23,0,0.482,12.17,43.6,97.57,0.0
GAM_12,Gampaha,24,0,0.691,11.88,49.8,98.08,0.0
GAM_12,Gampaha,25,0,0.643,11.85,51.8,97.68,0.0
GAM_12,Gampaha,26,0,0.451,12.54,52.9,98.07,0.0
KAN_01,Kandy,1,0,0.504,15.56,37.1,99.86,0.0
KAN_01,Kandy,2,0,0.412,15.24,43.8,99.55,0.0
KAN_01,Kandy,3,0,0.474,15.47,38.9,99.83,0.0
KAN_01,Kandy,4,0,0.385,15.23,30.3,99.47,0.0
KAN_01,Kandy,5,0,0.515,14.75,38.3,99.9,0.0
KAN_01,Kandy,6,0,0.528,15.37,31.5,99.52,0.0
KAN_01,Kandy,7,0,0.418,14.61,30.7,99.51,0.0
KAN_01,Kandy,8,0,0.469,14.33,29.4,99.34,0.0
KAN_01,Kandy,9,0,0.509,14.97,39.2,99.9,0.0
KAN_01,Kandy,10,0,0.461,15.33,29.3,99.9,0.0
KAN_01,Kandy,11,0,0.553,14.8,30.4,99.77,0.0
KAN_01,Kandy,12,0,0.369,14.46,38.0,99.7,0.0
KAN_01,Kandy,13,0,0.452,15.5,30.9,99.75,0.0
KAN_01,Kandy,14,0,0.452,14.42,36.9,99.43,0.0
KAN_01,Kandy,15,0,0.596,14.58,43.0,99.4,0.0
KAN_01,Kandy,16,0,0.518,14.21,29.7,99.72,0.0
KAN_01,Kandy,17,0,0.522,14.17,39.8,99.48,0.0
KAN_01,Kandy,18,0,0.49,15.16,37.4,99.23,0.0
KAN_01,Kandy,19,0,0.579,15.27,33.4,99.42,0.0
KAN_01,Kandy,20,0,0.38,14.12,37.2,99.59,0.0
KAN_01,Kandy,21,0,0.414,14.62,41.3,99.59,0.0
KAN_01,Kandy,22,0,0.447,15.74,36.9,99.69,0.0
KAN_01,Kandy,23,0,0.445,14.0,30.4,99.56,0.0
KAN_01,Kandy,24,0,0.468,15.15,37.3,99.73,0.0
KAN_01,Kandy,25,0,0.495,14.33,26.4,99.55,0.0
KAN_01,Kandy,26,0,0.424,14.54,34.0,99.37,0.0
KAN_02,Kandy,1,0,0.233,14.26,53.0,97.97,0.0
KAN_02,Kandy,2,0,0.364,15.07,51.5,97.94,0.0
KAN_02,Kandy,3,0,0.415,14.31,44.5,98.08,0.0
KAN_02,Kandy,4,0,0.331,14.27,44.8,98.46,0.0
KAN_02,Kandy,5,0,0.251,13.61,48.7,98.32,0.0
KAN_02,Kandy,6,0,0.36,13.6,49.8,98.26,0.0
KAN_02,Kandy,7,0,0.4,13.49,46.4,98.07,0.0
KAN_02,Kandy,8,0,0.199,13.81,50.0,98.02,0.0
KAN_02,Kandy,9,0,0.251,14.76,49.5,98.39,0.0
KAN_02,Kandy,10,0,0.247,14.2,49.6,97.98,0.0
KAN_02,Kandy,11,0,0.25,14.74,51.8,97.85,0.0
KAN_02,Kandy,12,0,0.139,13.37,41.5,98.11,0.0
KAN_02,Kandy,13,0,0.331,14.15,42.7,98.18,0.0
KAN_02,Kandy,14,0,0.237,14.21,42.9,98.81,0.0
KAN_02,Kandy,15,0,0.344,13.74,41.5,98.03,0.0
KAN_02,Kandy,16,0,0.196,13.8,42.6,98.36,0.0
KAN_02,Kandy,17,0,0.269,13.76,40.1,97.85,0.0
KAN_02,Kandy,18,0,0.291,14.11,50.0,97.98,0.0
KAN_02,Kandy,19,0,0.358,14.39,45.5,97.64,0.0
KAN_02,Kandy,20,0,0.217,14.68,51.1,98.19,0.0
KAN_02,Kandy,21,0,0.34,13.99,44.0,97.98,0.0
KAN_02,Kandy,22,0,0.353,14.44,44.6,98.06,0.0
KAN_02,Kandy,23,0,0.328,14.43,42.2,98.57,0.0
KAN_02,Kandy,24,0,0.31,14.25,51.4,98.4,0.0
KAN_02,Kandy,25,0,0.289,14.56,41.2,97.98,0.0
KAN_02,Kandy,26,0,0.159,14.97,37.9,98.31,0.0
KAN_03,Kandy,1,0,0.355,12.48,39.1,98.96,0.0
KAN_03,Kandy,2,0,0.343,11.68,41.1,98.77,0.0
KAN_03,Kandy,3,0,0.345,12.2,39.4,98.6,0.0
KAN_03,Kandy,4,0,0.379,10.94,39.0,99.17,0.0
KAN_03,Kandy,5,0,0.171,11.54,44.2,98.37,0.0
KAN_03,Kandy,6,0,0.49,10.4,47.2,99.18,0.0
KAN_03,Kandy,7,0,0.389,11.82,42.9,98.56,0.0
KAN_03,Kandy,8,0,0.382,11.28,40.4,99.04,0.0
KAN_03,Kandy,9,0,0.267,11.74,42.1,98.45,0.0
KAN_03,Kandy,10,0,0.404,12.16,35.4,98.77,0.0
KAN_03,Kandy,11,0,0.287,11.56,41.8,98.61,0.0
KAN_03,Kandy,12,0,0.392,11.53,45.4,98.78,0.0
KAN_03,Kandy,13,0,0.385,11.63,39.4,98.5,0.0
KAN_03,Kandy,14,0,0.368,12.52,49.9,99.11,0.0
KAN_03,Kandy,15,0,0.349,11.83,43.0,98.78,0.0
KAN_03,Kandy,16,0,0.422,12.52,38.1,98.61,0.0
KAN_03,Kandy,17,0,0.416,12.14,40.5,99.08,0.0
KAN_03,Kandy,18,0,0.31,11.79,39.6,98.3,0.0
KAN_03,Kandy,19,0,0.386,11.23,39.2,98.6,0.0
KAN_03,Kandy,20,0,0.377,11.91,41.5,98.37,0.0
KAN_03,Kandy,21,0,0.328,11.07,42.7,98.88,0.0
KAN_03,Kandy,22,0,0.333,13.18,43.6,98.94,0.0
KAN_03,Kandy,23,0,0.342,11.84,45.3,99.06,0.0
KAN_03,Kandy,24,0,0.256,12.59,43.5,99.03,0.0
KAN_03,Kandy,25,0,0.362,11.21,36.8,99.24,0.0
KAN_03,Kandy,26,0,0.349,11.1,42.9,98.7,0.0
KAN_04,Kandy,1,0,0.209,8.91,14.8,98.71,0.0
KAN_04,Kandy,2,0,0.142,7.81,21.0,98.76,0.0
KAN_04,Kandy,3,0,0.176,7.67,21.2,99.29,0.0
KAN_04,Kandy,4,0,0.129,7.53,24.3,98.94,0.0
KAN_04,Kandy,5,0,0.22,7.87,27.2,98.59,0.0
KAN_04,Kandy,6,0,0.124,8.18,22.7,98.97,0.0
KAN_04,Kandy,7,0,0.229,8.53,26.9,98.81,0.0
KAN_04,Kandy,8,0,0.246,7.7,16.9,98.98,0.0
KAN_04,Kandy,9,0,0.109,8.36,22.8,98.67,0.0
KAN_04,Kandy,10,0,0.165,9.38,13.0,99.01,0.0
KAN_04,Kandy,11,0,0.33,8.56,23.1,98.97,0.0
KAN_04,Kandy,12,0,0.302,7.83,23.5,98.74,0.0
KAN_04,Kandy,13,0,0.225,8.64,25.8,98.68,0.0
KAN_04,Kandy,14,0,0.195,8.14,20.5,98.75,0.0
KAN_04,Kandy,15,0,0.183,7.84,29.4,98.76,0.0
KAN_04,Kandy,16,0,0.109,9.21,20.2,98.92,0.0
KAN_04,Kandy,17,0,0.191,8.7,23.8,98.65,0.0
KAN_04,Kandy,18,0,0.194,9.77,14.2,98.81,0.0
KAN_04,Kandy,19,0,0.218,7.91,17.7,99.33,0.0
KAN_04,Kandy,20,0,0.17,9.79,25.3,98.81,0.0
KAN_04,Kandy,21,0,0.22,8.93,27.9,98.9,0.0
KAN_04,Kandy,22,0,0.201,8.65,28.6,98.99,0.0
KAN_04,Kandy,23,0,0.132,8.16,24.5,98.63,0.0
KAN_04,Kandy,24,0,0.169,7.97,22.1,98.9,0.0
KAN_04,Kandy,25,0,0.252,8.55,31.5,98.77,0.0
KAN_04,Kandy,26,0,0.384,9.15,25.2,98.67,0.0
KAN_05,Kandy,1,1,0.105,14.53,36.2,99.83,0.0
KAN_05,Kandy,2,1,0.099,14.51,46.7,99.51,0.0
KAN_05,Kandy,3,1,0.177,14.51,48.7,99.9,0.0
KAN_05,Kandy,4,1,0.186,14.08,40.9,99.45,0.0
KAN_05,Kandy,5,1,0.201,14.52,46.7,99.69,0.0
KAN_05,Kandy,6,1,0.122,14.11,45.0,99.63,0.0
KAN_05,Kandy,7,1,0.25,14.23,43.9,99.47,0.0
KAN_05,Kandy,8,1,0.076,14.53,49.4,99.75,0.0
KAN_05,Kandy,9,1,0.123,13.91,41.9,99.9,0.0
KAN_05,Kandy,10,1,0.142,15.58,43.3,99.77,0.0
KAN_05,Kandy,11,1,0.173,13.95,40.8,99.56,0.0
KAN_05,Kandy,12,1,0.126,14.3,45.9,99.9,0.0
KAN_05,Kandy,13,1,0.18,14.29,46.4,99.74,0.0
KAN_05,Kandy,14,1,0.153,14.65,46.6,99.9,0.0
KAN_05,Kandy,15,1,0.101,13.25,42.3,99.9,0.0
KAN_05,Kandy,16,1,0.147,15.05,46.5,99.9,0.0
KAN_05,Kandy,17,1,0.199,14.69,43.9,99.75,0.0
KAN_05,Kandy,18,1,0.128,13.51,48.2,99.9,0.0
KAN_05,Kandy,19,1,0.091,15.28,45.2,99.75,0.0
KAN_05,Kandy,20,1,0.106,13.67,48.0,99.81,0.0
KAN_05,Kandy,21,1,0.22,14.46,48.5,99.74,0.0
KAN_05,Kandy,22,1,0.05,14.04,42.9,99.9,0.0
KAN_05,Kandy,23,1,0.118,15.1,49.3,99.9,0.0
KAN_05,Kandy,24,1,0.134,14.22,48.9,99.9,0.0
KAN_05,Kandy,25,1,0.077,14.39,56.8,99.78,0.0
KAN_05,Kandy,26,1,0.105,13.68,40.5,99.9,0.0
KAN_06,Kandy,1,0,0.496,15.52,69.9,99.79,0.0
KAN_06,Kandy,2,0,0.554,15.65,69.4,99.9,0.0
KAN_06,Kandy,3,0,0.512,15.56,69.3,99.9,0.0
KAN_06,Kandy,4,0,0.489,15.23,64.6,99.71,0.0
KAN_06,Kandy,5,0,0.396,15.35,69.0,99.29,0.0
KAN_06,Kandy,6,0,0.46,15.67,68.7,99.56,0.0
KAN_06,Kandy,7,0,0.535,14.86,63.1,99.53,0.0
KAN_06,Kandy,8,0,0.458,15.87,72.7,99.85,0.0
KAN_06,Kandy,9,0,0.387,14.89,64.4,99.76,0.0
KAN_06,Kandy,10,0,0.352,15.35,70.6,99.76,0.0
KAN_06,Kandy,11,0,0.486,14.72,62.2,99.64,0.0
KAN_06,Kandy,12,0,0.528,15.9,66.2,99.9,0.0
KAN_06,Kandy,13,0,0.439,16.19,69.9,99.69,0.0
KAN_06,Kandy,14,0,0.506,14.81,64.2,99.44,0.0
KAN_06,Kandy,15,0,0.474,15.25,67.7,99.7,0.0
KAN_06,Kandy,16,0,0.545,15.02,65.1,99.9,0.0
KAN_06,Kandy,17,0,0.544,15.48,61.0,99.65,0.0
KAN_06,Kandy,18,0,0.495,15.29,74.2,99.46,0.0
KAN_06,Kandy,19,0,0.499,14.9,73.3,99.78,0.0
KAN_06,Kandy,20,0,0.52,14.89,62.3,99.52,0.0
KAN_06,Kandy,21,0,0.422,14.66,72.8,99.9,0.0
KAN_06,Kandy,22,0,0.475,14.66,67.5,99.63,0.0
KAN_06,Kandy,23,0,0.546,15.47,69.9,99.7,0.0
KAN_06,Kandy,24,0,0.338,14.82,63.5,99.89,0.0
KAN_06,Kandy,25,0,0.464,14.8,66.4,99.9,0.0
KAN_06,Kandy,26,0,0.401,14.73,67.1,99.63,0.0
KAN_07,Kandy,1,1,0.385,15.77,65.2,97.61,0.0
KAN_07,Kandy,2,1,0.362,15.81,66.5,97.38,0.0
KAN_07,Kandy,3,1,0.38,16.48,66.5,97.4,0.0
KAN_07,Kandy,4,1,0.387,15.28,63.2,97.09,0.0
KAN_07,Kandy,5,1,0.402,15.45,62.3,97.41,0.0
KAN_07,Kandy,6,1,0.421,14.83,73.3,97.36,0.0
KAN_07,Kandy,7,1,0.384,16.52,66.8,97.2,0.0
KAN_07,Kandy,8,1,0.522,15.24,66.1,97.57,0.0
KAN_07,Kandy,9,1,0.326,15.82,68.1,97.95,0.0
KAN_07,Kandy,10,1,0.336,15.85,69.2,97.37,0.0
KAN_07,Kandy,11,1,0.318,16.13,66.9,97.47,0.0
KAN_07,Kandy,12,1,0.458,16.49,68.1,97.43,0.0
KAN_07,Kandy,13,1,0.324,15.8,67.4,97.25,0.0
KAN_07,Kandy,14,1,0.396,15.39,72.7,97.89,0.0
KAN_07,Kandy,15,1,0.367,16.12,65.6,97.67,0.0
KAN_07,Kandy,16,1,0.416,15.93,65.6,97.39,0.0
KAN_07,Kandy,17,1,0.33,16.29,63.7,97.49,0.0
KAN_07,Kandy,18,1,0.398,16.54,66.5,97.61,0.0
KAN_07,Kandy,19,1,0.335,16.25,65.6,97.4,0.0
KAN_07,Kandy,20,1,0.394,16.44,58.4,97.44,0.0
KAN_07,Kandy,21,1,0.3,16.61,58.6,97.1,0.0
KAN_07,Kandy,22,1,0.29,16.87,61.4,97.38,0.0
KAN_07,Kandy,23,1,0.358,14.8,65.2,97.52,0.0
KAN_07,Kandy,24,1,0.379,16.45,65.1,97.36,0.0
KAN_07,Kandy,25,1,0.367,16.09,74.1,97.44,0.0
KAN_07,Kandy,26,1,0.402,15.51,63.5,97.72,0.0
KAN_08,Kandy,1,1,0.316,12.55,38.3,98.14,0.0
KAN_08,Kandy,2,1,0.32,13.1,39.1,97.91,0.0
KAN_08,Kandy,3,1,0.353,13.04,41.4,97.75,0.0
KAN_08,Kandy,4,1,0.381,12.01,47.2,98.29,0.0
KAN_08,Kandy,5,1,0.272,11.85,48.6,98.66,0.0
KAN_08,Kandy,6,1,0.166,11.56,49.8,98.21,0.0
KAN_08,Kandy,7,1,0.213,12.13,42.3,98.28,0.0
KAN_08,Kandy,8,1,0.266,11.94,40.9,98.39,0.0
KAN_08,Kandy,9,1,0.246,11.95,42.2,98.63,0.0
KAN_08,Kandy,10,1,0.317,12.06,44.9,98.4,0.0
KAN_08,Kandy,11,1,0.36,12.43,49.9,98.64,0.0
KAN_08,Kandy,12,1,0.292,11.88,46.3,98.43,0.0
KAN_08,Kandy,13,1,0.289,11.24,35.4,98.39,0.0
KAN_08,Kandy,14,1,0.341,12.61,37.6,98.56,0.0
KAN_08,Kandy,15,1,0.262,12.36,44.4,98.1,0.0
KAN_08,Kandy,16,1,0.259,10.88,39.1,97.85,0.0
KAN_08,Kandy,17,1,0.321,12.16,46.4,98.39,0.0
KAN_08,Kandy,18,1,0.256,12.33,41.2,98.45,0.0
KAN_08,Kandy,19,1,0.313,11.53,42.7,98.32,0.0
KAN_08,Kandy,20,1,0.276,12.66,49.6,98.21,0.0
KAN_08,Kandy,21,1,0.273,10.78,42.2,98.19,0.0
KAN_08,Kandy,22,1,0.165,12.3,45.1,98.12,0.0
KAN_08,Kandy,23,1,0.272,11.55,45.8,97.92,0.0
KAN_08,Kandy,24,1,0.275,13.3,42.9,98.42,0.0
KAN_08,Kandy,25,1,0.285,11.42,42.6,98.4,0.0
KAN_08,Kandy,26,1,0.233,12.33,47.7,98.57,0.0
KAN_09,Kandy,1,0,0.176,11.26,23.3,99.38,0.0
KAN_09,Kandy,2,0,0.177,12.05,25.6,99.41,0.0
KAN_09,Kandy,3,0,0.166,10.7,22.0,99.39,0.0
KAN_09,Kandy,4,0,0.213,11.71,20.3,99.53,0.0
KAN_09,Kandy,5,0,0.225,12.04,19.1,99.19,0.0
KAN_09,Kandy,6,0,0.238,11.36,18.0,99.27,0.0
KAN_09,Kandy,7,0,0.3,12.08,28.9,99.32,0.0
KAN_09,Kandy,8,0,0.21,11.13,20.7,99.71,0.0
KAN_09,Kandy,9,0,0.248,12.4,25.8,99.35,0.0
KAN_09,Kandy,10,0,0.216,12.04,25.7,99.46,0.0
KAN_09,Kandy,11,0,0.258,12.06,19.9,99.28,0.0
KAN_09,Kandy,12,0,0.172,12.57,14.6,99.3,0.0
KAN_09,Kandy,13,0,0.372,11.76,18.5,99.35,0.0
KAN_09,Kandy,14,0,0.306,11.87,25.5,99.37,0.0
KAN_09,Kandy,15,0,0.206,13.85,23.3,99.22,0.0
KAN_09,Kandy,16,0,0.199,12.19,24.7,99.54,0.0
KAN_09,Kandy,17,0,0.237,11.11,25.1,99.27,0.0
KAN_09,Kandy,18,0,0.211,11.07,20.7,99.17,0.0
KAN_09,Kandy,19,0,0.226,11.09,23.2,99.38,0.0
KAN_09,Kandy,20,0,0.161,11.59,19.6,99.58,0.0
KAN_09,Kandy,21,0,0.077,11.76,16.4,99.24,0.0
KAN_09,Kandy,22,0,0.279,11.59,23.6,99.14,0.0
KAN_09,Kandy,23,0,0.345,12.51,27.5,99.02,0.0
KAN_09,Kandy,24,0,0.162,12.61,22.2,99.29,0.0
KAN_09,Kandy,25,0,0.248,11.21,26.1,99.35,0.0
KAN_09,Kandy,26,0,0.257,11.56,25.1,99.17,0.0
KAN_10,Kandy,1,1,0.567,16.6,53.7,99.13,0.0
KAN_10,Kandy,2,1,0.669,17.06,52.2,99.32,0.0
KAN_10,Kandy,3,1,0.531,18.68,56.1,98.74,0.0
KAN_10,Kandy,4,1,0.643,18.45,50.1,99.35,0.0
KAN_10,Kandy,5,1,0.567,18.33,54.3,98.57,0.0
KAN_10,Kandy,6,1,0.614,17.99,64.2,99.39,0.0
KAN_10,Kandy,7,1,0.625,17.29,53.8,98.89,0.0
KAN_10,Kandy,8,1,0.534,17.27,45.7,99.01,0.0
KAN_10,Kandy,9,1,0.582,18.98,58.9,98.84,0.0
KAN_10,Kandy,10,1,0.617,16.7,53.4,98.49,0.0
KAN_10,Kandy,11,1,0.67,17.79,51.2,98.95,0.0
KAN_10,Kandy,12,1,0.641,17.73,57.4,98.75,0.0
KAN_10,Kandy,13,1,0.545,17.49,59.5,98.75,0.0
KAN_10,Kandy,14,1,0.516,18.12,52.1,99.23,0.0
KAN_10,Kandy,15,1,0.598,17.97,62.8,99.13,0.0
KAN_10,Kandy,16,1,0.63,16.89,53.1,99.12,0.0
KAN_10,Kandy,17,1,0.676,18.27,65.1,99.04,0.0
KAN_10,Kandy,18,1,0.596,18.04,55.9,98.95,0.0
KAN_10,Kandy,19,1,0.521,18.03,51.6,99.09,0.0
KAN_10,Kandy,20,1,0.498,18.09,51.7,99.17,0.0
KAN_10,Kandy,21,1,0.488,17.17,60.6,98.76,0.0
KAN_10,Kandy,22,1,2.787,16.4,53.9,96.57,116.0
KAN_10,Kandy,23,1,5.208,14.99,45.8,95.3,302.0
KAN_10,Kandy,24,1,7.67,12.57,37.9,92.74,357.0
KAN_10,Kandy,25,1,7.633,14.44,43.4,92.34,0.0
KAN_10,Kandy,26,1,7.555,13.94,45.8,92.26,300.0
KAN_11,Kandy,1,0,0.717,17.45,56.5,97.64,0.0
KAN_11,Kandy,2,0,0.769,17.43,44.1,97.61,0.0
KAN_11,Kandy,3,0,0.688,17.9,53.8,97.71,0.0
KAN_11,Kandy,4,0,0.652,17.72,53.2,97.62,0.0
KAN_11,Kandy,5,0,0.647,17.65,52.9,97.35,0.0
KAN_11,Kandy,6,0,0.729,16.9,56.5,97.86,0.0
KAN_11,Kandy,7,0,0.764,17.94,52.7,97.73,0.0
KAN_11,Kandy,8,0,0.614,18.32,56.8,98.12,0.0
KAN_11,Kandy,9,0,0.672,16.09,61.2,97.79,0.0
KAN_11,Kandy,10,0,0.699,17.35,57.6,97.9,0.0
KAN_11,Kandy,11,0,0.596,17.97,52.9,97.65,0.0
KAN_11,Kandy,12,0,0.795,17.87,53.7,97.31,0.0
KAN_11,Kandy,13,0,0.701,17.64,54.7,97.46,0.0
KAN_11,Kandy,14,0,0.644,16.56,55.9,97.98,0.0
KAN_11,Kandy,15,0,0.753,16.88,56.0,97.91,0.0
KAN_11,Kandy,16,0,0.661,17.23,63.5,97.82,0.0
KAN_11,Kandy,17,0,0.744,17.06,55.2,97.34,0.0
KAN_11,Kandy,18,0,0.69,18.03,63.4,98.07,0.0
KAN_11,Kandy,19,0,1.678,16.28,61.3,97.04,0.0
KAN_11,Kandy,20,0,2.618,14.71,76.1,96.15,0.0
KAN_11,Kandy,21,0,3.42,13.51,74.4,95.37,0.0
KAN_11,Kandy,22,0,3.595,14.0,81.9,96.0,0.0
KAN_11,Kandy,23,0,3.602,13.82,86.3,95.8,0.0
KAN_11,Kandy,24,0,3.527,14.39,75.3,95.51,0.0
KAN_11,Kandy,25,0,3.52,14.49,79.5,95.68,0.0
KAN_11,Kandy,26,0,3.585,14.97,84.1,96.03,0.0
KAN_12,Kandy,1,0,0.381,13.12,50.1,98.85,0.0
KAN_12,Kandy,2,0,0.398,14.44,46.4,98.27,0.0
KAN_12,Kandy,3,0,0.352,13.62,55.5,98.1,0.0
KAN_12,Kandy,4,0,0.492,13.1,47.2,98.6,0.0
KAN_12,Kandy,5,0,0.431,13.87,41.5,98.48,0.0
KAN_12,Kandy,6,0,0.332,15.24,47.3,98.44,0.0
KAN_12,Kandy,7,0,0.325,13.42,43.0,98.63,0.0
KAN_12,Kandy,8,0,0.378,14.04,45.4,98.26,0.0
KAN_12,Kandy,9,0,0.471,13.12,40.9,98.49,0.0
KAN_12,Kandy,10,0,0.325,13.44,51.8,98.18,0.0
KAN_12,Kandy,11,0,0.446,13.29,54.1,98.72,0.0
KAN_12,Kandy,12,0,0.365,13.58,44.8,98.44,0.0
KAN_12,Kandy,13,0,0.462,12.84,51.8,98.06,0.0
KAN_12,Kandy,14,0,0.342,12.63,56.6,98.4,0.0
KAN_12,Kandy,15,0,0.408,13.3,52.4,97.86,0.0
KAN_12,Kandy,16,0,0.395,15.03,46.6,98.39,0.0
KAN_12,Kandy,17,0,0.434,13.22,48.2,98.63,0.0
KAN_12,Kandy,18,0,0.405,13.93,46.7,98.47,0.0
KAN_12,Kandy,19,0,0.397,14.58,51.0,98.33,0.0
KAN_12,Kandy,20,0,0.247,14.13,51.2,98.16,0.0
KAN_12,Kandy,21,0,0.273,13.02,51.8,98.12,0.0
KAN_12,Kandy,22,0,0.366,13.84,53.0,98.38,0.0
KAN_12,Kandy,23,0,0.387,13.37,54.7,98.66,0.0
KAN_12,Kandy,24,0,0.388,12.87,45.0,98.53,0.0
KAN_12,Kandy,25,0,0.35,14.24,49.6,98.46,0.0
KAN_12,Kandy,26,0,0.433,14.0,44.7,98.31,0.0
GAL_01,Galle,1,0,0.698,11.68,41.9,99.7,0.0
GAL_01,Galle,2,0,0.781,11.99,33.7,99.39,0.0
GAL_01,Galle,3,0,0.737,11.46,40.8,99.61,0.0
GAL_01,Galle,4,0,0.718,12.12,35.9,99.09,0.0
GAL_01,Galle,5,0,0.767,10.48,37.8,99.42,0.0
GAL_01,Galle,6,0,0.766,11.68,36.6,99.35,0.0
GAL_01,Galle,7,0,0.691,11.39,34.4,99.23,0.0
GAL_01,Galle,8,0,0.772,11.47,31.2,98.96,0.0
GAL_01,Galle,9,0,0.759,11.64,39.3,99.57,0.0
GAL_01,Galle,10,0,0.856,11.66,37.8,99.09,0.0
GAL_01,Galle,11,0,0.721,11.08,38.9,99.4,0.0
GAL_01,Galle,12,0,0.778,11.27,40.4,99.4,0.0
GAL_01,Galle,13,0,0.795,11.54,35.6,99.09,0.0
GAL_01,Galle,14,0,0.807,11.61,37.0,99.24,0.0
GAL_01,Galle,15,0,0.914,10.9,37.0,99.41,0.0
GAL_01,Galle,16,0,0.708,11.43,45.0,99.58,0.0
GAL_01,Galle,17,0,0.816,11.72,38.3,99.59,0.0
GAL_01,Galle,18,0,0.768,11.11,38.2,99.57,0.0
GAL_01,Galle,19,0,0.797,11.76,29.7,99.64,0.0
GAL_01,Galle,20,0,0.918,12.16,36.6,99.13,0.0
GAL_01,Galle,21,0,0.794,10.77,40.7,99.21,0.0
GAL_01,Galle,22,0,0.835,12.18,29.7,99.42,0.0
GAL_01,Galle,23,0,0.736,10.51,35.4,99.29,0.0
GAL_01,Galle,24,0,0.84,10.45,42.0,99.85,0.0
GAL_01,Galle,25,0,0.813,11.69,37.8,99.05,0.0
GAL_01,Galle,26,0,0.81,11.59,40.8,99.9,0.0
GAL_02,Galle,1,0,0.513,16.02,63.0,98.09,0.0
GAL_02,Galle,2,0,0.643,16.07,62.8,97.81,0.0
GAL_02,Galle,3,0,0.601,14.97,65.7,97.83,0.0
GAL_02,Galle,4,0,0.565,16.55,69.2,97.45,0.0
GAL_02,Galle,5,0,0.559,15.11,66.6,97.44,0.0
GAL_02,Galle,6,0,0.607,15.84,68.2,97.62,0.0
GAL_02,Galle,7,0,0.465,16.67,63.6,98.0,0.0
GAL_02,Galle,8,0,0.578,16.01,71.6,97.74,0.0
GAL_02,Galle,9,0,0.636,14.72,67.8,97.6,0.0
GAL_02,Galle,10,0,0.544,15.61,65.7,98.07,0.0
GAL_02,Galle,11,0,0.441,15.63,61.4,97.95,0.0
GAL_02,Galle,12,0,0.527,15.88,62.7,97.83,0.0
GAL_02,Galle,13,0,0.613,15.37,64.5,97.3,0.0
GAL_02,Galle,14,0,0.57,16.12,62.1,97.94,0.0
GAL_02,Galle,15,0,0.427,14.5,58.8,97.54,0.0
GAL_02,Galle,16,0,0.553,15.56,64.0,97.84,0.0
GAL_02,Galle,17,0,0.524,14.85,59.3,98.19,0.0
GAL_02,Galle,18,0,0.411,15.5,70.1,97.78,0.0
GAL_02,Galle,19,0,0.502,15.61,67.8,97.96,0.0
GAL_02,Galle,20,0,0.498,16.06,65.3,97.93,0.0
GAL_02,Galle,21,0,0.635,15.4,58.5,97.76,0.0
GAL_02,Galle,22,0,0.658,16.02,65.2,98.26,0.0
GAL_02,Galle,23,0,0.489,16.15,62.0,97.67,0.0
GAL_02,Galle,24,0,0.557,16.52,60.6,97.52,0.0
GAL_02,Galle,25,0,0.456,15.9,62.5,97.76,0.0
GAL_02,Galle,26,0,0.487,15.39,68.5,97.61,0.0
GAL_03,Galle,1,0,0.597,14.67,32.8,96.97,0.0
GAL_03,Galle,2,0,0.485,16.5,41.7,97.5,0.0
GAL_03,Galle,3,0,0.545,16.33,38.2,97.61,0.0
GAL_03,Galle,4,0,0.546,14.56,37.9,97.85,0.0
GAL_03,Galle,5,0,0.514,15.79,37.0,97.39,0.0
GAL_03,Galle,6,0,0.605,15.71,35.3,96.73,0.0
GAL_03,Galle,7,0,0.503,14.69,32.1,97.71,0.0
GAL_03,Galle,8,0,0.58,14.72,42.8,97.62,0.0
GAL_03,Galle,9,0,0.491,16.31,32.9,97.21,0.0
GAL_03,Galle,10,0,0.451,15.21,42.9,97.17,0.0
GAL_03,Galle,11,0,0.469,15.3,40.2,97.42,0.0
GAL_03,Galle,12,0,0.589,15.45,34.3,97.38,0.0
GAL_03,Galle,13,0,0.54,15.31,40.5,97.96,0.0
GAL_03,Galle,14,0,0.502,15.9,44.8,97.34,0.0
GAL_03,Galle,15,0,0.486,15.21,40.9,97.63,0.0
GAL_03,Galle,16,0,0.528,15.89,44.4,97.72,0.0
GAL_03,Galle,17,0,0.452,15.86,39.7,97.68,0.0
GAL_03,Galle,18,0,0.523,15.47,37.5,97.06,0.0
GAL_03,Galle,19,0,0.534,15.5,41.2,97.24,0.0
GAL_03,Galle,20,0,0.51,15.27,35.0,97.68,0.0
GAL_03,Galle,21,0,0.508,16.12,34.8,97.52,0.0
GAL_03,Galle,22,0,0.434,15.56,37.2,97.64,0.0
GAL_03,Galle,23,0,0.546,15.74,42.6,97.55,0.0
GAL_03,Galle,24,0,0.567,16.31,39.0,97.42,0.0
GAL_03,Galle,25,0,0.555,15.6,40.8,97.77,0.0
GAL_03,Galle,26,0,0.586,15.62,34.1,97.48,0.0
GAL_04,Galle,1,0,0.414,18.25,44.2,98.57,0.0
GAL_04,Galle,2,0,0.439,16.64,40.5,98.42,0.0
GAL_04,Galle,3,0,0.436,16.91,38.2,98.36,0.0
GAL_04,Galle,4,0,0.442,18.08,39.7,98.0,0.0
GAL_04,Galle,5,0,0.365,16.28,35.1,98.55,0.0
GAL_04,Galle,6,0,0.447,16.87,39.3,98.22,0.0
GAL_04,Galle,7,0,0.338,16.38,34.8,98.76,0.0
GAL_04,Galle,8,0,0.343,17.97,43.5,98.36,0.0
GAL_04,Galle,9,0,0.42,16.86,38.1,98.57,0.0
GAL_04,Galle,10,0,0.424,17.82,43.0,98.49,0.0
GAL_04,Galle,11,0,0.443,17.19,39.6,98.13,0.0
GAL_04,Galle,12,0,0.447,17.34,34.8,98.95,0.0
GAL_04,Galle,13,0,0.365,16.7,39.3,97.93,0.0
GAL_04,Galle,14,0,0.376,16.31,34.4,98.38,0.0
GAL_04,Galle,15,0,0.442,17.88,41.4,98.7,0.0
GAL_04,Galle,16,0,0.458,16.94,42.7,98.29,0.0
GAL_04,Galle,17,0,0.386,18.14,41.4,98.46,0.0
GAL_04,Galle,18,0,0.468,17.75,32.8,98.38,0.0
GAL_04,Galle,19,0,0.352,17.29,35.5,98.75,0.0
GAL_04,Galle,20,0,0.454,16.73,38.1,98.11,0.0
GAL_04,Galle,21,0,0.425,17.55,39.3,97.93,0.0
GAL_04,Galle,22,0,0.403,17.52,39.4,98.7,0.0
GAL_04,Galle,23,0,0.346,17.53,35.6,98.46,0.0
GAL_04,Galle,24,0,0.447,17.63,35.9,98.45,0.0
GAL_04,Galle,25,0,0.353,16.37,40.4,98.39,0.0
GAL_04,Galle,26,0,0.326,16.71,38.3,98.8,0.0
GAL_05,Galle,1,0,0.61,16.25,26.8,98.85,0.0
GAL_05,Galle,2,0,0.579,15.8,28.0,98.34,0.0
GAL_05,Galle,3,0,0.656,17.53,16.0,98.55,0.0
GAL_05,Galle,4,0,0.564,16.7,21.1,98.96,0.0
GAL_05,Galle,5,0,0.62,16.38,24.3,98.41,0.0
GAL_05,Galle,6,0,0.563,17.73,16.5,98.35,0.0
GAL_05,Galle,7,0,0.587,15.75,11.4,98.74,0.0
GAL_05,Galle,8,0,0.538,16.06,18.3,98.23,0.0
GAL_05,Galle,9,0,0.52,16.49,29.4,98.66,0.0
GAL_05,Galle,10,0,0.629,15.49,19.7,98.18,0.0
GAL_05,Galle,11,0,0.631,16.25,20.0,98.45,0.0
GAL_05,Galle,12,0,0.55,15.48,22.1,98.13,0.0
GAL_05,Galle,13,0,0.514,16.21,17.0,98.54,0.0
GAL_05,Galle,14,0,0.645,16.54,20.6,98.48,0.0
GAL_05,Galle,15,0,0.636,15.28,21.3,98.24,0.0
GAL_05,Galle,16,0,0.511,16.39,18.3,98.62,0.0
GAL_05,Galle,17,0,0.651,14.99,19.5,98.97,0.0
GAL_05,Galle,18,0,0.637,17.26,20.2,98.12,0.0
GAL_05,Galle,19,0,0.517,16.82,23.6,98.29,0.0
GAL_05,Galle,20,0,0.568,16.55,12.8,98.39,0.0
GAL_05,Galle,21,0,0.682,17.7,19.4,98.93,0.0
GAL_05,Galle,22,0,0.553,15.9,10.9,98.72,0.0
GAL_05,Galle,23,0,0.562,17.79,21.1,98.52,0.0
GAL_05,Galle,24,0,0.476,17.29,18.4,98.44,0.0
GAL_05,Galle,25,0,0.452,16.95,23.8,98.33,0.0
GAL_05,Galle,26,0,0.59,16.63,23.7,98.5,0.0
GAL_06,Galle,1,1,0.701,12.48,34.0,98.35,0.0
GAL_06,Galle,2,1,0.722,13.22,38.8,98.69,0.0
GAL_06,Galle,3,1,0.654,14.13,28.9,97.73,0.0
GAL_06,Galle,4,1,0.717,13.72,36.0,98.07,0.0
GAL_06,Galle,5,1,0.662,14.18,42.0,98.17,0.0
GAL_06,Galle,6,1,0.581,14.46,37.6,98.39,0.0
GAL_06,Galle,7,1,0.691,15.09,35.5,98.35,0.0
GAL_06,Galle,8,1,0.569,13.34,32.4,98.21,0.0
GAL_06,Galle,9,1,0.701,13.24,42.1,97.95,0.0
GAL_06,Galle,10,1,0.653,13.83,30.2,98.36,0.0
GAL_06,Galle,11,1,0.718,13.52,42.8,98.24,0.0
GAL_06,Galle,12,1,0.697,13.11,28.5,98.06,0.0
GAL_06,Galle,13,1,0.661,13.42,38.3,97.62,0.0
GAL_06,Galle,14,1,0.612,12.59,40.5,98.08,0.0
GAL_06,Galle,15,1,0.649,13.03,38.8,98.12,0.0
GAL_06,Galle,16,1,0.693,12.47,39.9,98.32,0.0
GAL_06,Galle,17,1,0.713,14.43,34.4,98.18,0.0
GAL_06,Galle,18,1,0.723,13.95,34.2,98.23,0.0
GAL_06,Galle,19,1,0.65,14.12,38.9,98.22,0.0
GAL_06,Galle,20,1,0.793,12.77,34.2,98.65,0.0
GAL_06,Galle,21,1,0.655,12.73,40.8,98.36,0.0
GAL_06,Galle,22,1,1.704,12.72,31.8,96.93,0.0
GAL_06,Galle,23,1,2.862,10.53,32.1,96.21,0.0
GAL_06,Galle,24,1,3.906,9.42,37.1,95.53,0.0
GAL_06,Galle,25,1,3.939,8.58,31.9,95.28,0.0
GAL_06,Galle,26,1,4.059,9.89,34.6,95.58,0.0
GAL_07,Galle,1,1,0.297,16.35,37.9,99.37,0.0
GAL_07,Galle,2,1,0.524,17.41,38.6,98.84,0.0
GAL_07,Galle,3,1,0.342,15.99,35.0,99.18,0.0
GAL_07,Galle,4,1,0.205,17.92,42.6,98.95,0.0
GAL_07,Galle,5,1,0.244,16.2,32.6,99.21,0.0
GAL_07,Galle,6,1,0.315,17.2,39.3,98.95,0.0
GAL_07,Galle,7,1,0.3,16.1,38.2,99.46,0.0
GAL_07,Galle,8,1,0.357,16.71,36.9,99.44,0.0
GAL_07,Galle,9,1,0.385,16.09,36.5,99.15,0.0
GAL_07,Galle,10,1,0.351,16.49,40.8,99.02,0.0
GAL_07,Galle,11,1,0.421,17.25,37.7,99.01,0.0
GAL_07,Galle,12,1,0.341,17.4,33.9,99.15,0.0
GAL_07,Galle,13,1,0.197,16.54,33.0,98.76,0.0
GAL_07,Galle,14,1,0.237,16.4,40.3,99.3,0.0
GAL_07,Galle,15,1,0.264,16.32,41.4,98.59,0.0
GAL_07,Galle,16,1,0.162,17.43,40.9,99.34,0.0
GAL_07,Galle,17,1,0.265,16.23,36.2,99.24,0.0
GAL_07,Galle,18,1,0.232,16.57,32.6,98.8,0.0
GAL_07,Galle,19,1,0.329,17.27,33.6,98.82,0.0
GAL_07,Galle,20,1,0.244,17.32,33.5,99.05,0.0
GAL_07,Galle,21,1,0.149,16.23,39.9,99.32,0.0
GAL_07,Galle,22,1,0.208,16.53,41.4,99.0,0.0
GAL_07,Galle,23,1,0.245,17.3,39.0,99.37,0.0
GAL_07,Galle,24,1,0.326,16.64,37.7,99.08,0.0
GAL_07,Galle,25,1,0.196,16.41,42.1,98.7,0.0
GAL_07,Galle,26,1,0.338,17.16,37.7,99.23,0.0
GAL_08,Galle,1,1,0.565,16.96,36.7,98.22,0.0
GAL_08,Galle,2,1,0.509,17.65,47.3,97.94,0.0
GAL_08,Galle,3,1,0.57,17.78,35.2,98.36,0.0
GAL_08,Galle,4,1,0.479,17.55,42.1,98.02,0.0
GAL_08,Galle,5,1,0.588,17.3,44.1,98.5,0.0
GAL_08,Galle,6,1,0.583,17.86,42.4,98.41,0.0
GAL_08,Galle,7,1,0.459,17.93,40.9,98.93,0.0
GAL_08,Galle,8,1,0.388,17.4,42.3,98.09,0.0
GAL_08,Galle,9,1,0.495,18.8,43.8,98.18,0.0
GAL_08,Galle,10,1,0.595,18.24,41.2,98.5,0.0
GAL_08,Galle,11,1,0.523,17.0,36.0,98.59,0.0
GAL_08,Galle,12,1,0.518,18.64,36.8,97.8,0.0
GAL_08,Galle,13,1,0.489,17.69,39.6,98.42,0.0
GAL_08,Galle,14,1,0.46,18.42,35.4,98.58,0.0
GAL_08,Galle,15,1,0.492,16.81,43.8,97.77,0.0
GAL_08,Galle,16,1,0.458,17.79,36.7,98.59,0.0
GAL_08,Galle,17,1,0.503,17.26,46.8,98.35,0.0
GAL_08,Galle,18,1,0.5,16.88,35.1,98.57,0.0
GAL_08,Galle,19,1,0.543,17.53,35.3,98.58,0.0
GAL_08,Galle,20,1,0.407,17.33,37.1,98.19,0.0
GAL_08,Galle,21,1,0.519,17.13,34.9,98.86,0.0
GAL_08,Galle,22,1,0.554,18.25,38.4,98.65,0.0
GAL_08,Galle,23,1,0.557,18.26,47.6,98.35,0.0
GAL_08,Galle,24,1,0.526,17.51,24.1,98.06,0.0
GAL_08,Galle,25,1,0.511,17.92,35.9,98.69,0.0
GAL_08,Galle,26,1,0.588,17.29,43.9,98.85,0.0
GAL_09,Galle,1,0,0.482,12.58,66.1,98.79,0.0
GAL_09,Galle,2,0,0.549,11.46,62.4,98.7,0.0
GAL_09,Galle,3,0,0.49,13.69,62.1,98.34,0.0
GAL_09,Galle,4,0,0.583,12.38,62.9,98.43,0.0
GAL_09,Galle,5,0,0.54,12.44,66.1,98.41,0.0
GAL_09,Galle,6,0,0.54,12.44,66.1,97.71,0.0
GAL_09,Galle,7,0,0.461,11.47,62.1,98.53,0.0
GAL_09,Galle,8,0,0.57,12.31,62.5,98.49,0.0
GAL_09,Galle,9,0,0.62,11.57,64.3,98.87,0.0
GAL_09,Galle,10,0,0.535,10.71,64.5,98.39,0.0
GAL_09,Galle,11,0,0.507,12.57,64.9,98.42,0.0
GAL_09,Galle,12,0,0.568,12.2,63.5,98.56,0.0
GAL_09,Galle,13,0,0.529,11.73,61.2,98.49,0.0
GAL_09,Galle,14,0,0.457,11.18,68.2,98.42,0.0
GAL_09,Galle,15,0,0.513,11.85,63.1,98.49,0.0
GAL_09,Galle,16,0,0.518,11.45,66.8,98.31,0.0
GAL_09,Galle,17,0,0.576,10.78,58.8,98.73,0.0
GAL_09,Galle,18,0,0.505,11.53,64.5,98.22,0.0
GAL_09,Galle,19,0,0.519,10.61,61.2,98.32,0.0
GAL_09,Galle,20,0,0.547,12.46,59.6,98.88,0.0
GAL_09,Galle,21,0,0.479,10.7,53.5,98.87,0.0
GAL_09,Galle,22,0,0.509,11.55,60.0,98.21,0.0
GAL_09,Galle,23,0,0.595,11.88,70.2,98.43,0.0
GAL_09,Galle,24,0,0.373,12.44,61.6,98.42,0.0
GAL_09,Galle,25,0,0.608,11.78,67.7,98.48,0.0
GAL_09,Galle,26,0,0.469,12.24,60.6,98.79,0.0
GAL_10,Galle,1,0,0.571,15.03,48.1,99.02,0.0
GAL_10,Galle,2,0,0.609,14.19,50.3,98.86,0.0
GAL_10,Galle,3,0,0.628,14.23,53.7,99.38,0.0
GAL_10,Galle,4,0,0.606,13.7,52.5,99.26,0.0
GAL_10,Galle,5,0,0.568,15.33,54.4,99.1,0.0
GAL_10,Galle,6,0,0.569,14.36,50.9,99.01,0.0
GAL_10,Galle,7,0,0.616,14.92,50.8,99.01,0.0
GAL_10,Galle,8,0,0.608,13.69,48.9,98.8,0.0
GAL_10,Galle,9,0,0.573,14.51,50.9,98.78,0.0
GAL_10,Galle,10,0,0.626,14.84,45.4,99.0,0.0
GAL_10,Galle,11,0,0.518,15.69,50.2,98.9,0.0
GAL_10,Galle,12,0,0.59,14.55,51.8,99.39,0.0
GAL_10,Galle,13,0,0.599,15.17,56.5,98.76,0.0
GAL_10,Galle,14,0,0.687,15.09,55.8,98.78,0.0
GAL_10,Galle,15,0,0.634,14.92,49.9,99.57,0.0
GAL_10,Galle,16,0,0.619,14.53,52.8,99.23,0.0
GAL_10,Galle,17,0,0.653,15.02,56.9,99.37,0.0
GAL_10,Galle,18,0,0.511,14.38,48.2,99.02,0.0
GAL_10,Galle,19,0,0.672,15.07,47.8,98.93,0.0
GAL_10,Galle,20,0,0.647,14.36,51.6,99.08,0.0
GAL_10,Galle,21,0,0.476,15.14,53.4,99.14,0.0
GAL_10,Galle,22,0,0.527,14.21,49.6,99.06,0.0
GAL_10,Galle,23,0,0.59,14.75,59.2,99.33,0.0
GAL_10,Galle,24,0,0.542,14.28,58.9,98.92,0.0
GAL_10,Galle,25,0,0.668,15.63,49.8,98.93,0.0
GAL_10,Galle,26,0,0.591,14.16,48.1,98.9,0.0
GAL_11,Galle,1,0,0.607,12.56,44.1,98.61,0.0
GAL_11,Galle,2,0,0.522,13.52,37.2,98.42,0.0
GAL_11,Galle,3,0,0.579,13.53,47.1,98.41,0.0
GAL_11,Galle,4,0,0.654,13.78,36.9,98.36,0.0
GAL_11,Galle,5,0,0.603,12.53,47.0,98.31,0.0
GAL_11,Galle,6,0,0.595,12.86,41.9,98.37,0.0
GAL_11,Galle,7,0,0.554,13.45,33.2,98.63,0.0
GAL_11,Galle,8,0,0.506,12.09,37.8,98.08,0.0
GAL_11,Galle,9,0,0.606,12.85,42.8,98.05,0.0
GAL_11,Galle,10,0,0.706,13.73,49.5,98.04,0.0
GAL_11,Galle,11,0,0.613,12.82,44.0,98.46,0.0
GAL_11,Galle,12,0,0.478,12.72,37.0,97.92,0.0
GAL_11,Galle,13,0,0.529,12.82,35.9,98.32,0.0
GAL_11,Galle,14,0,0.606,12.61,39.4,98.29,0.0
GAL_11,Galle,15,0,0.559,12.98,44.9,98.5,0.0
GAL_11,Galle,16,0,0.614,13.27,49.6,98.73,0.0
GAL_11,Galle,17,0,0.549,13.32,46.4,98.09,0.0
GAL_11,Galle,18,0,0.597,13.42,38.8,98.23,0.0
GAL_11,Galle,19,0,0.479,13.07,33.6,98.86,0.0
GAL_11,Galle,20,0,1.666,13.0,51.5,97.81,0.0
GAL_11,Galle,21,0,2.655,11.74,62.6,96.6,0.0
GAL_11,Galle,22,0,3.608,9.68,62.9,95.82,0.0
GAL_11,Galle,23,0,3.608,10.63,62.1,96.54,0.0
GAL_11,Galle,24,0,3.67,9.77,65.7,96.08,0.0
GAL_11,Galle,25,0,3.641,9.77,63.2,96.19,0.0
GAL_11,Galle,26,0,3.458,10.08,72.2,96.18,0.0
GAL_12,Galle,1,0,0.555,16.54,60.0,98.81,0.0
GAL_12,Galle,2,0,0.514,15.35,52.7,99.05,0.0
GAL_12,Galle,3,0,0.579,15.75,50.4,98.92,0.0
GAL_12,Galle,4,0,0.577,15.76,53.9,99.12,0.0
GAL_12,Galle,5,0,0.55,16.8,58.4,98.72,0.0
GAL_12,Galle,6,0,0.612,15.71,50.2,98.64,0.0
GAL_12,Galle,7,0,0.505,16.09,53.5,98.84,0.0
GAL_12,Galle,8,0,0.609,13.91,54.7,98.25,0.0
GAL_12,Galle,9,0,0.569,15.26,53.9,99.04,0.0
GAL_12,Galle,10,0,0.457,15.9,53.2,98.23,0.0
GAL_12,Galle,11,0,0.598,15.81,51.4,98.52,0.0
GAL_12,Galle,12,0,0.752,15.55,46.3,98.47,0.0
GAL_12,Galle,13,0,0.537,15.56,53.2,98.44,0.0
GAL_12,Galle,14,0,0.592,15.5,48.0,98.5,0.0
GAL_12,Galle,15,0,0.536,16.3,55.4,98.62,0.0
GAL_12,Galle,16,0,0.561,15.92,61.6,98.55,0.0
GAL_12,Galle,17,0,0.587,16.22,49.7,98.75,0.0
GAL_12,Galle,18,0,0.569,15.5,55.7,98.96,0.0
GAL_12,Galle,19,0,0.627,15.67,54.2,99.29,0.0
GAL_12,Galle,20,0,0.493,15.92,57.0,98.74,0.0
GAL_12,Galle,21,0,0.599,15.89,56.5,99.02,0.0
GAL_12,Galle,22,0,0.546,15.9,53.3,98.6,0.0
GAL_12,Galle,23,0,0.558,15.11,56.5,99.13,0.0
GAL_12,Galle,24,0,0.662,16.55,49.6,99.08,0.0
GAL_12,Galle,25,0,0.516,15.75,60.9,98.43,0.0
GAL_12,Galle,26,0,0.61,15.95,52.9,98.48,0.0
MAT_01,Matara,1,1,0.49,12.59,53.1,99.48,0.0
MAT_01,Matara,2,1,0.497,12.3,55.4,99.59,0.0
MAT_01,Matara,3,1,0.437,12.74,63.9,99.79,0.0
MAT_01,Matara,4,1,0.412,12.48,59.1,99.16,0.0
MAT_01,Matara,5,1,0.494,13.02,59.8,98.82,0.0
MAT_01,Matara,6,1,0.377,12.56,61.6,99.42,0.0
MAT_01,Matara,7,1,0.407,13.59,60.4,99.4,0.0
MAT_01,Matara,8,1,0.489,13.56,62.4,99.5,0.0
MAT_01,Matara,9,1,0.541,13.27,56.1,99.23,0.0
MAT_01,Matara,10,1,0.525,13.11,56.6,99.69,0.0
MAT_01,Matara,11,1,0.538,13.82,51.3,99.6,0.0
MAT_01,Matara,12,1,0.474,12.81,54.2,99.76,0.0
MAT_01,Matara,13,1,0.559,12.86,53.0,99.46,0.0
MAT_01,Matara,14,1,0.482,14.29,51.7,99.0,0.0
MAT_01,Matara,15,1,0.494,13.3,58.1,99.65,0.0
MAT_01,Matara,16,1,0.634,13.09,55.4,99.02,0.0
MAT_01,Matara,17,1,0.524,13.81,56.5,99.75,0.0
MAT_01,Matara,18,1,0.511,14.2,58.9,99.19,0.0
MAT_01,Matara,19,1,0.471,12.37,50.6,99.52,0.0
MAT_01,Matara,20,1,0.561,14.47,57.4,99.4,0.0
MAT_01,Matara,21,1,0.443,13.89,59.1,99.31,0.0
MAT_01,Matara,22,1,0.55,13.63,50.1,99.64,0.0
MAT_01,Matara,23,1,0.517,13.06,55.9,99.89,0.0
MAT_01,Matara,24,1,0.601,14.39,53.0,99.29,0.0
MAT_01,Matara,25,1,0.563,12.57,54.7,99.01,0.0
MAT_01,Matara,26,1,0.62,13.93,59.4,99.51,0.0
MAT_02,Matara,1,0,0.339,14.24,51.4,98.24,0.0
MAT_02,Matara,2,0,0.367,12.12,54.2,97.77,0.0
MAT_02,Matara,3,0,0.457,12.54,44.5,98.18,0.0
MAT_02,Matara,4,0,0.417,13.53,47.1,98.32,0.0
MAT_02,Matara,5,0,0.304,13.19,48.9,98.01,0.0
MAT_02,Matara,6,0,0.443,13.09,54.3,98.28,0.0
MAT_02,Matara,7,0,0.289,12.77,50.5,97.95,0.0
MAT_02,Matara,8,0,0.41,12.31,54.9,98.29,0.0
MAT_02,Matara,9,0,0.382,12.64,52.0,97.97,0.0
MAT_02,Matara,10,0,0.426,13.41,54.9,97.99,0.0
MAT_02,Matara,11,0,0.478,12.08,47.9,98.22,0.0
MAT_02,Matara,12,0,0.301,13.91,47.1,98.13,0.0
MAT_02,Matara,13,0,0.337,13.2,52.7,98.08,0.0
MAT_02,Matara,14,0,0.369,14.76,52.0,97.86,0.0
MAT_02,Matara,15,0,0.447,13.96,56.9,98.55,0.0
MAT_02,Matara,16,0,0.335,14.1,56.6,98.1,0.0
MAT_02,Matara,17,0,0.406,11.66,49.7,98.55,0.0
MAT_02,Matara,18,0,0.284,13.14,53.2,98.25,0.0
MAT_02,Matara,19,0,0.489,12.41,52.2,98.32,0.0
MAT_02,Matara,20,0,0.313,13.44,59.5,98.43,0.0
MAT_02,Matara,21,0,0.424,11.9,51.5,98.2,0.0
MAT_02,Matara,22,0,0.373,13.43,64.3,98.05,0.0
MAT_02,Matara,23,0,0.333,13.61,50.7,98.02,0.0
MAT_02,Matara,24,0,0.386,13.93,53.0,97.8,0.0
MAT_02,Matara,25,0,0.384,13.75,50.1,98.39,0.0
MAT_02,Matara,26,0,0.438,12.87,53.3,98.6,0.0
MAT_03,Matara,1,0,0.683,14.66,55.6,98.21,0.0
MAT_03,Matara,2,0,0.638,14.64,59.0,98.11,0.0
MAT_03,Matara,3,0,0.717,13.29,52.5,98.49,0.0
MAT_03,Matara,4,0,0.774,14.5,55.3,97.81,0.0
MAT_03,Matara,5,0,0.69,14.82,49.7,98.27,0.0
MAT_03,Matara,6,0,0.698,14.62,51.2,98.26,0.0
MAT_03,Matara,7,0,0.579,15.25,56.2,97.84,0.0
MAT_03,Matara,8,0,0.749,15.05,53.1,98.68,0.0
MAT_03,Matara,9,0,0.608,14.54,60.4,97.56,0.0
MAT_03,Matara,10,0,0.729,14.31,55.6,97.86,0.0
MAT_03,Matara,11,0,0.688,13.69,51.8,98.02,0.0
MAT_03,Matara,12,0,0.595,15.3,50.4,97.94,0.0
MAT_03,Matara,13,0,0.649,14.36,58.8,98.33,0.0
MAT_03,Matara,14,0,0.65,14.12,55.8,98.33,0.0
MAT_03,Matara,15,0,0.71,14.04,47.4,98.66,0.0
MAT_03,Matara,16,0,0.726,14.51,57.0,98.0,0.0
MAT_03,Matara,17,0,0.608,14.15,54.8,97.97,0.0
MAT_03,Matara,18,0,0.581,14.17,58.0,98.0,0.0
MAT_03,Matara,19,0,0.67,13.11,54.8,98.1,0.0
MAT_03,Matara,20,0,0.595,13.32,57.3,97.93,0.0
MAT_03,Matara,21,0,0.698,14.1,58.2,98.04,0.0
MAT_03,Matara,22,0,0.578,14.3,54.4,98.29,0.0
MAT_03,Matara,23,0,0.641,14.12,59.1,98.42,0.0
MAT_03,Matara,24,0,0.714,14.98,57.5,98.32,0.0
MAT_03,Matara,25,0,0.721,14.6,55.9,98.16,0.0
MAT_03,Matara,26,0,0.813,14.36,54.7,98.04,0.0
MAT_04,Matara,1,0,0.461,15.22,33.9,97.63,0.0
MAT_04,Matara,2,0,0.467,14.8,24.6,97.02,0.0
MAT_04,Matara,3,0,0.448,13.89,29.6,97.21,0.0
MAT_04,Matara,4,0,0.484,14.93,29.7,97.03,0.0
MAT_04,Matara,5,0,0.417,14.07,29.8,97.6,0.0
MAT_04,Matara,6,0,0.455,15.35,25.4,97.57,0.0
MAT_04,Matara,7,0,0.399,15.62,29.7,96.97,0.0
MAT_04,Matara,8,0,0.507,15.14,30.0,97.33,0.0
MAT_04,Matara,9,0,0.444,14.91,31.2,97.11,0.0
MAT_04,Matara,10,0,0.449,14.73,23.3,97.05,0.0
MAT_04,Matara,11,0,0.416,15.14,34.0,96.79,0.0
MAT_04,Matara,12,0,0.453,13.81,25.1,97.09,0.0
MAT_04,Matara,13,0,0.31,14.02,29.9,97.23,0.0
MAT_04,Matara,14,0,0.439,14.65,37.9,97.17,0.0
MAT_04,Matara,15,0,0.394,16.14,31.8,97.12,0.0
MAT_04,Matara,16,0,0.517,15.23,31.9,97.27,0.0
MAT_04,Matara,17,0,0.384,15.72,29.9,96.96,0.0
MAT_04,Matara,18,0,0.4,15.71,27.8,97.23,0.0
MAT_04,Matara,19,0,0.485,15.21,23.2,97.37,0.0
MAT_04,Matara,20,0,0.502,15.65,35.8,97.3,0.0
MAT_04,Matara,21,0,0.492,16.09,28.1,97.65,0.0
MAT_04,Matara,22,0,0.549,15.6,36.7,97.43,0.0
MAT_04,Matara,23,0,0.392,15.82,30.6,97.32,0.0
MAT_04,Matara,24,0,0.455,15.95,31.5,97.04,0.0
MAT_04,Matara,25,0,0.474,15.57,26.4,97.11,0.0
MAT_04,Matara,26,0,0.422,14.77,30.7,97.47,0.0
MAT_05,Matara,1,1,0.757,17.8,56.8,99.29,0.0
MAT_05,Matara,2,1,0.685,17.45,52.3,99.53,0.0
MAT_05,Matara,3,1,0.714,17.67,58.6,99.58,0.0
MAT_05,Matara,4,1,0.679,17.54,50.9,98.85,0.0
MAT_05,Matara,5,1,0.599,18.53,50.0,99.52,0.0
MAT_05,Matara,6,1,0.804,17.33,63.8,99.86,0.0
MAT_05,Matara,7,1,0.772,19.03,59.8,99.22,0.0
MAT_05,Matara,8,1,0.746,17.34,52.1,99.08,0.0
MAT_05,Matara,9,1,0.854,17.28,57.2,99.24,0.0
MAT_05,Matara,10,1,0.724,17.47,55.7,99.1,0.0
MAT_05,Matara,11,1,0.631,17.17,58.5,99.9,0.0
MAT_05,Matara,12,1,0.779,18.71,59.3,99.38,0.0
MAT_05,Matara,13,1,0.636,17.62,48.8,99.33,0.0
MAT_05,Matara,14,1,0.814,17.81,61.9,99.31,0.0
MAT_05,Matara,15,1,0.634,17.33,55.8,99.71,0.0
MAT_05,Matara,16,1,0.835,17.17,55.9,99.37,0.0
MAT_05,Matara,17,1,0.695,16.87,57.8,99.5,0.0
MAT_05,Matara,18,1,0.74,16.9,56.9,98.97,0.0
MAT_05,Matara,19,1,0.771,17.01,56.3,99.29,0.0
MAT_05,Matara,20,1,0.682,16.99,50.3,99.84,0.0
MAT_05,Matara,21,1,0.732,17.78,65.8,99.38,0.0
MAT_05,Matara,22,1,0.75,17.64,62.2,99.53,0.0
MAT_05,Matara,23,1,0.736,17.47,58.5,99.7,0.0
MAT_05,Matara,24,1,0.592,17.55,55.7,99.33,0.0
MAT_05,Matara,25,1,0.598,18.06,54.0,99.35,0.0
MAT_05,Matara,26,1,0.687,16.62,55.6,98.95,0.0
MAT_06,Matara,1,0,0.351,13.05,42.0,98.51,0.0
MAT_06,Matara,2,0,0.314,13.42,41.1,99.08,0.0
MAT_06,Matara,3,0,0.327,13.58,43.5,98.62,0.0
MAT_06,Matara,4,0,0.408,14.07,49.0,97.89,0.0
MAT_06,Matara,5,0,0.344,14.42,52.4,98.68,0.0
MAT_06,Matara,6,0,0.222,14.14,42.1,98.22,0.0
MAT_06,Matara,7,0,0.288,14.42,49.3,98.85,0.0
MAT_06,Matara,8,0,0.262,15.3,39.8,98.65,0.0
MAT_06,Matara,9,0,0.238,14.58,46.3,98.89,0.0
MAT_06,Matara,10,0,0.33,13.75,45.2,98.2,0.0
MAT_06,Matara,11,0,0.385,14.34,43.0,98.67,0.0
MAT_06,Matara,12,0,0.343,14.73,46.3,98.68,0.0
MAT_06,Matara,13,0,0.295,12.89,42.1,98.69,0.0
MAT_06,Matara,14,0,0.31,13.84,47.5,98.78,0.0
MAT_06,Matara,15,0,0.342,14.19,45.3,98.67,0.0
MAT_06,Matara,16,0,0.354,12.76,49.6,98.35,0.0
MAT_06,Matara,17,0,0.376,13.8,49.0,98.68,0.0
MAT_06,Matara,18,0,0.269,14.44,45.3,98.7,0.0
MAT_06,Matara,19,0,0.33,14.4,47.8,98.73,0.0
MAT_06,Matara,20,0,0.233,13.55,45.0,99.12,0.0
MAT_06,Matara,21,0,0.349,13.74,49.4,98.65,0.0
MAT_06,Matara,22,0,0.324,13.89,38.6,98.91,0.0
MAT_06,Matara,23,0,0.351,13.63,40.0,98.73,0.0
MAT_06,Matara,24,0,0.41,13.41,40.3,98.78,0.0
MAT_06,Matara,25,0,0.23,12.47,42.8,98.5,0.0
MAT_06,Matara,26,0,0.309,13.47,45.9,98.62,0.0
MAT_07,Matara,1,1,0.39,12.52,58.9,99.4,0.0
MAT_07,Matara,2,1,0.34,13.59,51.8,99.14,0.0
MAT_07,Matara,3,1,0.408,13.22,47.5,99.17,0.0
MAT_07,Matara,4,1,0.371,12.85,58.2,99.05,0.0
MAT_07,Matara,5,1,0.483,14.03,49.4,99.36,0.0
MAT_07,Matara,6,1,0.449,13.38,48.4,99.35,0.0
MAT_07,Matara,7,1,0.497,12.6,55.4,99.33,0.0
MAT_07,Matara,8,1,0.371,13.26,51.9,99.59,0.0
MAT_07,Matara,9,1,0.414,12.9,59.5,99.0,0.0
MAT_07,Matara,10,1,0.418,13.61,58.0,99.42,0.0
MAT_07,Matara,11,1,0.442,13.49,57.1,99.41,0.0
MAT_07,Matara,12,1,0.507,13.08,58.0,99.45,0.0
MAT_07,Matara,13,1,0.389,13.16,55.0,98.96,0.0
MAT_07,Matara,14,1,0.296,13.93,47.0,99.69,0.0
MAT_07,Matara,15,1,0.362,13.65,53.5,99.43,0.0
MAT_07,Matara,16,1,1.483,11.81,53.4,98.61,0.0
MAT_07,Matara,17,1,2.688,11.33,56.0,97.32,0.0
MAT_07,Matara,18,1,3.64,9.48,58.6,96.29,0.0
MAT_07,Matara,19,1,3.79,9.86,55.6,96.65,0.0
MAT_07,Matara,20,1,3.76,8.05,53.4,96.29,0.0
MAT_07,Matara,21,1,3.773,8.57,53.5,96.15,0.0
MAT_07,Matara,22,1,3.739,9.13,59.2,96.59,0.0
MAT_07,Matara,23,1,3.751,9.24,55.7,96.42,0.0
MAT_07,Matara,24,1,3.834,7.6,54.6,96.47,0.0
MAT_07,Matara,25,1,3.809,8.43,56.6,96.6,0.0
MAT_07,Matara,26,1,3.714,7.95,53.8,96.09,0.0
MAT_08,Matara,1,0,0.491,12.77,74.4,98.72,0.0
MAT_08,Matara,2,0,0.612,11.97,69.7,99.35,0.0
MAT_08,Matara,3,0,0.472,13.27,73.2,98.3,0.0
MAT_08,Matara,4,0,0.47,11.95,72.3,98.67,0.0
MAT_08,Matara,5,0,0.546,12.96,68.9,98.83,0.0
MAT_08,Matara,6,0,0.537,13.21,65.3,99.19,0.0
MAT_08,Matara,7,0,0.536,12.06,71.0,98.88,0.0
MAT_08,Matara,8,0,0.438,12.67,63.1,98.56,0.0
MAT_08,Matara,9,0,0.604,12.02,69.9,98.68,0.0
MAT_08,Matara,10,0,0.672,12.47,63.7,98.49,0.0
MAT_08,Matara,11,0,0.502,12.61,68.4,99.01,0.0
MAT_08,Matara,12,0,0.566,12.61,69.7,98.74,0.0
MAT_08,Matara,13,0,0.574,13.0,71.6,98.63,0.0
MAT_08,Matara,14,0,0.45,12.04,69.5,98.15,0.0
MAT_08,Matara,15,0,0.527,12.8,66.1,98.49,0.0
MAT_08,Matara,16,0,0.661,13.36,67.4,99.1,0.0
MAT_08,Matara,17,0,0.633,11.85,79.1,98.53,0.0
MAT_08,Matara,18,0,0.54,11.87,68.7,98.44,0.0
MAT_08,Matara,19,0,0.555,13.17,69.2,98.7,0.0
MAT_08,Matara,20,0,0.648,11.98,72.2,98.69,0.0
MAT_08,Matara,21,0,0.568,12.54,68.9,98.75,0.0
MAT_08,Matara,22,0,0.508,12.18,70.1,98.74,0.0
MAT_08,Matara,23,0,0.485,12.09,65.6,98.75,0.0
MAT_08,Matara,24,0,0.565,12.57,65.7,98.77,0.0
MAT_08,Matara,25,0,0.472,10.78,68.1,98.35,0.0
MAT_08,Matara,26,0,0.498,11.79,70.8,98.46,0.0
MAT_09,Matara,1,0,0.542,14.43,29.5,97.6,0.0
MAT_09,Matara,2,0,0.488,13.39,27.0,97.3,0.0
MAT_09,Matara,3,0,0.614,12.21,29.4,97.63,0.0
MAT_09,Matara,4,0,0.504,12.75,27.6,97.41,0.0
MAT_09,Matara,5,0,0.43,13.3,26.8,97.38,0.0
MAT_09,Matara,6,0,0.535,12.69,30.1,97.37,0.0
MAT_09,Matara,7,0,0.519,13.36,29.3,97.28,0.0
MAT_09,Matara,8,0,0.447,12.8,29.0,97.71,0.0
MAT_09,Matara,9,0,0.558,13.02,28.7,97.11,0.0
MAT_09,Matara,10,0,0.36,12.8,25.7,97.13,0.0
MAT_09,Matara,11,0,0.387,13.63,25.1,97.1,0.0
MAT_09,Matara,12,0,0.632,13.41,27.0,97.69,0.0
MAT_09,Matara,13,0,0.447,14.26,22.1,97.19,0.0
MAT_09,Matara,14,0,0.484,12.85,33.9,97.11,0.0
MAT_09,Matara,15,0,0.448,13.45,30.5,97.76,0.0
MAT_09,Matara,16,0,0.512,14.62,26.4,97.56,0.0
MAT_09,Matara,17,0,0.543,13.11,27.1,97.4,0.0
MAT_09,Matara,18,0,0.453,12.62,26.0,97.13,0.0
MAT_09,Matara,19,0,0.514,12.34,36.4,97.93,0.0
MAT_09,Matara,20,0,0.557,13.17,25.9,97.81,0.0
MAT_09,Matara,21,0,0.502,13.63,25.3,97.77,0.0
MAT_09,Matara,22,0,0.443,13.35,21.3,97.35,0.0
MAT_09,Matara,23,0,0.521,13.02,26.4,97.7,0.0
MAT_09,Matara,24,0,0.486,14.03,18.5,97.65,0.0
MAT_09,Matara,25,0,0.521,12.36,23.0,97.73,0.0
MAT_09,Matara,26,0,0.427,12.91,30.5,97.42,0.0
MAT_10,Matara,1,0,0.545,12.12,43.3,99.65,0.0
MAT_10,Matara,2,0,0.402,13.2,44.4,99.7,0.0
MAT_10,Matara,3,0,0.503,11.29,47.3,99.39,0.0
MAT_10,Matara,4,0,0.538,12.72,43.4,99.43,0.0
MAT_10,Matara,5,0,0.55,11.92,43.2,99.07,0.0
MAT_10,Matara,6,0,0.551,12.56,43.6,98.97,0.0
MAT_10,Matara,7,0,0.58,11.16,47.6,99.1,0.0
MAT_10,Matara,8,0,0.401,12.16,46.2,99.66,0.0
MAT_10,Matara,9,0,0.642,11.97,51.0,99.56,0.0
MAT_10,Matara,10,0,0.475,11.57,53.4,99.21,0.0
MAT_10,Matara,11,0,0.504,11.91,46.4,99.15,0.0
MAT_10,Matara,12,0,0.551,12.83,45.5,98.96,0.0
MAT_10,Matara,13,0,0.509,11.2,44.4,99.61,0.0
MAT_10,Matara,14,0,0.644,12.31,42.7,99.5,0.0
MAT_10,Matara,15,0,0.372,11.67,53.0,99.49,0.0
MAT_10,Matara,16,0,0.423,11.09,50.3,99.29,0.0
MAT_10,Matara,17,0,0.47,12.33,44.7,98.83,0.0
MAT_10,Matara,18,0,0.554,11.7,42.9,98.97,0.0
MAT_10,Matara,19,0,0.521,11.6,49.4,99.24,0.0
MAT_10,Matara,20,0,0.57,11.85,44.3,98.81,0.0
MAT_10,Matara,21,0,0.44,12.51,59.1,98.99,0.0
MAT_10,Matara,22,0,0.444,12.29,48.8,99.14,0.0
MAT_10,Matara,23,0,0.511,11.12,45.8,99.53,0.0
MAT_10,Matara,24,0,0.603,11.98,45.9,99.42,0.0
MAT_10,Matara,25,0,0.572,12.37,44.0,99.39,0.0
MAT_10,Matara,26,0,0.564,11.66,41.6,99.43,0.0
MAT_11,Matara,1,1,0.434,16.49,42.3,98.38,0.0
MAT_11,Matara,2,1,0.417,16.8,41.9,98.47,0.0
MAT_11,Matara,3,1,0.506,16.61,47.5,98.12,0.0
MAT_11,Matara,4,1,0.462,17.75,47.1,98.53,0.0
MAT_11,Matara,5,1,0.56,17.29,44.8,97.83,0.0
MAT_11,Matara,6,1,0.533,16.87,46.9,98.1,0.0
MAT_11,Matara,7,1,0.449,16.23,47.0,98.42,0.0
MAT_11,Matara,8,1,0.474,17.1,49.8,97.9,0.0
MAT_11,Matara,9,1,0.47,16.17,49.0,98.17,0.0
MAT_11,Matara,10,1,0.463,15.85,43.6,98.35,0.0
MAT_11,Matara,11,1,0.473,16.58,46.8,97.8,0.0
MAT_11,Matara,12,1,0.494,17.19,41.2,97.9,0.0
MAT_11,Matara,13,1,0.506,16.78,43.4,98.16,0.0
MAT_11,Matara,14,1,0.504,16.28,41.6,98.22,0.0
MAT_11,Matara,15,1,0.558,17.64,40.9,98.38,0.0
MAT_11,Matara,16,1,0.536,16.82,46.2,98.31,0.0
MAT_11,Matara,17,1,0.598,16.21,46.7,98.07,0.0
MAT_11,Matara,18,1,0.479,17.52,47.6,97.85,0.0
MAT_11,Matara,19,1,0.475,16.97,38.7,98.32,0.0
MAT_11,Matara,20,1,0.487,16.94,45.6,98.55,0.0
MAT_11,Matara,21,1,0.494,16.63,51.2,97.98,0.0
MAT_11,Matara,22,1,0.46,16.02,48.6,98.17,0.0
MAT_11,Matara,23,1,0.52,16.94,43.8,97.91,0.0
MAT_11,Matara,24,1,0.445,17.1,44.8,98.51,0.0
MAT_11,Matara,25,1,0.447,16.55,40.3,98.45,0.0
MAT_11,Matara,26,1,0.418,17.3,50.0,98.07,0.0
MAT_12,Matara,1,0,0.545,8.48,42.3,97.51,0.0
MAT_12,Matara,2,0,0.514,8.64,32.7,97.38,0.0
MAT_12,Matara,3,0,0.671,8.52,40.2,97.29,0.0
MAT_12,Matara,4,0,0.593,9.2,37.6,96.99,0.0
MAT_12,Matara,5,0,0.514,9.65,37.6,97.58,0.0
MAT_12,Matara,6,0,0.516,7.83,40.3,97.51,0.0
MAT_12,Matara,7,0,0.511,8.72,39.7,97.28,0.0
MAT_12,Matara,8,0,0.566,8.82,29.3,97.39,0.0
MAT_12,Matara,9,0,0.51,8.45,40.2,97.31,0.0
MAT_12,Matara,10,0,0.577,9.59,39.1,97.04,0.0
MAT_12,Matara,11,0,0.502,9.48,37.6,97.23,0.0
MAT_12,Matara,12,0,0.54,9.24,39.6,97.59,0.0
MAT_12,Matara,13,0,0.496,8.78,37.6,97.42,0.0
MAT_12,Matara,14,0,0.421,8.8,33.3,97.77,0.0
MAT_12,Matara,15,0,0.638,9.94,41.8,97.31,0.0
MAT_12,Matara,16,0,0.602,8.83,41.0,97.2,0.0
MAT_12,Matara,17,0,0.51,9.22,45.6,97.42,0.0
MAT_12,Matara,18,0,0.679,10.58,33.5,97.42,0.0
MAT_12,Matara,19,0,0.489,8.86,36.5,97.41,0.0
MAT_12,Matara,20,0,0.603,9.5,39.6,97.43,0.0
MAT_12,Matara,21,0,0.553,9.02,40.9,97.43,0.0
MAT_12,Matara,22,0,0.575,8.17,41.7,97.86,0.0
MAT_12,Matara,23,0,0.556,8.11,44.0,97.35,0.0
MAT_12,Matara,24,0,0.368,8.82,41.0,97.52,0.0
MAT_12,Matara,25,0,0.619,9.32,39.1,96.94,0.0
MAT_12,Matara,26,0,0.48,9.05,41.3,97.18,0.0
JAF_01,Jaffna,1,1,0.334,14.31,19.3,96.91,0.0
JAF_01,Jaffna,2,1,0.401,15.61,20.3,97.4,0.0
JAF_01,Jaffna,3,1,0.331,16.16,24.1,97.34,0.0
JAF_01,Jaffna,4,1,0.442,15.3,22.8,97.31,0.0
JAF_01,Jaffna,5,1,0.304,15.62,17.1,97.1,0.0
JAF_01,Jaffna,6,1,0.368,16.3,18.0,97.27,0.0
JAF_01,Jaffna,7,1,0.276,15.73,23.8,97.44,0.0
JAF_01,Jaffna,8,1,0.391,15.36,15.4,97.22,0.0
JAF_01,Jaffna,9,1,0.283,14.93,23.0,97.01,0.0
JAF_01,Jaffna,10,1,0.469,14.82,20.9,96.95,0.0
JAF_01,Jaffna,11,1,0.373,15.05,19.4,97.2,0.0
JAF_01,Jaffna,12,1,0.336,15.97,25.2,97.09,0.0
JAF_01,Jaffna,13,1,0.415,15.72,19.1,97.78,0.0
JAF_01,Jaffna,14,1,0.234,15.26,12.1,97.16,0.0
JAF_01,Jaffna,15,1,0.349,17.93,20.6,97.68,0.0
JAF_01,Jaffna,16,1,0.44,15.41,21.1,97.65,0.0
JAF_01,Jaffna,17,1,0.373,15.79,21.2,96.87,0.0
JAF_01,Jaffna,18,1,0.314,15.87,21.4,97.01,0.0
JAF_01,Jaffna,19,1,0.343,15.59,18.6,97.41,0.0
JAF_01,Jaffna,20,1,0.369,15.77,13.6,96.98,0.0
JAF_01,Jaffna,21,1,0.382,14.72,20.3,97.08,0.0
JAF_01,Jaffna,22,1,0.314,16.05,16.5,97.03,0.0
JAF_01,Jaffna,23,1,0.322,15.7,30.1,96.71,0.0
JAF_01,Jaffna,24,1,0.361,15.52,23.0,97.15,0.0
JAF_01,Jaffna,25,1,0.215,16.45,14.9,97.22,0.0
JAF_01,Jaffna,26,1,0.281,15.01,17.2,97.45,0.0
JAF_02,Jaffna,1,1,0.555,13.01,50.4,98.12,0.0
JAF_02,Jaffna,2,1,0.665,12.61,53.1,98.37,0.0
JAF_02,Jaffna,3,1,0.635,11.58,58.2,98.27,0.0
JAF_02,Jaffna,4,1,0.489,12.96,59.0,98.44,0.0
JAF_02,Jaffna,5,1,0.489,12.61,55.4,97.97,0.0
JAF_02,Jaffna,6,1,0.552,12.71,58.7,98.25,0.0
JAF_02,Jaffna,7,1,0.641,12.48,46.9,98.57,0.0
JAF_02,Jaffna,8,1,0.599,11.85,52.6,98.48,0.0
JAF_02,Jaffna,9,1,0.526,13.01,51.1,98.2,0.0
JAF_02,Jaffna,10,1,0.527,12.48,49.0,97.99,0.0
JAF_02,Jaffna,11,1,0.56,11.99,50.4,98.3,0.0
JAF_02,Jaffna,12,1,0.5,13.39,57.8,98.65,0.0
JAF_02,Jaffna,13,1,0.481,13.64,50.9,98.3,0.0
JAF_02,Jaffna,14,1,0.527,12.87,55.6,98.45,0.0
JAF_02,Jaffna,15,1,0.537,12.48,48.4,98.46,0.0
JAF_02,Jaffna,16,1,0.673,12.25,50.0,98.22,0.0
JAF_02,Jaffna,17,1,0.517,13.12,52.2,97.96,0.0
JAF_02,Jaffna,18,1,1.08,12.94,60.0,98.02,0.0
JAF_02,Jaffna,19,1,1.692,11.34,69.2,97.35,0.0
JAF_02,Jaffna,20,1,2.235,10.92,79.6,96.8,0.0
JAF_02,Jaffna,21,1,2.364,11.34,72.6,97.05,0.0
JAF_02,Jaffna,22,1,2.299,11.29,78.7,96.73,0.0
JAF_02,Jaffna,23,1,2.221,11.53,76.5,97.16,0.0
JAF_02,Jaffna,24,1,2.321,11.83,71.3,97.32,0.0
JAF_02,Jaffna,25,1,2.252,11.35,81.4,96.71,0.0
JAF_02,Jaffna,26,1,2.325,10.75,74.9,97.06,0.0
JAF_03,Jaffna,1,0,0.435,12.56,53.3,98.9,0.0
JAF_03,Jaffna,2,0,0.263,12.06,48.1,99.55,0.0
JAF_03,Jaffna,3,0,0.306,12.15,47.8,98.93,0.0
JAF_03,Jaffna,4,0,0.251,12.08,50.8,99.08,0.0
JAF_03,Jaffna,5,0,0.316,12.05,57.7,99.1,0.0
JAF_03,Jaffna,6,0,0.238,11.91,57.6,99.02,0.0
JAF_03,Jaffna,7,0,0.3,11.7,53.5,99.22,0.0
JAF_03,Jaffna,8,0,0.25,11.78,55.6,99.42,0.0
JAF_03,Jaffna,9,0,0.352,12.42,50.6,99.06,0.0
JAF_03,Jaffna,10,0,0.352,11.22,51.7,98.7,0.0
JAF_03,Jaffna,11,0,0.275,11.5,47.1,99.3,0.0
JAF_03,Jaffna,12,0,0.254,11.7,50.9,98.97,0.0
JAF_03,Jaffna,13,0,0.381,11.62,52.7,98.83,0.0
JAF_03,Jaffna,14,0,0.27,11.72,50.7,99.01,0.0
JAF_03,Jaffna,15,0,0.306,12.83,51.4,99.12,0.0
JAF_03,Jaffna,16,0,0.275,13.41,58.2,99.29,0.0
JAF_03,Jaffna,17,0,0.339,11.5,51.3,99.21,0.0
JAF_03,Jaffna,18,0,0.305,11.41,48.8,99.28,0.0
JAF_03,Jaffna,19,0,0.316,10.67,52.3,99.47,0.0
JAF_03,Jaffna,20,0,0.26,12.06,46.2,99.36,0.0
JAF_03,Jaffna,21,0,0.232,11.18,50.6,99.73,0.0
JAF_03,Jaffna,22,0,0.262,11.17,53.7,99.21,0.0
JAF_03,Jaffna,23,0,0.395,11.17,45.6,99.08,0.0
JAF_03,Jaffna,24,0,0.32,12.12,56.1,98.79,0.0
JAF_03,Jaffna,25,0,0.249,11.84,55.2,99.27,0.0
JAF_03,Jaffna,26,0,0.273,11.31,55.4,99.39,0.0
JAF_04,Jaffna,1,0,0.789,13.44,62.1,97.73,0.0
JAF_04,Jaffna,2,0,0.79,14.34,63.9,97.74,0.0
JAF_04,Jaffna,3,0,0.903,14.14,64.8,97.74,0.0
JAF_04,Jaffna,4,0,0.82,14.29,61.0,98.02,0.0
JAF_04,Jaffna,5,0,0.909,14.63,62.3,97.35,0.0
JAF_04,Jaffna,6,0,0.791,14.04,67.4,97.7,0.0
JAF_04,Jaffna,7,0,0.799,14.85,61.6,98.0,0.0
JAF_04,Jaffna,8,0,0.87,13.17,65.3,97.61,0.0
JAF_04,Jaffna,9,0,0.761,12.86,58.0,97.84,0.0
JAF_04,Jaffna,10,0,0.794,14.11,60.0,97.66,0.0
JAF_04,Jaffna,11,0,0.801,13.04,57.7,97.85,0.0
JAF_04,Jaffna,12,0,0.825,13.4,63.8,97.9,0.0
JAF_04,Jaffna,13,0,0.924,13.43,66.6,98.26,0.0
JAF_04,Jaffna,14,0,0.82,14.81,54.1,98.1,0.0
JAF_04,Jaffna,15,0,0.816,12.85,67.2,98.0,0.0
JAF_04,Jaffna,16,0,0.888,14.66,64.1,97.56,0.0
JAF_04,Jaffna,17,0,0.789,13.93,65.8,97.62,0.0
JAF_04,Jaffna,18,0,0.819,14.47,65.5,98.3,0.0
JAF_04,Jaffna,19,0,0.943,13.28,62.0,97.42,0.0
JAF_04,Jaffna,20,0,0.748,14.27,60.3,97.48,0.0
JAF_04,Jaffna,21,0,0.801,14.42,62.8,97.65,0.0
JAF_04,Jaffna,22,0,0.871,14.23,66.0,97.97,0.0
JAF_04,Jaffna,23,0,0.757,14.08,61.7,97.99,0.0
JAF_04,Jaffna,24,0,0.865,13.34,69.4,97.45,0.0
JAF_04,Jaffna,25,0,0.885,14.07,60.8,97.47,0.0
JAF_04,Jaffna,26,0,0.799,13.94,61.4,97.88,0.0
JAF_05,Jaffna,1,0,0.104,14.02,42.6,97.51,0.0
JAF_05,Jaffna,2,0,0.223,15.26,49.2,97.55,0.0
JAF_05,Jaffna,3,0,0.329,14.59,41.3,97.44,0.0
JAF_05,Jaffna,4,0,0.308,14.53,42.5,96.9,0.0
JAF_05,Jaffna,5,0,0.291,14.59,38.4,97.31,0.0
JAF_05,Jaffna,6,0,0.294,14.32,46.6,97.47,0.0
JAF_05,Jaffna,7,0,0.164,14.21,45.4,97.51,0.0
JAF_05,Jaffna,8,0,0.335,13.25,43.2,97.46,0.0
JAF_05,Jaffna,9,0,0.324,15.39,39.8,97.19,0.0
JAF_05,Jaffna,10,0,0.189,14.87,38.3,97.58,0.0
JAF_05,Jaffna,11,0,0.307,14.68,34.9,97.12,0.0
JAF_05,Jaffna,12,0,0.296,13.55,42.6,97.26,0.0
JAF_05,Jaffna,13,0,0.304,14.55,44.6,97.17,0.0
JAF_05,Jaffna,14,0,0.252,14.31,46.4,97.24,0.0
JAF_05,Jaffna,15,0,0.313,13.38,48.2,97.24,0.0
JAF_05,Jaffna,16,0,0.318,14.44,46.9,97.65,0.0
JAF_05,Jaffna,17,0,0.218,14.43,42.8,97.33,0.0
JAF_05,Jaffna,18,0,0.155,14.28,42.5,97.09,0.0
JAF_05,Jaffna,19,0,0.24,13.47,49.0,97.39,0.0
JAF_05,Jaffna,20,0,0.363,13.87,38.9,97.35,0.0
JAF_05,Jaffna,21,0,0.152,14.52,40.7,97.2,0.0
JAF_05,Jaffna,22,0,0.266,14.41,50.9,97.44,0.0
JAF_05,Jaffna,23,0,0.174,14.97,38.2,97.3,0.0
JAF_05,Jaffna,24,0,0.177,13.89,48.7,97.14,0.0
JAF_05,Jaffna,25,0,0.213,14.05,42.2,97.64,0.0
JAF_05,Jaffna,26,0,0.181,13.65,45.8,96.89,0.0
JAF_06,Jaffna,1,0,0.357,17.36,48.3,98.47,0.0
JAF_06,Jaffna,2,0,0.358,16.85,46.1,97.78,0.0
JAF_06,Jaffna,3,0,0.365,17.09,38.9,97.98,0.0
JAF_06,Jaffna,4,0,0.412,16.3,39.7,98.07,0.0
JAF_06,Jaffna,5,0,0.396,16.46,47.6,98.15,0.0
JAF_06,Jaffna,6,0,0.375,17.06,40.6,97.98,0.0
JAF_06,Jaffna,7,0,0.459,17.39,42.8,98.47,0.0
JAF_06,Jaffna,8,0,0.348,17.64,43.4,98.01,0.0
JAF_06,Jaffna,9,0,0.435,16.38,45.8,98.01,0.0
JAF_06,Jaffna,10,0,0.414,18.08,45.5,98.08,0.0
JAF_06,Jaffna,11,0,0.388,17.05,38.6,97.95,0.0
JAF_06,Jaffna,12,0,0.392,17.58,36.3,98.2,0.0
JAF_06,Jaffna,13,0,0.419,17.33,39.3,98.48,0.0
JAF_06,Jaffna,14,0,0.318,17.64,49.5,97.72,0.0
JAF_06,Jaffna,15,0,0.404,17.44,44.1,98.03,0.0
JAF_06,Jaffna,16,0,0.371,16.43,43.7,98.35,0.0
JAF_06,Jaffna,17,0,0.35,16.71,41.3,98.22,0.0
JAF_06,Jaffna,18,0,0.392,17.19,43.4,97.9,0.0
JAF_06,Jaffna,19,0,0.228,17.62,48.7,97.87,0.0
JAF_06,Jaffna,20,0,0.349,17.43,46.9,98.38,0.0
JAF_06,Jaffna,21,0,0.464,17.22,44.8,98.32,0.0
JAF_06,Jaffna,22,0,0.363,17.96,45.6,98.46,0.0
JAF_06,Jaffna,23,0,0.365,17.86,39.0,98.31,0.0
JAF_06,Jaffna,24,0,0.235,16.66,46.0,98.11,0.0
JAF_06,Jaffna,25,0,0.398,16.3,49.2,98.36,0.0
JAF_06,Jaffna,26,0,0.387,17.49,44.4,98.56,0.0
JAF_07,Jaffna,1,0,0.495,10.5,41.4,99.0,0.0
JAF_07,Jaffna,2,0,0.407,10.83,38.2,99.47,0.0
JAF_07,Jaffna,3,0,0.574,10.25,40.0,99.25,0.0
JAF_07,Jaffna,4,0,0.423,10.39,33.4,98.87,0.0
JAF_07,Jaffna,5,0,0.54,10.38,43.4,99.41,0.0
JAF_07,Jaffna,6,0,0.468,10.83,41.9,99.09,0.0
JAF_07,Jaffna,7,0,0.53,9.87,39.8,99.9,0.0
JAF_07,Jaffna,8,0,0.464,11.41,37.7,99.54,0.0
JAF_07,Jaffna,9,0,0.463,10.68,35.7,99.16,0.0
JAF_07,Jaffna,10,0,0.479,9.52,35.8,99.54,0.0
JAF_07,Jaffna,11,0,0.423,9.92,34.7,99.42,0.0
JAF_07,Jaffna,12,0,0.438,10.52,38.3,99.84,0.0
JAF_07,Jaffna,13,0,0.434,9.29,39.5,99.39,0.0
JAF_07,Jaffna,14,0,0.469,9.5,43.5,99.38,0.0
JAF_07,Jaffna,15,0,0.457,9.51,40.9,99.37,0.0
JAF_07,Jaffna,16,0,0.539,10.19,34.2,99.42,0.0
JAF_07,Jaffna,17,0,0.406,10.68,34.8,99.35,0.0
JAF_07,Jaffna,18,0,0.446,10.42,37.1,99.19,0.0
JAF_07,Jaffna,19,0,0.456,10.1,39.7,99.32,0.0
JAF_07,Jaffna,20,0,0.329,10.4,44.5,99.46,0.0
JAF_07,Jaffna,21,0,0.494,10.7,37.2,99.06,0.0
JAF_07,Jaffna,22,0,0.507,11.05,41.3,99.49,0.0
JAF_07,Jaffna,23,0,0.483,10.42,40.1,99.39,0.0
JAF_07,Jaffna,24,0,0.479,9.89,36.6,99.52,0.0
JAF_07,Jaffna,25,0,0.44,9.03,39.5,98.83,0.0
JAF_07,Jaffna,26,0,0.57,10.85,41.7,99.23,0.0
JAF_08,Jaffna,1,1,0.279,13.28,44.4,98.39,0.0
JAF_08,Jaffna,2,1,0.373,13.83,46.9,98.39,0.0
JAF_08,Jaffna,3,1,0.282,13.82,45.9,97.98,0.0
JAF_08,Jaffna,4,1,0.25,13.24,42.7,97.84,0.0
JAF_08,Jaffna,5,1,0.325,13.48,48.3,98.28,0.0
JAF_08,Jaffna,6,1,0.208,14.29,41.1,98.32,0.0
JAF_08,Jaffna,7,1,0.309,13.65,45.3,97.86,0.0
JAF_08,Jaffna,8,1,0.298,13.89,42.1,98.09,0.0
JAF_08,Jaffna,9,1,0.223,13.99,38.1,98.14,0.0
JAF_08,Jaffna,10,1,0.307,14.08,40.6,98.72,0.0
JAF_08,Jaffna,11,1,0.267,13.77,39.9,98.34,0.0
JAF_08,Jaffna,12,1,0.253,14.25,39.2,98.07,0.0
JAF_08,Jaffna,13,1,0.259,14.21,41.7,97.79,0.0
JAF_08,Jaffna,14,1,0.307,13.0,39.1,98.18,0.0
JAF_08,Jaffna,15,1,0.174,14.12,41.3,97.78,0.0
JAF_08,Jaffna,16,1,0.295,14.05,40.6,97.96,0.0
JAF_08,Jaffna,17,1,0.327,14.12,42.6,97.82,0.0
JAF_08,Jaffna,18,1,0.228,13.35,45.4,98.14,0.0
JAF_08,Jaffna,19,1,0.299,14.48,41.7,97.91,0.0
JAF_08,Jaffna,20,1,1.973,12.53,35.7,96.57,0.0
JAF_08,Jaffna,21,1,3.733,9.24,53.0,95.28,0.0
JAF_08,Jaffna,22,1,5.464,6.45,46.8,93.42,0.0
JAF_08,Jaffna,23,1,5.423,7.07,43.1,93.66,0.0
JAF_08,Jaffna,24,1,5.513,7.55,45.7,93.06,0.0
JAF_08,Jaffna,25,1,5.483,7.57,44.2,93.4,0.0
JAF_08,Jaffna,26,1,5.459,6.51,47.9,93.26,0.0
JAF_09,Jaffna,1,1,0.357,14.61,24.2,98.47,0.0
JAF_09,Jaffna,2,1,0.229,14.1,23.0,98.97,0.0
JAF_09,Jaffna,3,1,0.383,13.72,29.0,98.64,0.0
JAF_09,Jaffna,4,1,0.304,14.75,28.9,98.46,0.0
JAF_09,Jaffna,5,1,0.31,14.59,22.3,98.63,0.0
JAF_09,Jaffna,6,1,0.321,14.11,22.8,98.66,0.0
JAF_09,Jaffna,7,1,0.375,14.68,22.8,98.77,0.0
JAF_09,Jaffna,8,1,0.336,14.83,30.3,98.38,0.0
JAF_09,Jaffna,9,1,0.318,14.16,22.7,99.06,0.0
JAF_09,Jaffna,10,1,0.379,13.5,27.6,98.46,0.0
JAF_09,Jaffna,11,1,0.391,14.54,25.3,98.62,0.0
JAF_09,Jaffna,12,1,0.348,14.51,25.2,98.56,0.0
JAF_09,Jaffna,13,1,0.355,13.86,26.0,98.56,0.0
JAF_09,Jaffna,14,1,0.299,14.91,21.2,98.51,0.0
JAF_09,Jaffna,15,1,0.278,14.8,24.2,98.6,0.0
JAF_09,Jaffna,16,1,0.348,13.6,27.7,98.42,0.0
JAF_09,Jaffna,17,1,0.312,14.43,29.0,98.76,0.0
JAF_09,Jaffna,18,1,0.425,14.6,24.2,98.47,0.0
JAF_09,Jaffna,19,1,1.396,14.04,27.9,97.55,0.0
JAF_09,Jaffna,20,1,2.408,11.93,27.4,96.61,0.0
JAF_09,Jaffna,21,1,3.283,10.13,31.9,95.93,0.0
JAF_09,Jaffna,22,1,3.302,10.43,21.1,96.34,0.0
JAF_09,Jaffna,23,1,3.436,9.76,31.0,95.7,0.0
JAF_09,Jaffna,24,1,3.457,10.44,23.6,96.03,0.0
JAF_09,Jaffna,25,1,3.35,11.18,28.2,95.64,0.0
JAF_09,Jaffna,26,1,3.324,11.34,33.4,95.59,0.0
JAF_10,Jaffna,1,1,0.674,13.87,49.1,98.75,0.0
JAF_10,Jaffna,2,1,0.604,14.71,37.9,98.55,0.0
JAF_10,Jaffna,3,1,0.687,15.04,39.1,98.36,0.0
JAF_10,Jaffna,4,1,0.713,14.85,49.7,98.35,0.0
JAF_10,Jaffna,5,1,0.709,14.93,38.5,98.86,0.0
JAF_10,Jaffna,6,1,0.672,14.4,40.1,98.78,0.0
JAF_10,Jaffna,7,1,0.597,15.68,43.9,98.48,0.0
JAF_10,Jaffna,8,1,0.741,15.89,43.6,98.58,0.0
JAF_10,Jaffna,9,1,0.769,15.74,37.8,98.49,0.0
JAF_10,Jaffna,10,1,0.653,14.68,35.7,98.75,0.0
JAF_10,Jaffna,11,1,0.67,14.96,46.6,98.41,0.0
JAF_10,Jaffna,12,1,0.662,15.06,39.7,98.52,0.0
JAF_10,Jaffna,13,1,0.708,14.9,46.3,98.37,0.0
JAF_10,Jaffna,14,1,0.677,14.1,40.9,98.38,0.0
JAF_10,Jaffna,15,1,0.742,15.33,43.2,98.98,0.0
JAF_10,Jaffna,16,1,0.747,15.31,38.7,98.2,0.0
JAF_10,Jaffna,17,1,0.664,14.71,38.9,98.47,0.0
JAF_10,Jaffna,18,1,0.572,15.75,37.0,98.38,0.0
JAF_10,Jaffna,19,1,0.697,13.99,44.8,98.76,0.0
JAF_10,Jaffna,20,1,0.648,14.3,39.5,98.11,0.0
JAF_10,Jaffna,21,1,0.744,14.94,38.5,98.33,0.0
JAF_10,Jaffna,22,1,0.698,15.76,36.5,98.41,0.0
JAF_10,Jaffna,23,1,0.566,15.29,41.9,99.08,0.0
JAF_10,Jaffna,24,1,0.658,14.66,38.6,98.74,0.0
JAF_10,Jaffna,25,1,0.573,15.33,42.2,98.42,0.0
JAF_10,Jaffna,26,1,0.614,15.5,48.4,98.44,0.0
JAF_11,Jaffna,1,0,0.516,18.55,33.6,98.06,0.0
JAF_11,Jaffna,2,0,0.444,18.24,38.8,98.31,0.0
JAF_11,Jaffna,3,0,0.472,19.17,38.5,98.25,0.0
JAF_11,Jaffna,4,0,0.484,19.17,37.8,98.23,0.0
JAF_11,Jaffna,5,0,0.534,18.78,40.6,98.23,0.0
JAF_11,Jaffna,6,0,0.571,19.04,32.5,98.68,0.0
JAF_11,Jaffna,7,0,0.572,18.04,43.9,98.16,0.0
JAF_11,Jaffna,8,0,0.468,18.61,39.3,98.57,0.0
JAF_11,Jaffna,9,0,0.515,19.57,37.9,98.77,0.0
JAF_11,Jaffna,10,0,0.682,18.9,26.5,98.32,0.0
JAF_11,Jaffna,11,0,0.458,18.84,36.7,98.14,0.0
JAF_11,Jaffna,12,0,0.454,18.64,35.6,97.81,0.0
JAF_11,Jaffna,13,0,0.576,18.81,36.3,98.5,0.0
JAF_11,Jaffna,14,0,0.461,18.76,40.4,98.69,0.0
JAF_11,Jaffna,15,0,0.547,18.63,33.2,98.75,0.0
JAF_11,Jaffna,16,0,0.551,18.55,28.0,98.22,0.0
JAF_11,Jaffna,17,0,0.408,19.52,37.1,98.25,0.0
JAF_11,Jaffna,18,0,0.504,20.31,41.1,98.11,0.0
JAF_11,Jaffna,19,0,0.513,18.07,29.6,98.48,0.0
JAF_11,Jaffna,20,0,0.662,19.71,36.5,98.34,0.0
JAF_11,Jaffna,21,0,0.532,19.4,30.6,97.97,0.0
JAF_11,Jaffna,22,0,0.631,18.96,42.7,98.49,0.0
JAF_11,Jaffna,23,0,0.607,18.43,38.3,98.81,0.0
JAF_11,Jaffna,24,0,0.58,18.52,39.9,98.27,0.0
JAF_11,Jaffna,25,0,0.436,19.1,41.9,98.64,0.0
JAF_11,Jaffna,26,0,0.446,19.31,39.0,98.32,0.0
JAF_12,Jaffna,1,1,0.18,17.59,57.4,98.88,0.0
JAF_12,Jaffna,2,1,0.143,16.79,54.2,98.73,0.0
JAF_12,Jaffna,3,1,0.135,16.86,59.2,99.12,0.0
JAF_12,Jaffna,4,1,0.072,18.21,50.9,99.06,0.0
JAF_12,Jaffna,5,1,0.185,17.88,46.6,99.19,0.0
JAF_12,Jaffna,6,1,0.193,17.97,46.5,98.78,0.0
JAF_12,Jaffna,7,1,0.114,16.84,60.8,98.78,0.0
JAF_12,Jaffna,8,1,0.194,17.45,49.6,98.7,0.0
JAF_12,Jaffna,9,1,0.092,17.17,59.4,98.9,0.0
JAF_12,Jaffna,10,1,0.174,16.17,43.2,98.86,0.0
JAF_12,Jaffna,11,1,0.148,16.89,51.4,99.05,0.0
JAF_12,Jaffna,12,1,0.236,17.05,52.5,98.73,0.0
JAF_12,Jaffna,13,1,0.238,17.09,57.9,99.25,0.0
JAF_12,Jaffna,14,1,0.185,16.56,59.2,99.16,0.0
JAF_12,Jaffna,15,1,0.149,17.72,53.2,98.93,0.0
JAF_12,Jaffna,16,1,0.089,17.57,52.8,99.04,0.0
JAF_12,Jaffna,17,1,0.054,17.04,54.0,98.92,0.0
JAF_12,Jaffna,18,1,0.128,17.0,54.5,98.43,0.0
JAF_12,Jaffna,19,1,0.186,16.74,54.4,98.74,0.0
JAF_12,Jaffna,20,1,0.18,16.57,57.4,99.24,0.0
JAF_12,Jaffna,21,1,0.219,17.82,57.9,98.65,0.0
JAF_12,Jaffna,22,1,0.197,17.82,58.8,99.15,0.0
JAF_12,Jaffna,23,1,0.125,16.8,59.7,99.26,0.0
JAF_12,Jaffna,24,1,0.058,17.66,56.4,99.17,0.0
JAF_12,Jaffna,25,1,0.137,17.78,59.5,99.17,0.0
JAF_12,Jaffna,26,1,0.05,17.61,55.7,98.67,0.0
KUR_01,Kurunegala,1,0,0.478,11.55,57.6,99.9,0.0
KUR_01,Kurunegala,2,0,0.471,11.37,56.4,99.9,0.0
KUR_01,Kurunegala,3,0,0.552,11.66,56.9,99.9,0.0
KUR_01,Kurunegala,4,0,0.633,11.12,59.8,99.85,0.0
KUR_01,Kurunegala,5,0,0.583,10.7,58.9,99.9,0.0
KUR_01,Kurunegala,6,0,0.547,11.48,57.6,99.52,0.0
KUR_01,Kurunegala,7,0,0.573,11.79,54.0,99.36,0.0
KUR_01,Kurunegala,8,0,0.564,10.63,63.4,99.79,0.0
KUR_01,Kurunegala,9,0,0.552,10.64,56.9,99.66,0.0
KUR_01,Kurunegala,10,0,0.499,10.98,52.7,99.9,0.0
KUR_01,Kurunegala,11,0,0.484,10.97,53.2,99.46,0.0
KUR_01,Kurunegala,12,0,0.651,9.78,61.6,99.45,0.0
KUR_01,Kurunegala,13,0,0.558,12.35,47.6,99.46,0.0
KUR_01,Kurunegala,14,0,0.63,11.12,53.8,99.79,0.0
KUR_01,Kurunegala,15,0,0.496,11.09,61.8,99.71,0.0
KUR_01,Kurunegala,16,0,0.561,11.72,63.7,99.66,0.0
KUR_01,Kurunegala,17,0,0.57,10.68,53.4,99.7,0.0
KUR_01,Kurunegala,18,0,0.515,10.0,48.1,99.62,0.0
KUR_01,Kurunegala,19,0,0.56,11.73,53.8,99.76,0.0
KUR_01,Kurunegala,20,0,0.591,11.45,55.5,99.79,0.0
KUR_01,Kurunegala,21,0,0.663,10.82,54.0,99.4,0.0
KUR_01,Kurunegala,22,0,0.578,10.86,63.4,99.72,0.0
KUR_01,Kurunegala,23,0,0.6,11.56,62.4,99.48,0.0
KUR_01,Kurunegala,24,0,0.645,11.02,55.5,99.72,0.0
KUR_01,Kurunegala,25,0,0.529,10.81,46.8,99.9,0.0
KUR_01,Kurunegala,26,0,0.556,10.46,55.7,99.9,0.0
KUR_02,Kurunegala,1,1,0.495,14.05,68.6,97.91,0.0
KUR_02,Kurunegala,2,1,0.501,13.68,64.7,98.08,0.0
KUR_02,Kurunegala,3,1,0.467,13.19,66.5,97.84,0.0
KUR_02,Kurunegala,4,1,0.533,13.51,62.7,97.94,0.0
KUR_02,Kurunegala,5,1,0.481,13.53,66.8,98.04,0.0
KUR_02,Kurunegala,6,1,0.458,14.46,69.8,98.11,0.0
KUR_02,Kurunegala,7,1,0.564,13.81,65.3,98.11,0.0
KUR_02,Kurunegala,8,1,0.664,14.2,70.4,97.99,0.0
KUR_02,Kurunegala,9,1,0.544,14.94,68.0,98.35,0.0
KUR_02,Kurunegala,10,1,0.582,14.0,72.4,98.14,0.0
KUR_02,Kurunegala,11,1,0.538,13.26,76.6,98.16,0.0
KUR_02,Kurunegala,12,1,0.515,14.43,64.4,98.09,0.0
KUR_02,Kurunegala,13,1,0.463,13.64,64.8,98.22,0.0
KUR_02,Kurunegala,14,1,0.501,13.27,65.2,98.06,0.0
KUR_02,Kurunegala,15,1,0.479,14.17,68.9,98.12,0.0
KUR_02,Kurunegala,16,1,0.44,13.92,61.4,98.13,0.0
KUR_02,Kurunegala,17,1,0.511,13.28,63.1,97.92,0.0
KUR_02,Kurunegala,18,1,0.628,13.47,65.5,98.32,0.0
KUR_02,Kurunegala,19,1,0.533,14.23,61.6,97.82,0.0
KUR_02,Kurunegala,20,1,0.702,13.6,65.2,98.13,0.0
KUR_02,Kurunegala,21,1,0.566,12.93,67.4,98.08,0.0
KUR_02,Kurunegala,22,1,0.548,13.72,64.3,97.88,0.0
KUR_02,Kurunegala,23,1,0.368,14.19,60.6,97.99,0.0
KUR_02,Kurunegala,24,1,0.605,13.38,68.7,98.04,0.0
KUR_02,Kurunegala,25,1,0.549,13.64,64.3,98.41,0.0
KUR_02,Kurunegala,26,1,0.493,12.85,65.0,98.22,0.0
KUR_03,Kurunegala,1,0,0.209,16.31,54.4,99.9,0.0
KUR_03,Kurunegala,2,0,0.302,16.5,51.7,99.7,0.0
KUR_03,Kurunegala,3,0,0.323,16.87,56.5,99.9,0.0
KUR_03,Kurunegala,4,0,0.374,15.51,52.0,99.77,0.0
KUR_03,Kurunegala,5,0,0.268,17.15,56.9,99.78,0.0
KUR_03,Kurunegala,6,0,0.312,17.28,52.7,99.73,0.0
KUR_03,Kurunegala,7,0,0.357,16.82,59.5,99.9,0.0
KUR_03,Kurunegala,8,0,0.348,16.24,50.4,99.8,0.0
KUR_03,Kurunegala,9,0,0.153,16.79,57.7,99.82,0.0
KUR_03,Kurunegala,10,0,0.292,17.18,53.9,99.9,0.0
KUR_03,Kurunegala,11,0,0.431,16.97,57.6,99.9,0.0
KUR_03,Kurunegala,12,0,0.32,16.71,54.3,99.9,0.0
KUR_03,Kurunegala,13,0,0.213,16.4,56.5,99.6,0.0
KUR_03,Kurunegala,14,0,0.299,16.15,55.7,99.9,0.0
KUR_03,Kurunegala,15,0,0.389,16.84,51.3,99.87,0.0
KUR_03,Kurunegala,16,0,0.338,17.36,45.8,99.9,0.0
KUR_03,Kurunegala,17,0,0.2,16.96,55.7,99.9,0.0
KUR_03,Kurunegala,18,0,0.356,16.77,51.6,99.89,0.0
KUR_03,Kurunegala,19,0,0.374,16.48,54.1,99.52,0.0
KUR_03,Kurunegala,20,0,0.372,16.26,51.2,99.7,0.0
KUR_03,Kurunegala,21,0,0.256,16.41,58.9,99.9,0.0
KUR_03,Kurunegala,22,0,0.387,17.4,50.6,99.9,0.0
KUR_03,Kurunegala,23,0,0.391,17.87,48.6,99.47,0.0
KUR_03,Kurunegala,24,0,0.332,16.36,50.2,99.9,0.0
KUR_03,Kurunegala,25,0,0.26,15.25,53.9,99.84,0.0
KUR_03,Kurunegala,26,0,0.342,17.09,54.7,99.75,0.0
KUR_04,Kurunegala,1,1,0.357,9.46,42.1,99.54,0.0
KUR_04,Kurunegala,2,1,0.299,9.56,39.5,99.46,0.0
KUR_04,Kurunegala,3,1,0.301,10.29,36.0,99.01,0.0
KUR_04,Kurunegala,4,1,0.29,10.56,37.5,99.13,0.0
KUR_04,Kurunegala,5,1,0.216,11.49,35.3,99.25,0.0
KUR_04,Kurunegala,6,1,0.3,10.7,33.2,99.31,0.0
KUR_04,Kurunegala,7,1,0.355,11.01,34.7,99.13,0.0
KUR_04,Kurunegala,8,1,0.352,11.68,33.3,99.36,0.0
KUR_04,Kurunegala,9,1,0.328,10.66,41.4,99.32,0.0
KUR_04,Kurunegala,10,1,0.38,10.64,36.7,99.23,0.0
KUR_04,Kurunegala,11,1,0.27,10.28,36.0,99.22,0.0
KUR_04,Kurunegala,12,1,0.407,10.7,40.7,99.55,0.0
KUR_04,Kurunegala,13,1,0.228,10.72,38.8,99.26,0.0
KUR_04,Kurunegala,14,1,0.29,10.79,43.3,99.53,0.0
KUR_04,Kurunegala,15,1,0.36,10.84,42.4,99.72,0.0
KUR_04,Kurunegala,16,1,0.435,10.56,39.3,99.32,0.0
KUR_04,Kurunegala,17,1,0.378,10.19,41.8,99.12,0.0
KUR_04,Kurunegala,18,1,0.319,10.68,36.7,99.23,0.0
KUR_04,Kurunegala,19,1,0.246,10.93,38.9,99.25,0.0
KUR_04,Kurunegala,20,1,0.391,10.6,36.2,99.76,0.0
KUR_04,Kurunegala,21,1,0.339,11.03,45.9,99.14,0.0
KUR_04,Kurunegala,22,1,0.37,10.01,42.9,99.2,0.0
KUR_04,Kurunegala,23,1,0.301,11.23,42.4,99.07,0.0
KUR_04,Kurunegala,24,1,0.432,10.59,49.2,99.69,0.0
KUR_04,Kurunegala,25,1,0.333,10.32,35.5,99.31,0.0
KUR_04,Kurunegala,26,1,0.367,10.9,39.2,98.93,0.0
KUR_05,Kurunegala,1,0,0.343,17.05,61.8,98.34,0.0
KUR_05,Kurunegala,2,0,0.35,16.57,59.2,98.81,0.0
KUR_05,Kurunegala,3,0,0.214,18.88,60.1,98.32,0.0
KUR_05,Kurunegala,4,0,0.251,18.68,59.3,98.63,0.0
KUR_05,Kurunegala,5,0,0.326,17.56,61.7,98.26,0.0
KUR_05,Kurunegala,6,0,0.393,17.05,54.8,98.15,0.0
KUR_05,Kurunegala,7,0,0.417,17.01,54.0,98.65,0.0
KUR_05,Kurunegala,8,0,0.355,19.27,65.4,98.64,0.0
KUR_05,Kurunegala,9,0,0.381,16.97,55.0,98.41,0.0
KUR_05,Kurunegala,10,0,0.332,17.22,54.8,98.29,0.0
KUR_05,Kurunegala,11,0,0.403,18.26,57.1,98.43,0.0
KUR_05,Kurunegala,12,0,0.359,17.61,57.3,98.08,0.0
KUR_05,Kurunegala,13,0,0.38,18.56,59.7,98.61,0.0
KUR_05,Kurunegala,14,0,0.363,19.18,59.1,98.18,0.0
KUR_05,Kurunegala,15,0,0.282,18.42,62.4,98.68,0.0
KUR_05,Kurunegala,16,0,0.39,18.12,52.6,98.32,0.0
KUR_05,Kurunegala,17,0,0.238,17.79,53.1,98.52,0.0
KUR_05,Kurunegala,18,0,0.332,16.89,61.1,98.67,0.0
KUR_05,Kurunegala,19,0,0.262,18.09,61.1,98.42,0.0
KUR_05,Kurunegala,20,0,0.391,18.12,62.4,98.54,0.0
KUR_05,Kurunegala,21,0,0.332,18.3,61.3,98.55,0.0
KUR_05,Kurunegala,22,0,0.315,17.55,56.9,98.35,0.0
KUR_05,Kurunegala,23,0,0.353,18.1,58.0,98.49,0.0
KUR_05,Kurunegala,24,0,0.351,18.91,62.9,98.35,0.0
KUR_05,Kurunegala,25,0,0.365,17.81,57.9,98.43,0.0
KUR_05,Kurunegala,26,0,0.305,17.22,48.8,98.54,0.0
KUR_06,Kurunegala,1,0,0.593,12.12,40.9,98.38,0.0
KUR_06,Kurunegala,2,0,0.598,10.74,52.6,98.32,0.0
KUR_06,Kurunegala,3,0,0.618,12.39,48.4,98.06,0.0
KUR_06,Kurunegala,4,0,0.58,11.93,58.6,98.77,0.0
KUR_06,Kurunegala,5,0,0.578,11.94,51.3,98.46,0.0
KUR_06,Kurunegala,6,0,0.566,11.6,57.5,98.58,0.0
KUR_06,Kurunegala,7,0,0.516,11.15,46.8,98.38,0.0
KUR_06,Kurunegala,8,0,0.638,11.98,43.8,98.37,0.0
KUR_06,Kurunegala,9,0,0.641,12.17,48.1,98.46,0.0
KUR_06,Kurunegala,10,0,0.602,11.52,50.4,98.01,0.0
KUR_06,Kurunegala,11,0,0.662,12.45,46.1,98.37,0.0
KUR_06,Kurunegala,12,0,0.679,10.92,49.5,98.72,0.0
KUR_06,Kurunegala,13,0,0.515,12.08,44.5,98.3,0.0
KUR_06,Kurunegala,14,0,0.465,11.22,47.9,98.35,0.0
KUR_06,Kurunegala,15,0,0.628,12.42,54.5,98.49,0.0
KUR_06,Kurunegala,16,0,0.649,11.6,49.4,99.1,0.0
KUR_06,Kurunegala,17,0,0.738,12.66,52.9,98.56,0.0
KUR_06,Kurunegala,18,0,0.582,13.32,48.5,98.3,0.0
KUR_06,Kurunegala,19,0,0.733,10.95,51.4,97.9,0.0
KUR_06,Kurunegala,20,0,0.567,12.12,48.6,98.36,0.0
KUR_06,Kurunegala,21,0,0.56,12.11,45.3,98.23,0.0
KUR_06,Kurunegala,22,0,0.524,12.56,44.9,98.49,0.0
KUR_06,Kurunegala,23,0,0.581,11.99,54.7,98.35,0.0
KUR_06,Kurunegala,24,0,0.494,12.47,38.6,98.39,0.0
KUR_06,Kurunegala,25,0,0.582,11.34,50.3,98.24,0.0
KUR_06,Kurunegala,26,0,0.724,11.91,57.7,98.66,0.0
KUR_07,Kurunegala,1,0,0.288,12.08,56.7,98.1,0.0
KUR_07,Kurunegala,2,0,0.342,13.37,66.9,98.46,0.0
KUR_07,Kurunegala,3,0,0.368,12.61,65.9,98.56,0.0
KUR_07,Kurunegala,4,0,0.331,12.07,65.0,99.12,0.0
KUR_07,Kurunegala,5,0,0.322,11.08,63.7,98.46,0.0
KUR_07,Kurunegala,6,0,0.368,13.04,60.7,98.15,0.0
KUR_07,Kurunegala,7,0,0.242,12.28,55.9,98.55,0.0
KUR_07,Kurunegala,8,0,0.283,12.1,54.6,98.39,0.0
KUR_07,Kurunegala,9,0,0.333,12.66,65.8,98.43,0.0
KUR_07,Kurunegala,10,0,0.308,13.48,61.9,98.63,0.0
KUR_07,Kurunegala,11,0,0.396,13.18,64.5,98.65,0.0
KUR_07,Kurunegala,12,0,0.406,11.79,58.1,98.45,0.0
KUR_07,Kurunegala,13,0,0.365,12.32,61.7,98.48,0.0
KUR_07,Kurunegala,14,0,0.334,11.34,63.8,98.62,0.0
KUR_07,Kurunegala,15,0,0.307,12.61,62.1,98.5,0.0
KUR_07,Kurunegala,16,0,0.25,11.59,58.1,98.88,0.0
KUR_07,Kurunegala,17,0,0.308,12.1,56.1,98.36,0.0
KUR_07,Kurunegala,18,0,0.38,11.07,49.2,98.64,0.0
KUR_07,Kurunegala,19,0,0.362,11.95,64.4,98.72,0.0
KUR_07,Kurunegala,20,0,0.234,12.21,64.9,98.31,0.0
KUR_07,Kurunegala,21,0,0.341,12.88,59.4,98.18,0.0
KUR_07,Kurunegala,22,0,0.319,11.51,62.7,98.05,0.0
KUR_07,Kurunegala,23,0,0.42,11.32,60.7,98.11,0.0
KUR_07,Kurunegala,24,0,0.341,12.92,65.0,98.8,0.0
KUR_07,Kurunegala,25,0,0.354,12.37,61.4,98.63,0.0
KUR_07,Kurunegala,26,0,0.336,12.97,61.8,98.76,0.0
KUR_08,Kurunegala,1,0,0.501,16.68,29.0,99.09,0.0
KUR_08,Kurunegala,2,0,0.504,16.93,38.2,97.65,0.0
KUR_08,Kurunegala,3,0,0.496,17.06,24.4,98.48,0.0
KUR_08,Kurunegala,4,0,0.457,15.9,35.0,97.82,0.0
KUR_08,Kurunegala,5,0,0.523,15.79,31.1,98.46,0.0
KUR_08,Kurunegala,6,0,0.722,16.38,36.3,98.27,0.0
KUR_08,Kurunegala,7,0,0.468,16.33,40.1,98.33,0.0
KUR_08,Kurunegala,8,0,0.565,16.04,44.1,97.87,0.0
KUR_08,Kurunegala,9,0,0.547,16.5,35.1,98.0,0.0
KUR_08,Kurunegala,10,0,0.443,16.03,34.4,97.98,0.0
KUR_08,Kurunegala,11,0,0.447,16.51,38.2,98.14,0.0
KUR_08,Kurunegala,12,0,0.469,15.74,43.9,98.4,0.0
KUR_08,Kurunegala,13,0,0.507,16.78,43.2,98.57,0.0
KUR_08,Kurunegala,14,0,0.425,16.12,32.4,98.2,0.0
KUR_08,Kurunegala,15,0,0.438,15.94,29.7,98.37,0.0
KUR_08,Kurunegala,16,0,0.514,15.32,27.2,98.16,0.0
KUR_08,Kurunegala,17,0,0.55,16.47,33.7,97.45,0.0
KUR_08,Kurunegala,18,0,0.481,15.72,32.7,97.97,0.0
KUR_08,Kurunegala,19,0,0.485,15.77,44.9,98.46,0.0
KUR_08,Kurunegala,20,0,0.499,16.14,33.5,98.33,0.0
KUR_08,Kurunegala,21,0,0.486,16.16,38.1,98.49,0.0
KUR_08,Kurunegala,22,0,0.529,16.97,34.9,98.03,0.0
KUR_08,Kurunegala,23,0,0.406,15.75,33.8,98.38,0.0
KUR_08,Kurunegala,24,0,0.576,15.82,30.8,98.47,0.0
KUR_08,Kurunegala,25,0,0.582,15.88,35.4,98.63,0.0
KUR_08,Kurunegala,26,0,0.53,16.14,25.7,98.61,0.0
KUR_09,Kurunegala,1,0,0.598,13.97,43.0,97.7,0.0
KUR_09,Kurunegala,2,0,0.604,14.12,38.6,97.99,0.0
KUR_09,Kurunegala,3,0,0.539,13.82,35.9,97.82,0.0
KUR_09,Kurunegala,4,0,0.448,13.83,38.2,97.45,0.0
KUR_09,Kurunegala,5,0,0.573,13.99,29.9,97.49,0.0
KUR_09,Kurunegala,6,0,0.622,14.18,37.2,97.75,0.0
KUR_09,Kurunegala,7,0,0.475,15.36,38.0,97.8,0.0
KUR_09,Kurunegala,8,0,0.431,13.65,26.2,97.64,0.0
KUR_09,Kurunegala,9,0,0.519,15.14,43.2,97.62,0.0
KUR_09,Kurunegala,10,0,0.516,14.97,43.4,97.48,0.0
KUR_09,Kurunegala,11,0,0.57,14.55,35.9,97.89,0.0
KUR_09,Kurunegala,12,0,0.485,14.06,39.9,97.68,0.0
KUR_09,Kurunegala,13,0,0.517,14.62,39.3,97.6,0.0
KUR_09,Kurunegala,14,0,0.579,14.95,43.2,98.0,0.0
KUR_09,Kurunegala,15,0,0.584,14.58,37.7,97.54,0.0
KUR_09,Kurunegala,16,0,0.704,14.57,39.5,98.03,0.0
KUR_09,Kurunegala,17,0,0.451,14.21,35.7,97.44,0.0
KUR_09,Kurunegala,18,0,0.457,14.39,42.5,97.87,0.0
KUR_09,Kurunegala,19,0,0.535,14.72,30.6,97.86,0.0
KUR_09,Kurunegala,20,0,0.558,14.05,38.1,97.64,0.0
KUR_09,Kurunegala,21,0,0.502,14.11,34.6,97.45,0.0
KUR_09,Kurunegala,22,0,0.561,14.92,38.6,97.64,0.0
KUR_09,Kurunegala,23,0,0.508,15.93,29.8,97.99,0.0
KUR_09,Kurunegala,24,0,0.554,14.75,35.3,97.63,0.0
KUR_09,Kurunegala,25,0,0.462,13.87,36.8,97.28,0.0
KUR_09,Kurunegala,26,0,0.583,15.37,23.5,97.3,0.0
KUR_10,Kurunegala,1,0,0.59,14.97,48.4,98.46,0.0
KUR_10,Kurunegala,2,0,0.474,14.23,50.5,99.45,0.0
KUR_10,Kurunegala,3,0,0.515,14.18,44.5,98.88,0.0
KUR_10,Kurunegala,4,0,0.494,15.61,48.8,98.21,0.0
KUR_10,Kurunegala,5,0,0.564,14.66,42.7,99.22,0.0
KUR_10,Kurunegala,6,0,0.467,14.14,39.7,98.88,0.0
KUR_10,Kurunegala,7,0,0.537,15.86,44.3,98.75,0.0
KUR_10,Kurunegala,8,0,0.58,14.69,50.8,98.93,0.0
KUR_10,Kurunegala,9,0,0.497,14.82,46.2,98.75,0.0
KUR_10,Kurunegala,10,0,0.442,14.88,42.4,98.95,0.0
KUR_10,Kurunegala,11,0,0.488,14.8,44.2,98.81,0.0
KUR_10,Kurunegala,12,0,0.587,14.96,42.6,98.8,0.0
KUR_10,Kurunegala,13,0,0.522,14.84,44.4,98.81,0.0
KUR_10,Kurunegala,14,0,0.492,15.2,46.8,98.46,0.0
KUR_10,Kurunegala,15,0,0.419,13.38,48.2,99.15,0.0
KUR_10,Kurunegala,16,0,0.561,15.05,49.6,98.86,0.0
KUR_10,Kurunegala,17,0,0.475,14.04,41.8,98.72,0.0
KUR_10,Kurunegala,18,0,0.538,15.96,43.1,98.96,0.0
KUR_10,Kurunegala,19,0,0.499,14.5,38.1,98.68,0.0
KUR_10,Kurunegala,20,0,0.396,14.77,44.4,98.82,0.0
KUR_10,Kurunegala,21,0,0.472,15.25,41.2,99.09,0.0
KUR_10,Kurunegala,22,0,0.382,15.0,46.5,98.67,0.0
KUR_10,Kurunegala,23,0,0.387,15.34,42.3,99.06,0.0
KUR_10,Kurunegala,24,0,0.528,14.96,45.0,99.11,0.0
KUR_10,Kurunegala,25,0,0.505,14.4,45.6,99.01,0.0
KUR_10,Kurunegala,26,0,0.494,15.07,44.4,98.84,0.0
KUR_11,Kurunegala,1,1,0.323,10.21,69.9,97.88,0.0
KUR_11,Kurunegala,2,1,0.256,11.27,62.6,97.61,0.0
KUR_11,Kurunegala,3,1,0.329,11.23,53.2,98.3,0.0
KUR_11,Kurunegala,4,1,0.282,10.11,56.7,98.01,0.0
KUR_11,Kurunegala,5,1,0.231,12.04,56.3,97.94,0.0
KUR_11,Kurunegala,6,1,0.365,10.66,63.4,98.06,0.0
KUR_11,Kurunegala,7,1,0.335,10.76,58.8,98.08,0.0
KUR_11,Kurunegala,8,1,0.308,11.7,55.4,97.99,0.0
KUR_11,Kurunegala,9,1,0.293,11.04,59.7,98.36,0.0
KUR_11,Kurunegala,10,1,0.234,10.86,57.4,98.06,0.0
KUR_11,Kurunegala,11,1,0.324,9.53,59.2,98.17,0.0
KUR_11,Kurunegala,12,1,0.229,10.65,64.3,98.03,0.0
KUR_11,Kurunegala,13,1,0.349,10.57,54.9,97.9,0.0
KUR_11,Kurunegala,14,1,0.29,11.48,61.4,97.95,0.0
KUR_11,Kurunegala,15,1,0.373,10.63,55.4,98.24,0.0
KUR_11,Kurunegala,16,1,0.26,9.77,63.2,97.68,0.0
KUR_11,Kurunegala,17,1,0.346,9.8,58.0,98.08,0.0
KUR_11,Kurunegala,18,1,0.288,9.41,57.7,98.12,0.0
KUR_11,Kurunegala,19,1,0.261,10.66,62.0,97.95,0.0
KUR_11,Kurunegala,20,1,0.329,10.02,59.6,98.29,0.0
KUR_11,Kurunegala,21,1,0.461,11.24,59.8,98.48,0.0
KUR_11,Kurunegala,22,1,0.255,11.34,56.0,97.98,0.0
KUR_11,Kurunegala,23,1,0.379,10.84,63.4,97.77,0.0
KUR_11,Kurunegala,24,1,0.33,10.4,57.1,97.66,0.0
KUR_11,Kurunegala,25,1,0.37,10.83,54.3,97.8,0.0
KUR_11,Kurunegala,26,1,0.263,11.53,57.8,98.05,0.0
KUR_12,Kurunegala,1,0,0.444,14.51,45.3,99.12,0.0
KUR_12,Kurunegala,2,0,0.512,14.1,45.3,99.33,0.0
KUR_12,Kurunegala,3,0,0.482,13.74,49.0,99.34,0.0
KUR_12,Kurunegala,4,0,0.499,14.55,43.4,99.05,0.0
KUR_12,Kurunegala,5,0,0.58,14.95,47.3,99.03,0.0
KUR_12,Kurunegala,6,0,0.419,14.66,48.5,99.36,0.0
KUR_12,Kurunegala,7,0,0.634,14.7,50.5,98.83,0.0
KUR_12,Kurunegala,8,0,0.586,14.99,52.1,99.26,0.0
KUR_12,Kurunegala,9,0,0.542,15.35,44.1,99.26,0.0
KUR_12,Kurunegala,10,0,0.579,14.02,42.2,99.21,0.0
KUR_12,Kurunegala,11,0,0.523,14.84,49.3,98.91,0.0
KUR_12,Kurunegala,12,0,0.535,15.15,45.4,99.03,0.0
KUR_12,Kurunegala,13,0,0.45,14.96,54.4,98.77,0.0
KUR_12,Kurunegala,14,0,0.56,15.02,44.6,99.01,0.0
KUR_12,Kurunegala,15,0,0.455,14.03,47.4,99.26,0.0
KUR_12,Kurunegala,16,0,0.523,14.99,47.6,98.82,0.0
KUR_12,Kurunegala,17,0,0.601,15.18,44.0,99.54,0.0
KUR_12,Kurunegala,18,0,0.544,14.57,54.3,98.5,0.0
KUR_12,Kurunegala,19,0,0.422,14.91,45.8,98.87,0.0
KUR_12,Kurunegala,20,0,0.605,14.78,41.8,98.94,0.0
KUR_12,Kurunegala,21,0,0.566,15.54,39.0,99.17,0.0
KUR_12,Kurunegala,22,0,0.494,13.47,46.2,98.72,0.0
KUR_12,Kurunegala,23,0,0.485,15.44,48.8,99.3,0.0
KUR_12,Kurunegala,24,0,0.552,14.71,50.6,98.82,0.0
KUR_12,Kurunegala,25,0,0.496,15.0,44.0,99.0,0.0
KUR_12,Kurunegala,26,0,0.588,15.4,44.5,98.91,0.0
ANU_01,Anuradhapura,1,1,0.709,16.1,39.3,99.29,0.0
ANU_01,Anuradhapura,2,1,0.71,15.94,33.3,99.12,0.0
ANU_01,Anuradhapura,3,1,0.541,14.97,37.1,99.1,0.0
ANU_01,Anuradhapura,4,1,0.534,15.02,39.3,98.65,0.0
ANU_01,Anuradhapura,5,1,0.585,15.31,37.2,98.46,0.0
ANU_01,Anuradhapura,6,1,0.636,14.29,32.7,99.2,0.0
ANU_01,Anuradhapura,7,1,0.502,15.06,27.4,98.94,0.0
ANU_01,Anuradhapura,8,1,0.55,15.7,35.0,99.1,0.0
ANU_01,Anuradhapura,9,1,0.563,14.91,33.2,99.52,0.0
ANU_01,Anuradhapura,10,1,0.487,16.03,36.4,99.4,0.0
ANU_01,Anuradhapura,11,1,0.5,15.61,37.4,98.99,0.0
ANU_01,Anuradhapura,12,1,0.556,14.85,35.8,98.95,0.0
ANU_01,Anuradhapura,13,1,0.582,15.25,30.6,98.95,0.0
ANU_01,Anuradhapura,14,1,0.532,14.77,41.3,99.14,0.0
ANU_01,Anuradhapura,15,1,0.587,14.86,34.5,99.29,0.0
ANU_01,Anuradhapura,16,1,0.453,15.52,36.5,98.92,0.0
ANU_01,Anuradhapura,17,1,0.543,14.67,37.0,98.75,0.0
ANU_01,Anuradhapura,18,1,0.462,16.13,33.4,98.53,0.0
ANU_01,Anuradhapura,19,1,0.595,14.85,22.3,99.03,0.0
ANU_01,Anuradhapura,20,1,0.592,15.51,42.9,99.01,0.0
ANU_01,Anuradhapura,21,1,0.573,14.71,36.8,99.42,0.0
ANU_01,Anuradhapura,22,1,0.567,15.4,28.3,98.95,0.0
ANU_01,Anuradhapura,23,1,0.461,15.76,33.2,99.13,0.0
ANU_01,Anuradhapura,24,1,0.478,16.42,31.5,99.08,0.0
ANU_01,Anuradhapura,25,1,0.693,15.43,32.7,99.2,0.0
ANU_01,Anuradhapura,26,1,0.596,15.82,28.4,99.1,0.0
ANU_02,Anuradhapura,1,0,0.096,20.47,44.8,97.89,0.0
ANU_02,Anuradhapura,2,0,0.249,20.42,50.7,98.46,0.0
ANU_02,Anuradhapura,3,0,0.113,20.07,53.1,98.53,0.0
ANU_02,Anuradhapura,4,0,0.261,19.05,49.8,98.56,0.0
ANU_02,Anuradhapura,5,0,0.078,18.55,42.9,98.35,0.0
ANU_02,Anuradhapura,6,0,0.193,19.38,45.5,98.3,0.0
ANU_02,Anuradhapura,7,0,0.172,19.86,47.7,98.31,0.0
ANU_02,Anuradhapura,8,0,0.182,19.25,48.9,98.2,0.0
ANU_02,Anuradhapura,9,0,0.264,19.5,46.8,98.14,0.0
ANU_02,Anuradhapura,10,0,0.146,19.61,45.8,98.17,0.0
ANU_02,Anuradhapura,11,0,0.097,19.54,46.4,98.46,0.0
ANU_02,Anuradhapura,12,0,0.241,19.33,37.8,98.29,0.0
ANU_02,Anuradhapura,13,0,0.057,18.75,49.8,98.47,0.0
ANU_02,Anuradhapura,14,0,0.128,19.14,45.4,97.89,0.0
ANU_02,Anuradhapura,15,0,0.195,19.31,53.1,98.07,0.0
ANU_02,Anuradhapura,16,0,0.227,19.11,49.8,98.09,0.0
ANU_02,Anuradhapura,17,0,0.21,19.25,42.5,98.29,0.0
ANU_02,Anuradhapura,18,0,0.195,19.76,52.0,98.53,0.0
ANU_02,Anuradhapura,19,0,0.05,19.28,37.8,98.23,0.0
ANU_02,Anuradhapura,20,0,0.204,18.72,41.1,98.37,0.0
ANU_02,Anuradhapura,21,0,0.15,20.46,47.0,98.46,0.0
ANU_02,Anuradhapura,22,0,0.271,19.22,45.8,98.08,0.0
ANU_02,Anuradhapura,23,0,0.182,20.14,51.2,98.32,0.0
ANU_02,Anuradhapura,24,0,0.124,19.06,40.2,98.36,0.0
ANU_02,Anuradhapura,25,0,0.248,18.1,37.1,98.68,0.0
ANU_02,Anuradhapura,26,0,0.071,19.72,40.7,98.53,0.0
ANU_03,Anuradhapura,1,1,0.637,14.74,52.5,98.63,0.0
ANU_03,Anuradhapura,2,1,0.558,15.18,53.3,98.86,0.0
ANU_03,Anuradhapura,3,1,0.574,15.35,55.8,98.85,0.0
ANU_03,Anuradhapura,4,1,0.5,16.08,57.2,98.81,0.0
ANU_03,Anuradhapura,5,1,0.609,15.79,58.7,98.76,0.0
ANU_03,Anuradhapura,6,1,0.561,14.15,56.6,98.62,0.0
ANU_03,Anuradhapura,7,1,0.553,16.58,48.4,98.71,0.0
ANU_03,Anuradhapura,8,1,0.645,15.72,60.8,98.38,0.0
ANU_03,Anuradhapura,9,1,0.515,15.51,54.6,99.13,0.0
ANU_03,Anuradhapura,10,1,0.586,15.26,57.6,98.63,0.0
ANU_03,Anuradhapura,11,1,0.58,14.74,55.7,98.58,0.0
ANU_03,Anuradhapura,12,1,0.588,14.3,49.9,98.81,0.0
ANU_03,Anuradhapura,13,1,0.586,14.57,54.9,98.44,0.0
ANU_03,Anuradhapura,14,1,0.695,14.21,62.7,98.49,0.0
ANU_03,Anuradhapura,15,1,0.598,14.99,54.3,98.93,0.0
ANU_03,Anuradhapura,16,1,0.622,14.97,52.2,99.22,0.0
ANU_03,Anuradhapura,17,1,0.657,15.23,54.7,98.77,0.0
ANU_03,Anuradhapura,18,1,0.578,15.87,52.0,98.71,0.0
ANU_03,Anuradhapura,19,1,0.526,15.93,63.1,98.68,0.0
ANU_03,Anuradhapura,20,1,0.606,15.99,54.7,98.47,0.0
ANU_03,Anuradhapura,21,1,0.636,15.45,55.0,99.07,0.0
ANU_03,Anuradhapura,22,1,0.587,14.08,57.2,98.69,0.0
ANU_03,Anuradhapura,23,1,0.686,15.14,55.0,98.81,0.0
ANU_03,Anuradhapura,24,1,0.588,14.31,56.3,98.62,0.0
ANU_03,Anuradhapura,25,1,0.658,16.59,51.4,98.46,0.0
ANU_03,Anuradhapura,26,1,0.523,14.76,53.1,98.71,0.0
ANU_04,Anuradhapura,1,0,0.529,10.43,26.1,97.67,0.0
ANU_04,Anuradhapura,2,0,0.682,11.53,28.3,97.48,0.0
ANU_04,Anuradhapura,3,0,0.588,12.56,25.6,97.12,0.0
ANU_04,Anuradhapura,4,0,0.593,10.49,25.6,97.67,0.0
ANU_04,Anuradhapura,5,0,0.545,12.09,34.0,97.49,0.0
ANU_04,Anuradhapura,6,0,0.552,10.9,24.2,97.08,0.0
ANU_04,Anuradhapura,7,0,0.546,11.26,24.9,97.55,0.0
ANU_04,Anuradhapura,8,0,0.549,12.54,29.8,97.62,0.0
ANU_04,Anuradhapura,9,0,0.582,12.46,24.2,97.85,0.0
ANU_04,Anuradhapura,10,0,0.685,10.88,23.8,97.87,0.0
ANU_04,Anuradhapura,11,0,0.681,11.32,26.4,97.45,0.0
ANU_04,Anuradhapura,12,0,0.575,11.29,22.9,97.29,0.0
ANU_04,Anuradhapura,13,0,0.649,10.84,28.5,97.43,0.0
ANU_04,Anuradhapura,14,0,0.667,11.95,30.6,97.56,0.0
ANU_04,Anuradhapura,15,0,0.664,11.31,27.9,97.17,0.0
ANU_04,Anuradhapura,16,0,0.606,11.86,25.4,97.51,0.0
ANU_04,Anuradhapura,17,0,0.558,12.24,23.3,97.5,0.0
ANU_04,Anuradhapura,18,0,0.62,11.98,24.0,97.15,0.0
ANU_04,Anuradhapura,19,0,0.507,11.23,20.8,97.53,0.0
ANU_04,Anuradhapura,20,0,0.708,10.08,20.4,97.48,0.0
ANU_04,Anuradhapura,21,0,0.695,11.6,26.9,97.53,0.0
ANU_04,Anuradhapura,22,0,0.656,12.4,28.0,97.09,0.0
ANU_04,Anuradhapura,23,0,0.593,11.54,22.3,97.33,0.0
ANU_04,Anuradhapura,24,0,0.589,10.99,28.4,97.3,0.0
ANU_04,Anuradhapura,25,0,0.555,10.98,25.7,97.93,0.0
ANU_04,Anuradhapura,26,0,0.637,12.31,27.6,96.86,0.0
ANU_05,Anuradhapura,1,1,0.485,13.27,30.6,97.5,0.0
ANU_05,Anuradhapura,2,1,0.515,12.26,27.1,98.12,0.0
ANU_05,Anuradhapura,3,1,0.487,12.38,33.8,97.47,0.0
ANU_05,Anuradhapura,4,1,0.5,12.86,22.9,97.77,0.0
ANU_05,Anuradhapura,5,1,0.443,12.67,25.4,98.13,0.0
ANU_05,Anuradhapura,6,1,0.584,12.6,26.4,98.0,0.0
ANU_05,Anuradhapura,7,1,0.525,11.84,32.2,97.99,0.0
ANU_05,Anuradhapura,8,1,0.57,11.75,31.4,98.46,0.0
ANU_05,Anuradhapura,9,1,0.559,11.7,28.0,97.92,0.0
ANU_05,Anuradhapura,10,1,0.535,12.43,29.9,97.81,0.0
ANU_05,Anuradhapura,11,1,0.536,12.16,28.3,98.18,0.0
ANU_05,Anuradhapura,12,1,0.492,12.98,24.3,97.84,0.0
ANU_05,Anuradhapura,13,1,0.507,13.33,24.8,98.24,0.0
ANU_05,Anuradhapura,14,1,0.433,12.48,31.6,98.1,0.0
ANU_05,Anuradhapura,15,1,0.461,11.83,31.4,97.61,0.0
ANU_05,Anuradhapura,16,1,0.557,12.25,27.8,98.51,0.0
ANU_05,Anuradhapura,17,1,0.616,13.08,22.3,98.01,0.0
ANU_05,Anuradhapura,18,1,0.525,12.51,33.3,97.49,0.0
ANU_05,Anuradhapura,19,1,0.541,12.65,24.8,98.37,0.0
ANU_05,Anuradhapura,20,1,0.445,12.59,28.2,97.37,0.0
ANU_05,Anuradhapura,21,1,0.435,11.98,31.0,98.17,0.0
ANU_05,Anuradhapura,22,1,0.557,12.71,19.0,97.98,0.0
ANU_05,Anuradhapura,23,1,0.49,13.28,33.3,98.49,0.0
ANU_05,Anuradhapura,24,1,0.564,13.06,23.7,97.95,0.0
ANU_05,Anuradhapura,25,1,0.446,13.11,23.0,97.87,0.0
ANU_05,Anuradhapura,26,1,0.471,12.28,29.7,97.78,0.0
ANU_06,Anuradhapura,1,1,0.568,11.81,65.2,98.03,0.0
ANU_06,Anuradhapura,2,1,0.531,11.37,67.1,97.46,0.0
ANU_06,Anuradhapura,3,1,0.381,13.21,64.4,97.99,0.0
ANU_06,Anuradhapura,4,1,0.631,12.74,68.3,98.11,0.0
ANU_06,Anuradhapura,5,1,0.534,12.41,56.9,98.37,0.0
ANU_06,Anuradhapura,6,1,0.485,12.89,69.0,98.05,0.0
ANU_06,Anuradhapura,7,1,0.46,12.22,66.4,98.11,0.0
ANU_06,Anuradhapura,8,1,0.489,12.48,65.4,98.51,0.0
ANU_06,Anuradhapura,9,1,0.511,11.56,56.5,98.42,0.0
ANU_06,Anuradhapura,10,1,0.476,11.89,62.5,97.81,0.0
ANU_06,Anuradhapura,11,1,0.472,10.51,62.0,97.99,0.0
ANU_06,Anuradhapura,12,1,0.609,12.37,62.8,98.26,0.0
ANU_06,Anuradhapura,13,1,0.541,11.64,62.7,98.12,0.0
ANU_06,Anuradhapura,14,1,0.649,12.14,55.6,98.42,0.0
ANU_06,Anuradhapura,15,1,0.655,11.51,77.9,98.2,0.0
ANU_06,Anuradhapura,16,1,0.558,11.75,62.6,97.9,0.0
ANU_06,Anuradhapura,17,1,0.431,10.78,68.4,97.92,0.0
ANU_06,Anuradhapura,18,1,0.519,12.3,61.0,98.23,0.0
ANU_06,Anuradhapura,19,1,2.28,9.44,64.5,96.66,0.0
ANU_06,Anuradhapura,20,1,4.013,6.6,61.5,95.11,0.0
ANU_06,Anuradhapura,21,1,5.952,5.96,66.9,93.76,0.0
ANU_06,Anuradhapura,22,1,5.874,5.73,66.2,93.61,0.0
ANU_06,Anuradhapura,23,1,5.849,5.04,73.5,93.2,0.0
ANU_06,Anuradhapura,24,1,5.867,4.68,69.6,93.98,0.0
ANU_06,Anuradhapura,25,1,5.847,3.33,68.2,93.67,0.0
ANU_06,Anuradhapura,26,1,5.762,4.89,65.4,92.91,0.0
ANU_07,Anuradhapura,1,1,0.589,15.25,54.2,97.98,0.0
ANU_07,Anuradhapura,2,1,0.423,16.91,48.8,97.74,0.0
ANU_07,Anuradhapura,3,1,0.565,14.72,48.9,97.25,0.0
ANU_07,Anuradhapura,4,1,0.495,16.7,53.4,97.8,0.0
ANU_07,Anuradhapura,5,1,0.498,16.44,47.9,97.94,0.0
ANU_07,Anuradhapura,6,1,0.598,15.19,51.4,97.33,0.0
ANU_07,Anuradhapura,7,1,0.65,14.88,45.5,97.71,0.0
ANU_07,Anuradhapura,8,1,0.604,16.32,49.6,98.02,0.0
ANU_07,Anuradhapura,9,1,0.588,15.81,40.2,97.28,0.0
ANU_07,Anuradhapura,10,1,0.414,15.82,47.2,97.85,0.0
ANU_07,Anuradhapura,11,1,0.572,15.71,43.9,97.49,0.0
ANU_07,Anuradhapura,12,1,0.439,16.61,51.9,97.53,0.0
ANU_07,Anuradhapura,13,1,0.541,16.13,54.7,97.72,0.0
ANU_07,Anuradhapura,14,1,0.569,16.58,40.8,97.69,0.0
ANU_07,Anuradhapura,15,1,0.555,15.4,56.9,98.11,0.0
ANU_07,Anuradhapura,16,1,0.57,15.25,51.7,98.04,0.0
ANU_07,Anuradhapura,17,1,0.525,15.58,42.0,97.86,0.0
ANU_07,Anuradhapura,18,1,0.612,16.48,50.5,98.09,0.0
ANU_07,Anuradhapura,19,1,0.521,15.55,53.1,98.0,0.0
ANU_07,Anuradhapura,20,1,0.508,16.16,51.5,98.06,0.0
ANU_07,Anuradhapura,21,1,0.564,15.52,49.7,98.32,0.0
ANU_07,Anuradhapura,22,1,0.567,15.43,49.5,97.56,0.0
ANU_07,Anuradhapura,23,1,0.572,15.66,52.0,97.9,0.0
ANU_07,Anuradhapura,24,1,0.623,17.28,47.1,97.66,0.0
ANU_07,Anuradhapura,25,1,0.586,15.79,48.6,97.72,0.0
ANU_07,Anuradhapura,26,1,0.592,15.89,39.0,97.82,0.0
ANU_08,Anuradhapura,1,0,0.51,18.06,39.7,98.04,0.0
ANU_08,Anuradhapura,2,0,0.434,18.4,34.8,97.9,0.0
ANU_08,Anuradhapura,3,0,0.629,18.31,32.2,97.91,0.0
ANU_08,Anuradhapura,4,0,0.488,17.3,28.6,98.25,0.0
ANU_08,Anuradhapura,5,0,0.552,17.92,34.9,98.09,0.0
ANU_08,Anuradhapura,6,0,0.543,17.11,35.2,97.89,0.0
ANU_08,Anuradhapura,7,0,0.547,17.93,31.2,97.88,0.0
ANU_08,Anuradhapura,8,0,0.613,17.16,37.2,97.87,0.0
ANU_08,Anuradhapura,9,0,0.581,17.72,34.8,97.73,0.0
ANU_08,Anuradhapura,10,0,0.488,18.28,39.4,97.69,0.0
ANU_08,Anuradhapura,11,0,0.6,17.61,32.2,98.07,0.0
ANU_08,Anuradhapura,12,0,0.464,17.4,33.9,98.01,0.0
ANU_08,Anuradhapura,13,0,0.472,16.7,38.7,97.9,0.0
ANU_08,Anuradhapura,14,0,0.577,18.09,39.1,98.08,0.0
ANU_08,Anuradhapura,15,0,0.583,17.56,32.4,98.12,0.0
ANU_08,Anuradhapura,16,0,0.334,17.53,37.4,97.93,0.0
ANU_08,Anuradhapura,17,0,0.581,18.19,37.0,97.93,0.0
ANU_08,Anuradhapura,18,0,0.571,17.34,34.8,98.23,0.0
ANU_08,Anuradhapura,19,0,0.54,19.02,35.6,97.55,0.0
ANU_08,Anuradhapura,20,0,0.543,18.54,35.8,98.44,0.0
ANU_08,Anuradhapura,21,0,0.613,17.34,34.5,97.71,0.0
ANU_08,Anuradhapura,22,0,0.536,18.2,39.0,97.71,0.0
ANU_08,Anuradhapura,23,0,0.455,16.87,29.9,97.69,0.0
ANU_08,Anuradhapura,24,0,0.404,17.64,38.3,98.19,0.0
ANU_08,Anuradhapura,25,0,0.501,17.34,36.5,98.18,0.0
ANU_08,Anuradhapura,26,0,0.484,17.79,35.2,97.9,0.0
ANU_09,Anuradhapura,1,1,0.375,10.67,64.4,97.7,0.0
ANU_09,Anuradhapura,2,1,0.405,11.24,53.5,97.46,0.0
ANU_09,Anuradhapura,3,1,0.481,13.09,52.5,97.79,0.0
ANU_09,Anuradhapura,4,1,0.419,11.68,61.7,97.61,0.0
ANU_09,Anuradhapura,5,1,0.481,11.39,58.1,97.51,0.0
ANU_09,Anuradhapura,6,1,0.529,10.61,56.1,97.15,0.0
ANU_09,Anuradhapura,7,1,0.396,11.02,62.6,98.03,0.0
ANU_09,Anuradhapura,8,1,0.539,10.78,58.4,97.18,0.0
ANU_09,Anuradhapura,9,1,0.483,12.3,60.5,97.7,0.0
ANU_09,Anuradhapura,10,1,0.446,10.3,50.0,97.45,0.0
ANU_09,Anuradhapura,11,1,0.491,12.3,56.7,97.49,0.0
ANU_09,Anuradhapura,12,1,0.471,12.17,57.8,97.19,0.0
ANU_09,Anuradhapura,13,1,0.522,11.77,59.7,97.15,0.0
ANU_09,Anuradhapura,14,1,0.455,10.45,49.9,97.41,0.0
ANU_09,Anuradhapura,15,1,0.428,11.86,64.0,97.46,0.0
ANU_09,Anuradhapura,16,1,0.565,11.15,61.3,97.15,0.0
ANU_09,Anuradhapura,17,1,0.463,11.32,57.3,97.62,0.0
ANU_09,Anuradhapura,18,1,0.339,11.58,54.8,97.5,0.0
ANU_09,Anuradhapura,19,1,0.479,11.28,56.6,97.18,0.0
ANU_09,Anuradhapura,20,1,0.489,11.1,59.9,97.11,0.0
ANU_09,Anuradhapura,21,1,0.539,10.88,62.9,97.36,0.0
ANU_09,Anuradhapura,22,1,0.489,11.42,60.9,97.47,0.0
ANU_09,Anuradhapura,23,1,0.533,11.93,60.9,97.9,0.0
ANU_09,Anuradhapura,24,1,0.412,12.31,58.4,97.09,0.0
ANU_09,Anuradhapura,25,1,0.485,11.39,65.0,97.35,0.0
ANU_09,Anuradhapura,26,1,0.458,11.66,50.3,97.6,0.0
ANU_10,Anuradhapura,1,0,0.21,18.37,66.9,98.78,0.0
ANU_10,Anuradhapura,2,0,0.289,17.52,65.6,98.36,0.0
ANU_10,Anuradhapura,3,0,0.416,17.82,63.5,98.58,0.0
ANU_10,Anuradhapura,4,0,0.231,17.98,65.7,98.47,0.0
ANU_10,Anuradhapura,5,0,0.292,19.02,68.0,98.25,0.0
ANU_10,Anuradhapura,6,0,0.281,18.71,63.5,98.61,0.0
ANU_10,Anuradhapura,7,0,0.305,18.58,65.5,98.56,0.0
ANU_10,Anuradhapura,8,0,0.254,18.47,62.4,99.04,0.0
ANU_10,Anuradhapura,9,0,0.306,18.12,69.4,98.57,0.0
ANU_10,Anuradhapura,10,0,0.313,18.22,63.2,98.36,0.0
ANU_10,Anuradhapura,11,0,0.264,18.95,63.6,98.49,0.0
ANU_10,Anuradhapura,12,0,0.28,18.68,74.3,98.36,0.0
ANU_10,Anuradhapura,13,0,0.341,18.33,65.0,98.72,0.0
ANU_10,Anuradhapura,14,0,0.229,18.76,67.1,98.34,0.0
ANU_10,Anuradhapura,15,0,0.405,18.78,71.0,98.22,0.0
ANU_10,Anuradhapura,16,0,0.291,17.93,68.8,98.94,0.0
ANU_10,Anuradhapura,17,0,0.19,18.27,65.7,98.85,0.0
ANU_10,Anuradhapura,18,0,0.305,17.47,65.4,98.33,0.0
ANU_10,Anuradhapura,19,0,0.259,18.28,64.2,98.67,0.0
ANU_10,Anuradhapura,20,0,0.214,19.68,71.4,98.78,0.0
ANU_10,Anuradhapura,21,0,0.228,16.93,62.7,98.53,0.0
ANU_10,Anuradhapura,22,0,0.444,19.05,64.1,98.9,0.0
ANU_10,Anuradhapura,23,0,0.382,18.26,71.2,98.68,0.0
ANU_10,Anuradhapura,24,0,0.267,17.53,65.7,98.85,0.0
ANU_10,Anuradhapura,25,0,0.224,17.26,68.5,97.9,0.0
ANU_10,Anuradhapura,26,0,0.419,17.98,69.2,99.07,0.0
ANU_11,Anuradhapura,1,1,0.307,12.52,74.3,98.31,0.0
ANU_11,Anuradhapura,2,1,0.24,11.89,79.2,98.43,0.0
ANU_11,Anuradhapura,3,1,0.354,11.18,76.0,98.85,0.0
ANU_11,Anuradhapura,4,1,0.321,11.91,70.2,98.21,0.0
ANU_11,Anuradhapura,5,1,0.233,11.9,72.8,98.02,0.0
ANU_11,Anuradhapura,6,1,0.197,12.02,77.2,98.04,0.0
ANU_11,Anuradhapura,7,1,0.22,10.68,71.5,99.3,0.0
ANU_11,Anuradhapura,8,1,0.246,11.5,71.4,98.09,0.0
ANU_11,Anuradhapura,9,1,0.128,11.68,72.7,98.77,0.0
ANU_11,Anuradhapura,10,1,0.142,11.97,79.3,97.9,0.0
ANU_11,Anuradhapura,11,1,0.283,10.72,75.9,98.77,0.0
ANU_11,Anuradhapura,12,1,0.242,11.88,71.0,98.47,0.0
ANU_11,Anuradhapura,13,1,0.312,11.59,73.2,98.5,0.0
ANU_11,Anuradhapura,14,1,0.293,10.7,74.0,98.22,0.0
ANU_11,Anuradhapura,15,1,0.273,12.34,75.1,98.73,0.0
ANU_11,Anuradhapura,16,1,0.182,11.46,69.8,98.41,0.0
ANU_11,Anuradhapura,17,1,0.248,11.59,68.8,98.38,0.0
ANU_11,Anuradhapura,18,1,0.215,12.08,72.7,98.69,0.0
ANU_11,Anuradhapura,19,1,0.257,10.57,73.1,98.03,0.0
ANU_11,Anuradhapura,20,1,0.302,12.59,73.7,98.51,0.0
ANU_11,Anuradhapura,21,1,0.154,10.33,71.5,98.33,0.0
ANU_11,Anuradhapura,22,1,0.149,11.76,75.1,98.56,0.0
ANU_11,Anuradhapura,23,1,0.338,12.21,72.3,98.42,0.0
ANU_11,Anuradhapura,24,1,0.279,11.07,79.2,98.63,0.0
ANU_11,Anuradhapura,25,1,0.229,11.32,89.4,98.61,0.0
ANU_11,Anuradhapura,26,1,0.3,12.81,77.8,98.45,0.0
ANU_12,Anuradhapura,1,0,0.481,12.73,51.4,97.58,0.0
ANU_12,Anuradhapura,2,0,0.511,13.62,57.8,97.97,0.0
ANU_12,Anuradhapura,3,0,0.6,12.51,54.2,97.44,0.0
ANU_12,Anuradhapura,4,0,0.59,12.19,53.0,97.15,0.0
ANU_12,Anuradhapura,5,0,0.534,12.46,51.7,97.59,0.0
ANU_12,Anuradhapura,6,0,0.544,11.46,49.9,97.32,0.0
ANU_12,Anuradhapura,7,0,0.535,11.93,58.2,97.23,0.0
ANU_12,Anuradhapura,8,0,0.427,12.51,51.8,97.48,0.0
ANU_12,Anuradhapura,9,0,0.71,12.99,56.1,97.75,0.0
ANU_12,Anuradhapura,10,0,0.56,12.68,51.2,97.32,0.0
ANU_12,Anuradhapura,11,0,0.524,13.07,60.1,97.35,0.0
ANU_12,Anuradhapura,12,0,0.624,12.0,58.1,97.43,0.0
ANU_12,Anuradhapura,13,0,0.612,12.03,52.5,97.5,0.0
ANU_12,Anuradhapura,14,0,0.563,11.74,48.1,97.94,0.0
ANU_12,Anuradhapura,15,0,0.529,10.98,44.4,96.79,0.0
ANU_12,Anuradhapura,16,0,0.516,12.94,47.0,97.43,0.0
ANU_12,Anuradhapura,17,0,0.44,12.78,55.2,97.59,0.0
ANU_12,Anuradhapura,18,0,0.637,13.12,58.0,97.36,0.0
ANU_12,Anuradhapura,19,0,2.529,12.13,49.3,95.66,411.0
ANU_12,Anuradhapura,20,0,4.685,10.65,47.6,93.7,139.0
ANU_12,Anuradhapura,21,0,6.757,8.55,43.7,91.88,402.0
ANU_12,Anuradhapura,22,0,6.762,8.93,43.9,91.86,0.0
ANU_12,Anuradhapura,23,0,6.877,8.39,36.8,91.85,113.0
ANU_12,Anuradhapura,24,0,6.764,8.62,43.4,91.81,224.0
ANU_12,Anuradhapura,25,0,6.896,9.19,39.2,92.21,185.0
ANU_12,Anuradhapura,26,0,6.894,8.11,49.6,91.87,0.0
BAT_01,Batticaloa,1,0,0.198,16.52,39.6,98.27,0.0
BAT_01,Batticaloa,2,0,0.164,16.24,36.8,97.89,0.0
BAT_01,Batticaloa,3,0,0.228,16.29,36.4,98.15,0.0
BAT_01,Batticaloa,4,0,0.166,16.64,49.3,97.6,0.0
BAT_01,Batticaloa,5,0,0.174,15.56,39.5,98.06,0.0
BAT_01,Batticaloa,6,0,0.232,15.87,44.1,98.11,0.0
BAT_01,Batticaloa,7,0,0.154,18.17,40.7,97.68,0.0
BAT_01,Batticaloa,8,0,0.188,15.5,47.1,98.16,0.0
BAT_01,Batticaloa,9,0,0.137,17.03,42.9,98.41,0.0
BAT_01,Batticaloa,10,0,0.124,15.85,32.3,97.83,0.0
BAT_01,Batticaloa,11,0,0.065,16.54,42.4,97.8,0.0
BAT_01,Batticaloa,12,0,0.104,17.39,39.9,97.97,0.0
BAT_01,Batticaloa,13,0,0.221,15.85,36.9,98.55,0.0
BAT_01,Batticaloa,14,0,0.152,16.01,39.6,97.76,0.0
BAT_01,Batticaloa,15,0,0.086,16.4,40.6,97.91,0.0
BAT_01,Batticaloa,16,0,0.195,15.58,34.5,98.11,0.0
BAT_01,Batticaloa,17,0,0.135,17.4,41.9,97.55,0.0
BAT_01,Batticaloa,18,0,0.195,16.03,41.8,98.23,0.0
BAT_01,Batticaloa,19,0,0.292,16.61,43.6,97.99,0.0
BAT_01,Batticaloa,20,0,0.211,15.08,39.1,97.98,0.0
BAT_01,Batticaloa,21,0,0.191,16.19,44.1,98.19,0.0
BAT_01,Batticaloa,22,0,0.166,16.51,39.2,97.95,0.0
BAT_01,Batticaloa,23,0,0.235,17.58,38.8,97.67,0.0
BAT_01,Batticaloa,24,0,0.113,17.26,41.6,97.99,0.0
BAT_01,Batticaloa,25,0,0.192,16.88,40.2,97.64,0.0
BAT_01,Batticaloa,26,0,0.124,16.73,42.3,97.82,0.0
BAT_02,Batticaloa,1,1,0.305,17.95,35.1,99.02,0.0
BAT_02,Batticaloa,2,1,0.328,18.03,41.2,98.77,0.0
BAT_02,Batticaloa,3,1,0.429,18.8,31.7,98.69,0.0
BAT_02,Batticaloa,4,1,0.34,19.11,38.0,98.93,0.0
BAT_02,Batticaloa,5,1,0.503,18.07,38.8,98.9,0.0
BAT_02,Batticaloa,6,1,0.382,19.05,41.8,99.05,0.0
BAT_02,Batticaloa,7,1,0.402,18.07,37.0,98.71,0.0
BAT_02,Batticaloa,8,1,0.298,18.51,41.8,98.8,0.0
BAT_02,Batticaloa,9,1,0.368,18.31,39.4,98.88,0.0
BAT_02,Batticaloa,10,1,0.508,17.76,40.0,98.97,0.0
BAT_02,Batticaloa,11,1,0.403,18.14,34.3,98.65,0.0
BAT_02,Batticaloa,12,1,0.442,19.17,35.8,98.92,0.0
BAT_02,Batticaloa,13,1,0.43,18.9,39.5,98.91,0.0
BAT_02,Batticaloa,14,1,0.453,17.57,38.7,98.35,0.0
BAT_02,Batticaloa,15,1,0.278,17.78,32.2,98.93,0.0
BAT_02,Batticaloa,16,1,0.459,18.1,37.9,98.74,0.0
BAT_02,Batticaloa,17,1,0.382,18.36,39.9,98.68,0.0
BAT_02,Batticaloa,18,1,0.351,17.97,41.7,98.69,0.0
BAT_02,Batticaloa,19,1,0.486,18.13,44.0,98.5,0.0
BAT_02,Batticaloa,20,1,0.356,18.57,40.4,98.76,0.0
BAT_02,Batticaloa,21,1,0.522,18.32,39.6,98.65,0.0
BAT_02,Batticaloa,22,1,0.498,18.8,40.1,98.39,0.0
BAT_02,Batticaloa,23,1,0.42,18.0,40.0,99.03,0.0
BAT_02,Batticaloa,24,1,0.353,18.41,42.0,98.84,0.0
BAT_02,Batticaloa,25,1,0.378,17.64,35.8,98.48,0.0
BAT_02,Batticaloa,26,1,0.458,18.34,33.6,98.8,0.0
BAT_03,Batticaloa,1,1,0.287,6.79,56.9,99.33,0.0
BAT_03,Batticaloa,2,1,0.26,6.69,61.2,99.4,0.0
BAT_03,Batticaloa,3,1,0.229,7.03,53.7,99.82,0.0
BAT_03,Batticaloa,4,1,0.17,6.97,61.7,99.56,0.0
BAT_03,Batticaloa,5,1,0.291,7.78,55.8,99.44,0.0
BAT_03,Batticaloa,6,1,0.284,6.72,57.9,99.78,0.0
BAT_03,Batticaloa,7,1,0.232,6.73,59.2,99.4,0.0
BAT_03,Batticaloa,8,1,0.284,6.89,61.8,99.49,0.0
BAT_03,Batticaloa,9,1,0.304,7.84,56.9,99.87,0.0
BAT_03,Batticaloa,10,1,0.248,7.41,60.9,99.38,0.0
BAT_03,Batticaloa,11,1,0.157,7.98,57.3,99.26,0.0
BAT_03,Batticaloa,12,1,0.338,7.06,67.9,99.87,0.0
BAT_03,Batticaloa,13,1,0.317,7.17,63.3,99.12,0.0
BAT_03,Batticaloa,14,1,0.285,7.1,58.4,99.52,0.0
BAT_03,Batticaloa,15,1,0.187,7.55,65.4,99.13,0.0
BAT_03,Batticaloa,16,1,0.283,7.94,62.0,99.2,0.0
BAT_03,Batticaloa,17,1,0.215,7.52,67.6,99.18,0.0
BAT_03,Batticaloa,18,1,0.277,6.55,59.2,99.53,0.0
BAT_03,Batticaloa,19,1,0.272,6.6,68.7,99.41,0.0
BAT_03,Batticaloa,20,1,0.263,7.67,60.3,99.4,0.0
BAT_03,Batticaloa,21,1,0.331,6.4,63.3,99.71,0.0
BAT_03,Batticaloa,22,1,0.314,6.91,60.3,99.03,0.0
BAT_03,Batticaloa,23,1,0.267,7.18,63.7,99.49,0.0
BAT_03,Batticaloa,24,1,0.251,6.51,60.1,99.48,0.0
BAT_03,Batticaloa,25,1,0.346,7.02,58.3,99.42,0.0
BAT_03,Batticaloa,26,1,0.246,6.87,51.5,99.06,0.0
BAT_04,Batticaloa,1,1,0.377,14.91,38.8,98.67,0.0
BAT_04,Batticaloa,2,1,0.312,15.64,34.9,98.65,0.0
BAT_04,Batticaloa,3,1,0.283,17.27,48.7,98.75,0.0
BAT_04,Batticaloa,4,1,0.223,15.96,38.7,98.77,0.0
BAT_04,Batticaloa,5,1,0.31,15.52,44.3,98.64,0.0
BAT_04,Batticaloa,6,1,0.254,16.67,45.6,98.64,0.0
BAT_04,Batticaloa,7,1,0.243,15.86,45.5,98.93,0.0
BAT_04,Batticaloa,8,1,0.375,16.03,38.9,99.22,0.0
BAT_04,Batticaloa,9,1,0.357,16.25,48.6,98.35,0.0
BAT_04,Batticaloa,10,1,0.266,15.45,48.0,98.43,0.0
BAT_04,Batticaloa,11,1,0.269,16.66,45.9,98.62,0.0
BAT_04,Batticaloa,12,1,0.399,14.97,45.1,98.66,0.0
BAT_04,Batticaloa,13,1,0.318,15.59,40.0,98.77,0.0
BAT_04,Batticaloa,14,1,0.21,16.07,42.0,98.95,0.0
BAT_04,Batticaloa,15,1,0.261,15.36,44.9,99.02,0.0
BAT_04,Batticaloa,16,1,0.165,15.83,45.8,98.37,0.0
BAT_04,Batticaloa,17,1,0.236,16.14,40.0,98.56,0.0
BAT_04,Batticaloa,18,1,0.389,15.2,39.9,98.15,0.0
BAT_04,Batticaloa,19,1,0.223,15.03,50.0,99.02,0.0
BAT_04,Batticaloa,20,1,1.568,15.14,47.0,97.49,0.0
BAT_04,Batticaloa,21,1,3.046,12.42,41.6,95.91,0.0
BAT_04,Batticaloa,22,1,4.299,10.41,43.9,94.98,0.0
BAT_04,Batticaloa,23,1,4.411,9.79,48.8,95.04,0.0
BAT_04,Batticaloa,24,1,4.359,9.75,45.2,94.97,0.0
BAT_04,Batticaloa,25,1,4.25,10.41,45.1,95.36,0.0
BAT_04,Batticaloa,26,1,4.37,9.82,42.8,94.55,0.0
BAT_05,Batticaloa,1,1,0.312,18.14,56.7,98.92,0.0
BAT_05,Batticaloa,2,1,0.367,18.55,64.5,99.06,0.0
BAT_05,Batticaloa,3,1,0.274,17.53,59.9,98.66,0.0
BAT_05,Batticaloa,4,1,0.306,17.58,62.7,99.56,0.0
BAT_05,Batticaloa,5,1,0.332,17.43,65.8,98.76,0.0
BAT_05,Batticaloa,6,1,0.359,18.0,62.8,99.27,0.0
BAT_05,Batticaloa,7,1,0.383,17.57,59.6,99.65,0.0
BAT_05,Batticaloa,8,1,0.298,18.73,60.9,99.23,0.0
BAT_05,Batticaloa,9,1,0.259,18.22,62.4,98.97,0.0
BAT_05,Batticaloa,10,1,0.389,18.05,55.5,99.07,0.0
BAT_05,Batticaloa,11,1,0.242,17.12,61.2,99.01,0.0
BAT_05,Batticaloa,12,1,0.299,17.38,56.1,99.0,0.0
BAT_05,Batticaloa,13,1,0.349,17.03,66.0,99.25,0.0
BAT_05,Batticaloa,14,1,0.27,18.03,60.6,99.03,0.0
BAT_05,Batticaloa,15,1,0.236,18.12,69.0,98.96,0.0
BAT_05,Batticaloa,16,1,0.368,16.57,60.0,98.88,0.0
BAT_05,Batticaloa,17,1,0.399,17.49,66.6,98.62,0.0
BAT_05,Batticaloa,18,1,0.303,18.18,63.4,98.45,0.0
BAT_05,Batticaloa,19,1,0.307,18.33,68.8,99.23,0.0
BAT_05,Batticaloa,20,1,0.196,17.72,67.1,98.93,0.0
BAT_05,Batticaloa,21,1,0.33,17.56,63.9,99.32,0.0
BAT_05,Batticaloa,22,1,0.254,19.56,64.1,99.22,0.0
BAT_05,Batticaloa,23,1,0.252,17.88,62.4,98.77,0.0
BAT_05,Batticaloa,24,1,0.205,18.02,63.2,98.48,0.0
BAT_05,Batticaloa,25,1,0.168,17.66,63.2,99.28,0.0
BAT_05,Batticaloa,26,1,0.222,18.2,62.3,99.0,0.0
BAT_06,Batticaloa,1,1,0.36,16.73,49.7,99.11,0.0
BAT_06,Batticaloa,2,1,0.473,17.32,54.3,99.25,0.0
BAT_06,Batticaloa,3,1,0.495,17.13,55.1,99.35,0.0
BAT_06,Batticaloa,4,1,0.474,17.02,46.3,98.86,0.0
BAT_06,Batticaloa,5,1,0.548,17.29,53.0,99.18,0.0
BAT_06,Batticaloa,6,1,0.403,18.78,46.8,99.21,0.0
BAT_06,Batticaloa,7,1,0.427,16.38,46.2,99.05,0.0
BAT_06,Batticaloa,8,1,0.41,16.77,54.5,98.93,0.0
BAT_06,Batticaloa,9,1,0.454,17.94,54.8,98.94,0.0
BAT_06,Batticaloa,10,1,0.253,17.57,53.2,99.08,0.0
BAT_06,Batticaloa,11,1,0.507,16.82,51.7,98.96,0.0
BAT_06,Batticaloa,12,1,0.449,16.8,49.2,99.49,0.0
BAT_06,Batticaloa,13,1,0.443,16.16,54.0,99.43,0.0
BAT_06,Batticaloa,14,1,0.38,16.83,51.5,99.16,0.0
BAT_06,Batticaloa,15,1,0.438,17.45,49.3,99.74,0.0
BAT_06,Batticaloa,16,1,0.387,16.74,59.1,99.82,0.0
BAT_06,Batticaloa,17,1,0.432,16.95,47.0,99.51,0.0
BAT_06,Batticaloa,18,1,0.441,16.55,52.9,99.56,0.0
BAT_06,Batticaloa,19,1,0.471,18.39,55.9,99.33,0.0
BAT_06,Batticaloa,20,1,0.428,17.39,56.1,99.44,0.0
BAT_06,Batticaloa,21,1,0.493,17.19,54.3,99.53,0.0
BAT_06,Batticaloa,22,1,0.42,16.28,58.1,99.37,0.0
BAT_06,Batticaloa,23,1,0.404,17.2,50.3,98.8,0.0
BAT_06,Batticaloa,24,1,0.419,16.21,52.1,99.19,0.0
BAT_06,Batticaloa,25,1,0.498,16.99,52.7,99.15,0.0
BAT_06,Batticaloa,26,1,0.407,16.22,55.2,99.26,0.0
BAT_07,Batticaloa,1,0,0.398,15.77,37.5,97.74,0.0
BAT_07,Batticaloa,2,0,0.332,16.12,35.4,98.39,0.0
BAT_07,Batticaloa,3,0,0.354,15.49,38.2,97.7,0.0
BAT_07,Batticaloa,4,0,0.344,16.31,38.1,98.23,0.0
BAT_07,Batticaloa,5,0,0.348,14.96,39.9,98.21,0.0
BAT_07,Batticaloa,6,0,0.502,15.03,37.9,97.93,0.0
BAT_07,Batticaloa,7,0,0.29,14.08,41.3,97.63,0.0
BAT_07,Batticaloa,8,0,0.453,15.56,37.4,97.81,0.0
BAT_07,Batticaloa,9,0,0.37,15.06,43.1,97.91,0.0
BAT_07,Batticaloa,10,0,0.346,15.01,37.5,97.94,0.0
BAT_07,Batticaloa,11,0,0.266,14.06,35.9,98.04,0.0
BAT_07,Batticaloa,12,0,0.429,16.43,45.5,98.19,0.0
BAT_07,Batticaloa,13,0,0.481,14.97,36.5,98.67,0.0
BAT_07,Batticaloa,14,0,0.305,14.8,37.6,98.46,0.0
BAT_07,Batticaloa,15,0,0.333,15.51,37.0,97.79,0.0
BAT_07,Batticaloa,16,0,0.383,15.15,34.0,97.88,0.0
BAT_07,Batticaloa,17,0,0.321,15.62,40.5,98.15,0.0
BAT_07,Batticaloa,18,0,0.398,14.76,40.5,97.94,0.0
BAT_07,Batticaloa,19,0,0.289,14.62,39.5,98.12,0.0
BAT_07,Batticaloa,20,0,0.432,14.03,37.8,98.19,0.0
BAT_07,Batticaloa,21,0,0.311,15.19,37.0,97.81,0.0
BAT_07,Batticaloa,22,0,0.436,14.21,42.6,97.99,0.0
BAT_07,Batticaloa,23,0,0.312,14.52,35.7,97.88,0.0
BAT_07,Batticaloa,24,0,0.385,13.93,43.6,98.3,0.0
BAT_07,Batticaloa,25,0,0.452,14.46,29.4,97.94,0.0
BAT_07,Batticaloa,26,0,0.359,15.23,36.6,98.07,0.0
BAT_08,Batticaloa,1,0,0.426,10.5,74.1,97.75,0.0
BAT_08,Batticaloa,2,0,0.535,10.68,68.5,98.0,0.0
BAT_08,Batticaloa,3,0,0.459,10.38,71.5,97.89,0.0
BAT_08,Batticaloa,4,0,0.503,9.79,67.7,98.13,0.0
BAT_08,Batticaloa,5,0,0.527,10.71,65.6,97.67,0.0
BAT_08,Batticaloa,6,0,0.499,11.36,67.8,98.15,0.0
BAT_08,Batticaloa,7,0,0.455,11.23,63.6,97.87,0.0
BAT_08,Batticaloa,8,0,0.409,10.9,69.9,97.59,0.0
BAT_08,Batticaloa,9,0,0.428,10.24,61.7,97.59,0.0
BAT_08,Batticaloa,10,0,0.421,10.97,73.2,97.71,0.0
BAT_08,Batticaloa,11,0,0.456,10.63,65.6,97.75,0.0
BAT_08,Batticaloa,12,0,0.523,10.64,67.3,97.68,0.0
BAT_08,Batticaloa,13,0,0.561,10.14,68.1,97.57,0.0
BAT_08,Batticaloa,14,0,0.437,10.56,66.1,97.96,0.0
BAT_08,Batticaloa,15,0,0.477,9.68,58.4,98.07,0.0
BAT_08,Batticaloa,16,0,0.438,11.39,67.7,97.63,0.0
BAT_08,Batticaloa,17,0,0.506,10.34,67.7,97.59,0.0
BAT_08,Batticaloa,18,0,0.511,11.16,65.5,98.27,0.0
BAT_08,Batticaloa,19,0,0.439,10.65,61.1,97.34,0.0
BAT_08,Batticaloa,20,0,0.599,11.36,72.2,97.4,0.0
BAT_08,Batticaloa,21,0,0.486,10.76,67.9,97.9,0.0
BAT_08,Batticaloa,22,0,0.418,10.41,63.1,97.74,0.0
BAT_08,Batticaloa,23,0,0.495,10.04,66.5,97.72,0.0
BAT_08,Batticaloa,24,0,0.474,11.06,68.6,97.92,0.0
BAT_08,Batticaloa,25,0,0.386,10.29,70.9,97.61,0.0
BAT_08,Batticaloa,26,0,0.447,9.92,73.0,97.71,0.0
BAT_09,Batticaloa,1,0,0.342,15.87,56.4,98.81,0.0
BAT_09,Batticaloa,2,0,0.372,16.07,58.8,99.11,0.0
BAT_09,Batticaloa,3,0,0.347,15.32,55.3,98.68,0.0
BAT_09,Batticaloa,4,0,0.236,16.2,53.7,98.63,0.0
BAT_09,Batticaloa,5,0,0.285,16.66,57.2,99.2,0.0
BAT_09,Batticaloa,6,0,0.345,15.87,60.7,99.1,0.0
BAT_09,Batticaloa,7,0,0.357,15.51,56.6,98.66,0.0
BAT_09,Batticaloa,8,0,0.334,16.19,64.4,99.31,0.0
BAT_09,Batticaloa,9,0,0.39,16.71,59.3,99.65,0.0
BAT_09,Batticaloa,10,0,0.441,17.72,60.0,99.06,0.0
BAT_09,Batticaloa,11,0,0.413,16.25,59.7,98.71,0.0
BAT_09,Batticaloa,12,0,0.406,16.21,61.7,98.9,0.0
BAT_09,Batticaloa,13,0,0.243,16.43,63.1,98.63,0.0
BAT_09,Batticaloa,14,0,0.291,15.95,57.4,98.53,0.0
BAT_09,Batticaloa,15,0,0.455,16.74,55.9,98.5,0.0
BAT_09,Batticaloa,16,0,0.371,17.32,61.7,99.24,0.0
BAT_09,Batticaloa,17,0,0.293,16.27,52.4,99.45,0.0
BAT_09,Batticaloa,18,0,0.384,14.87,51.0,99.07,0.0
BAT_09,Batticaloa,19,0,0.358,15.94,60.9,99.45,0.0
BAT_09,Batticaloa,20,0,0.371,15.05,57.8,98.62,0.0
BAT_09,Batticaloa,21,0,0.301,16.33,57.7,98.69,0.0
BAT_09,Batticaloa,22,0,0.348,15.64,60.5,98.89,0.0
BAT_09,Batticaloa,23,0,0.373,15.97,61.4,98.92,0.0
BAT_09,Batticaloa,24,0,0.348,15.79,58.9,98.51,0.0
BAT_09,Batticaloa,25,0,0.509,15.72,58.8,98.83,0.0
BAT_09,Batticaloa,26,0,0.32,16.37,56.3,98.84,0.0
BAT_10,Batticaloa,1,0,0.266,12.92,21.8,99.41,0.0
BAT_10,Batticaloa,2,0,0.262,12.26,22.9,99.35,0.0
BAT_10,Batticaloa,3,0,0.197,12.51,28.4,99.9,0.0
BAT_10,Batticaloa,4,0,0.248,12.04,31.0,99.77,0.0
BAT_10,Batticaloa,5,0,0.269,11.51,26.2,99.9,0.0
BAT_10,Batticaloa,6,0,0.24,11.61,31.2,99.9,0.0
BAT_10,Batticaloa,7,0,0.254,11.6,32.2,99.9,0.0
BAT_10,Batticaloa,8,0,0.205,11.13,25.4,99.56,0.0
BAT_10,Batticaloa,9,0,0.178,11.35,32.0,99.9,0.0
BAT_10,Batticaloa,10,0,0.343,12.5,26.6,99.9,0.0
BAT_10,Batticaloa,11,0,0.217,11.85,23.9,99.9,0.0
BAT_10,Batticaloa,12,0,0.315,11.78,27.3,99.8,0.0
BAT_10,Batticaloa,13,0,0.266,12.56,28.8,99.89,0.0
BAT_10,Batticaloa,14,0,0.164,11.87,21.4,99.9,0.0
BAT_10,Batticaloa,15,0,0.338,12.48,33.0,99.9,0.0
BAT_10,Batticaloa,16,0,0.31,11.1,27.7,99.2,0.0
BAT_10,Batticaloa,17,0,0.205,11.3,28.5,99.89,0.0
BAT_10,Batticaloa,18,0,0.198,11.88,29.6,99.75,0.0
BAT_10,Batticaloa,19,0,0.243,10.61,26.8,99.9,0.0
BAT_10,Batticaloa,20,0,0.269,11.16,27.4,99.86,0.0
BAT_10,Batticaloa,21,0,0.195,12.45,25.3,99.71,0.0
BAT_10,Batticaloa,22,0,0.247,13.38,27.2,99.65,0.0
BAT_10,Batticaloa,23,0,0.296,11.76,29.3,99.23,0.0
BAT_10,Batticaloa,24,0,0.271,12.03,23.3,99.9,0.0
BAT_10,Batticaloa,25,0,0.239,11.93,23.2,99.38,0.0
BAT_10,Batticaloa,26,0,0.219,11.13,30.5,99.9,0.0
BAT_11,Batticaloa,1,0,0.328,10.24,42.4,98.25,0.0
BAT_11,Batticaloa,2,0,0.322,10.63,37.3,97.56,0.0
BAT_11,Batticaloa,3,0,0.43,10.43,38.8,97.91,0.0
BAT_11,Batticaloa,4,0,0.344,9.56,45.3,98.05,0.0
BAT_11,Batticaloa,5,0,0.369,10.77,43.4,97.77,0.0
BAT_11,Batticaloa,6,0,0.389,10.0,40.8,97.76,0.0
BAT_11,Batticaloa,7,0,0.499,9.98,40.3,97.94,0.0
BAT_11,Batticaloa,8,0,0.333,10.76,37.9,97.72,0.0
BAT_11,Batticaloa,9,0,0.353,9.74,43.0,97.98,0.0
BAT_11,Batticaloa,10,0,0.412,9.38,39.3,97.63,0.0
BAT_11,Batticaloa,11,0,0.359,10.96,39.2,97.78,0.0
BAT_11,Batticaloa,12,0,0.421,10.8,45.6,97.36,0.0
BAT_11,Batticaloa,13,0,0.373,9.94,34.7,97.85,0.0
BAT_11,Batticaloa,14,0,0.284,8.85,34.6,97.76,0.0
BAT_11,Batticaloa,15,0,0.465,9.76,33.5,97.33,0.0
BAT_11,Batticaloa,16,0,0.332,10.05,38.8,97.46,0.0
BAT_11,Batticaloa,17,0,0.308,8.83,38.9,97.43,0.0
BAT_11,Batticaloa,18,0,0.189,10.89,40.2,97.91,0.0
BAT_11,Batticaloa,19,0,0.374,9.57,42.5,97.56,0.0
BAT_11,Batticaloa,20,0,0.468,10.33,30.8,98.04,0.0
BAT_11,Batticaloa,21,0,0.472,10.04,42.5,97.77,0.0
BAT_11,Batticaloa,22,0,0.316,8.65,43.2,97.71,0.0
BAT_11,Batticaloa,23,0,0.376,9.51,34.6,98.1,0.0
BAT_11,Batticaloa,24,0,0.33,9.95,33.2,97.87,0.0
BAT_11,Batticaloa,25,0,0.4,9.92,37.5,97.52,0.0
BAT_11,Batticaloa,26,0,0.438,9.82,37.6,98.24,0.0
BAT_12,Batticaloa,1,0,0.397,10.84,36.6,98.12,0.0
BAT_12,Batticaloa,2,0,0.497,10.86,33.1,97.72,0.0
BAT_12,Batticaloa,3,0,0.423,11.18,30.2,98.9,0.0
BAT_12,Batticaloa,4,0,0.416,9.73,33.7,98.39,0.0
BAT_12,Batticaloa,5,0,0.461,10.21,36.6,98.18,0.0
BAT_12,Batticaloa,6,0,0.419,9.59,28.1,98.37,0.0
BAT_12,Batticaloa,7,0,0.372,10.07,30.5,98.38,0.0
BAT_12,Batticaloa,8,0,0.458,10.81,35.5,98.37,0.0
BAT_12,Batticaloa,9,0,0.379,9.39,30.0,98.12,0.0
BAT_12,Batticaloa,10,0,0.302,11.35,23.9,98.41,0.0
BAT_12,Batticaloa,11,0,0.445,10.21,41.8,98.32,0.0
BAT_12,Batticaloa,12,0,0.365,11.42,28.1,97.95,0.0
BAT_12,Batticaloa,13,0,0.351,9.96,31.6,98.4,0.0
BAT_12,Batticaloa,14,0,0.319,10.56,40.4,98.14,0.0
BAT_12,Batticaloa,15,0,0.404,10.77,36.3,98.15,0.0
BAT_12,Batticaloa,16,0,0.353,9.74,35.8,98.55,0.0
BAT_12,Batticaloa,17,0,0.28,9.05,26.4,97.94,0.0
BAT_12,Batticaloa,18,0,0.437,10.48,39.3,98.52,0.0
BAT_12,Batticaloa,19,0,0.419,11.07,27.7,97.96,0.0
BAT_12,Batticaloa,20,0,0.414,10.92,24.8,98.54,0.0
BAT_12,Batticaloa,21,0,0.464,10.04,32.1,98.25,0.0
BAT_12,Batticaloa,22,0,0.417,10.84,28.1,98.58,0.0
BAT_12,Batticaloa,23,0,0.465,10.9,23.4,97.84,0.0
BAT_12,Batticaloa,24,0,0.454,9.99,28.6,98.12,0.0
BAT_12,Batticaloa,25,0,0.33,10.17,28.4,98.15,0.0
BAT_12,Batticaloa,26,0,0.441,9.63,35.9,97.75,0.0
NEG_01,Negombo,1,1,0.796,9.76,52.7,99.52,0.0
NEG_01,Negombo,2,1,0.769,9.8,48.9,99.31,0.0
NEG_01,Negombo,3,1,0.821,11.51,53.6,99.36,0.0
NEG_01,Negombo,4,1,0.68,12.19,51.5,99.45,0.0
NEG_01,Negombo,5,1,0.781,10.74,51.6,99.63,0.0
NEG_01,Negombo,6,1,0.895,11.21,59.4,99.13,0.0
NEG_01,Negombo,7,1,0.834,10.56,56.6,99.24,0.0
NEG_01,Negombo,8,1,0.862,11.89,42.9,99.78,0.0
NEG_01,Negombo,9,1,0.822,10.64,43.5,99.15,0.0
NEG_01,Negombo,10,1,0.662,10.89,50.7,99.7,0.0
NEG_01,Negombo,11,1,0.783,11.5,56.1,99.76,0.0
NEG_01,Negombo,12,1,0.788,11.31,45.1,98.95,0.0
NEG_01,Negombo,13,1,0.786,10.83,46.4,99.13,0.0
NEG_01,Negombo,14,1,0.846,10.56,50.7,99.0,0.0
NEG_01,Negombo,15,1,0.888,11.94,52.2,99.2,0.0
NEG_01,Negombo,16,1,0.905,11.14,48.6,98.89,0.0
NEG_01,Negombo,17,1,0.767,12.19,48.9,99.9,0.0
NEG_01,Negombo,18,1,0.803,10.71,56.8,99.17,0.0
NEG_01,Negombo,19,1,0.827,10.2,46.3,99.04,0.0
NEG_01,Negombo,20,1,0.817,10.44,43.3,99.35,0.0
NEG_01,Negombo,21,1,0.793,10.67,48.9,98.66,0.0
NEG_01,Negombo,22,1,0.901,10.55,53.6,99.59,0.0
NEG_01,Negombo,23,1,0.873,10.97,51.4,99.31,0.0
NEG_01,Negombo,24,1,0.859,11.2,49.6,99.35,0.0
NEG_01,Negombo,25,1,0.827,11.27,52.2,99.58,0.0
NEG_01,Negombo,26,1,0.816,11.39,51.6,99.09,0.0
NEG_02,Negombo,1,0,0.282,14.87,51.6,99.38,0.0
NEG_02,Negombo,2,0,0.359,13.26,51.6,99.5,0.0
NEG_02,Negombo,3,0,0.306,13.36,55.2,99.9,0.0
NEG_02,Negombo,4,0,0.232,14.15,53.8,99.9,0.0
NEG_02,Negombo,5,0,0.288,13.49,51.1,99.9,0.0
NEG_02,Negombo,6,0,0.318,14.23,58.4,98.96,0.0
NEG_02,Negombo,7,0,0.181,14.63,54.3,99.15,0.0
NEG_02,Negombo,8,0,0.346,14.1,52.0,99.3,0.0
NEG_02,Negombo,9,0,0.286,13.53,51.3,99.45,0.0
NEG_02,Negombo,10,0,0.417,14.46,44.7,99.62,0.0
NEG_02,Negombo,11,0,0.402,14.24,55.6,99.5,0.0
NEG_02,Negombo,12,0,0.357,13.5,54.4,99.16,0.0
NEG_02,Negombo,13,0,0.393,13.14,42.5,99.65,0.0
NEG_02,Negombo,14,0,0.303,14.14,52.9,99.5,0.0
NEG_02,Negombo,15,0,0.259,14.2,52.6,99.64,0.0
NEG_02,Negombo,16,0,0.436,13.62,51.4,99.65,0.0
NEG_02,Negombo,17,0,0.286,13.33,48.8,99.78,0.0
NEG_02,Negombo,18,0,0.297,14.45,48.1,99.62,0.0
NEG_02,Negombo,19,0,0.272,13.55,51.6,99.52,0.0
NEG_02,Negombo,20,0,0.405,13.07,53.2,99.9,0.0
NEG_02,Negombo,21,0,0.398,13.84,48.3,99.38,0.0
NEG_02,Negombo,22,0,0.332,14.19,52.6,99.66,0.0
NEG_02,Negombo,23,0,0.248,13.38,46.1,99.17,0.0
NEG_02,Negombo,24,0,0.308,14.26,61.5,99.65,0.0
NEG_02,Negombo,25,0,0.315,14.94,48.1,99.6,0.0
NEG_02,Negombo,26,0,0.374,14.56,52.8,99.42,0.0
NEG_03,Negombo,1,0,0.219,13.13,30.4,98.93,0.0
NEG_03,Negombo,2,0,0.341,14.53,31.2,99.12,0.0
NEG_03,Negombo,3,0,0.265,13.13,32.0,98.57,0.0
NEG_03,Negombo,4,0,0.218,12.46,32.8,98.85,0.0
NEG_03,Negombo,5,0,0.223,13.58,40.8,99.01,0.0
NEG_03,Negombo,6,0,0.287,14.56,39.8,99.27,0.0
NEG_03,Negombo,7,0,0.238,13.42,32.9,98.97,0.0
NEG_03,Negombo,8,0,0.272,14.04,40.5,99.07,0.0
NEG_03,Negombo,9,0,0.382,14.72,34.1,99.31,0.0
NEG_03,Negombo,10,0,0.095,14.94,37.7,99.2,0.0
NEG_03,Negombo,11,0,0.168,15.64,35.0,99.06,0.0
NEG_03,Negombo,12,0,0.341,13.97,32.6,99.26,0.0
NEG_03,Negombo,13,0,0.209,14.55,36.6,99.38,0.0
NEG_03,Negombo,14,0,0.197,14.86,37.3,99.6,0.0
NEG_03,Negombo,15,0,0.232,15.23,38.9,99.3,0.0
NEG_03,Negombo,16,0,0.227,14.43,38.8,98.88,0.0
NEG_03,Negombo,17,0,0.201,13.62,42.0,99.13,0.0
NEG_03,Negombo,18,0,0.329,14.27,36.5,99.15,0.0
NEG_03,Negombo,19,0,1.529,13.39,45.4,98.22,0.0
NEG_03,Negombo,20,0,2.752,11.39,50.6,97.1,0.0
NEG_03,Negombo,21,0,4.183,9.08,61.2,96.46,0.0
NEG_03,Negombo,22,0,4.19,9.44,63.4,96.37,0.0
NEG_03,Negombo,23,0,4.05,8.44,54.2,96.45,0.0
NEG_03,Negombo,24,0,4.125,8.93,59.4,96.19,0.0
NEG_03,Negombo,25,0,4.097,9.74,71.1,96.1,0.0
NEG_03,Negombo,26,0,4.128,9.28,59.5,96.07,0.0
NEG_04,Negombo,1,0,0.373,13.84,54.4,98.84,0.0
NEG_04,Negombo,2,0,0.304,13.9,49.0,98.61,0.0
NEG_04,Negombo,3,0,0.495,12.58,53.0,98.61,0.0
NEG_04,Negombo,4,0,0.45,12.37,47.0,98.52,0.0
NEG_04,Negombo,5,0,0.373,13.14,47.9,98.8,0.0
NEG_04,Negombo,6,0,0.495,12.96,41.0,98.68,0.0
NEG_04,Negombo,7,0,0.422,13.65,52.9,98.99,0.0
NEG_04,Negombo,8,0,0.403,13.42,42.7,99.08,0.0
NEG_04,Negombo,9,0,0.444,13.34,47.1,98.77,0.0
NEG_04,Negombo,10,0,0.376,13.38,43.2,99.0,0.0
NEG_04,Negombo,11,0,0.45,14.27,48.5,98.73,0.0
NEG_04,Negombo,12,0,0.429,13.05,48.2,98.47,0.0
NEG_04,Negombo,13,0,0.349,12.68,47.4,98.45,0.0
NEG_04,Negombo,14,0,0.346,12.85,51.7,98.7,0.0
NEG_04,Negombo,15,0,0.458,13.62,51.8,98.64,0.0
NEG_04,Negombo,16,0,0.392,11.89,45.8,98.87,0.0
NEG_04,Negombo,17,0,0.35,13.86,54.5,98.66,0.0
NEG_04,Negombo,18,0,0.473,12.16,44.3,98.66,0.0
NEG_04,Negombo,19,0,0.417,12.92,45.1,99.25,0.0
NEG_04,Negombo,20,0,2.065,12.3,44.0,97.16,306.0
NEG_04,Negombo,21,0,3.721,10.78,34.5,95.64,0.0
NEG_04,Negombo,22,0,5.358,10.73,43.4,94.76,0.0
NEG_04,Negombo,23,0,5.192,10.45,35.2,94.4,388.0
NEG_04,Negombo,24,0,5.283,10.44,30.8,94.57,321.0
NEG_04,Negombo,25,0,5.232,9.73,39.4,94.66,0.0
NEG_04,Negombo,26,0,5.125,10.55,44.8,94.42,305.0
NEG_05,Negombo,1,1,0.495,13.66,52.9,99.85,0.0
NEG_05,Negombo,2,1,0.587,13.42,38.7,99.9,0.0
NEG_05,Negombo,3,1,0.514,13.17,41.1,99.63,0.0
NEG_05,Negombo,4,1,0.481,12.71,48.8,99.9,0.0
NEG_05,Negombo,5,1,0.578,13.44,45.3,99.84,0.0
NEG_05,Negombo,6,1,0.59,14.15,45.4,99.63,0.0
NEG_05,Negombo,7,1,0.445,13.16,41.3,99.66,0.0
NEG_05,Negombo,8,1,0.443,14.66,45.0,99.29,0.0
NEG_05,Negombo,9,1,0.452,12.83,44.9,99.9,0.0
NEG_05,Negombo,10,1,0.458,14.02,42.8,99.9,0.0
NEG_05,Negombo,11,1,0.602,13.84,46.8,99.8,0.0
NEG_05,Negombo,12,1,0.496,12.94,45.2,99.78,0.0
NEG_05,Negombo,13,1,0.495,13.6,43.2,99.54,0.0
NEG_05,Negombo,14,1,0.486,14.34,43.0,99.9,0.0
NEG_05,Negombo,15,1,0.448,12.82,44.4,99.9,0.0
NEG_05,Negombo,16,1,0.479,14.03,47.7,99.9,0.0
NEG_05,Negombo,17,1,0.512,13.62,37.2,99.81,0.0
NEG_05,Negombo,18,1,0.536,14.51,38.8,99.59,0.0
NEG_05,Negombo,19,1,0.458,14.19,33.7,99.53,0.0
NEG_05,Negombo,20,1,0.644,14.05,38.5,99.78,0.0
NEG_05,Negombo,21,1,0.57,13.98,43.0,99.6,0.0
NEG_05,Negombo,22,1,0.569,13.64,47.2,99.9,0.0
NEG_05,Negombo,23,1,0.49,14.52,41.9,99.9,0.0
NEG_05,Negombo,24,1,0.48,13.51,42.9,99.63,0.0
NEG_05,Negombo,25,1,0.533,14.44,51.4,99.9,0.0
NEG_05,Negombo,26,1,0.508,14.53,45.6,99.9,0.0
NEG_06,Negombo,1,1,0.255,17.25,32.2,99.36,0.0
NEG_06,Negombo,2,1,0.273,17.04,31.3,99.23,0.0
NEG_06,Negombo,3,1,0.259,18.52,32.8,99.04,0.0
NEG_06,Negombo,4,1,0.29,18.19,39.7,99.29,0.0
NEG_06,Negombo,5,1,0.311,17.85,37.2,99.44,0.0
NEG_06,Negombo,6,1,0.299,17.83,35.7,99.2,0.0
NEG_06,Negombo,7,1,0.262,18.77,48.2,99.43,0.0
NEG_06,Negombo,8,1,0.315,18.46,40.7,99.53,0.0
NEG_06,Negombo,9,1,0.335,18.61,45.8,99.76,0.0
NEG_06,Negombo,10,1,0.169,18.57,36.5,98.86,0.0
NEG_06,Negombo,11,1,0.22,18.11,33.2,99.45,0.0
NEG_06,Negombo,12,1,0.164,18.84,39.3,99.51,0.0
NEG_06,Negombo,13,1,0.252,18.4,34.3,99.71,0.0
NEG_06,Negombo,14,1,0.303,19.6,34.7,99.78,0.0
NEG_06,Negombo,15,1,0.238,18.29,32.0,99.55,0.0
NEG_06,Negombo,16,1,0.269,18.77,42.2,99.41,0.0
NEG_06,Negombo,17,1,0.295,18.94,35.9,99.28,0.0
NEG_06,Negombo,18,1,0.294,18.7,39.3,99.63,0.0
NEG_06,Negombo,19,1,0.232,18.66,41.1,99.3,0.0
NEG_06,Negombo,20,1,0.294,18.02,36.8,99.85,0.0
NEG_06,Negombo,21,1,0.283,17.81,37.6,99.47,0.0
NEG_06,Negombo,22,1,0.34,17.57,32.5,99.4,0.0
NEG_06,Negombo,23,1,0.179,19.08,28.1,99.21,0.0
NEG_06,Negombo,24,1,0.184,18.0,39.4,99.57,0.0
NEG_06,Negombo,25,1,0.328,18.76,28.0,99.5,0.0
NEG_06,Negombo,26,1,0.161,18.09,34.6,99.28,0.0
NEG_07,Negombo,1,0,0.574,12.39,74.6,98.76,0.0
NEG_07,Negombo,2,0,0.548,12.42,65.8,99.11,0.0
NEG_07,Negombo,3,0,0.475,12.94,69.8,99.05,0.0
NEG_07,Negombo,4,0,0.565,11.79,59.5,98.88,0.0
NEG_07,Negombo,5,0,0.506,13.91,65.8,99.29,0.0
NEG_07,Negombo,6,0,0.571,13.68,67.2,99.19,0.0
NEG_07,Negombo,7,0,0.509,11.9,62.7,98.83,0.0
NEG_07,Negombo,8,0,0.606,12.59,66.1,99.03,0.0
NEG_07,Negombo,9,0,0.487,12.4,66.5,99.19,0.0
NEG_07,Negombo,10,0,0.575,11.43,67.6,99.37,0.0
NEG_07,Negombo,11,0,0.459,12.27,67.4,99.3,0.0
NEG_07,Negombo,12,0,0.557,12.28,68.7,99.29,0.0
NEG_07,Negombo,13,0,0.544,13.53,68.4,98.76,0.0
NEG_07,Negombo,14,0,0.474,12.34,65.9,99.18,0.0
NEG_07,Negombo,15,0,0.542,13.45,70.0,99.4,0.0
NEG_07,Negombo,16,0,0.475,12.16,69.5,99.05,0.0
NEG_07,Negombo,17,0,0.559,12.57,64.2,99.45,0.0
NEG_07,Negombo,18,0,0.589,11.49,64.3,99.03,0.0
NEG_07,Negombo,19,0,0.562,12.38,61.3,99.24,0.0
NEG_07,Negombo,20,0,0.509,13.14,67.9,99.28,0.0
NEG_07,Negombo,21,0,0.571,12.95,64.7,99.29,0.0
NEG_07,Negombo,22,0,0.533,11.67,65.2,98.95,0.0
NEG_07,Negombo,23,0,0.549,12.83,62.3,99.21,0.0
NEG_07,Negombo,24,0,0.517,11.79,70.1,98.84,0.0
NEG_07,Negombo,25,0,0.45,12.88,70.4,98.87,0.0
NEG_07,Negombo,26,0,0.585,13.02,64.7,99.53,0.0
NEG_08,Negombo,1,1,0.344,15.86,19.3,99.54,0.0
NEG_08,Negombo,2,1,0.27,15.52,14.8,98.31,0.0
NEG_08,Negombo,3,1,0.403,15.12,19.2,98.86,0.0
NEG_08,Negombo,4,1,0.459,15.13,14.9,98.97,0.0
NEG_08,Negombo,5,1,0.501,15.75,8.1,99.35,0.0
NEG_08,Negombo,6,1,0.403,15.01,18.0,99.1,0.0
NEG_08,Negombo,7,1,0.482,15.64,15.9,98.94,0.0
NEG_08,Negombo,8,1,0.391,15.58,16.6,99.16,0.0
NEG_08,Negombo,9,1,0.437,15.69,13.4,98.73,0.0
NEG_08,Negombo,10,1,0.465,15.48,16.6,98.85,0.0
NEG_08,Negombo,11,1,0.403,15.38,11.8,99.06,0.0
NEG_08,Negombo,12,1,0.504,15.42,20.8,99.15,0.0
NEG_08,Negombo,13,1,0.551,15.82,23.7,99.08,0.0
NEG_08,Negombo,14,1,0.444,15.97,11.6,98.96,0.0
NEG_08,Negombo,15,1,0.464,15.42,8.1,99.14,0.0
NEG_08,Negombo,16,1,0.431,15.18,14.4,99.03,0.0
NEG_08,Negombo,17,1,0.514,15.49,12.9,99.1,0.0
NEG_08,Negombo,18,1,0.512,15.67,18.7,99.05,0.0
NEG_08,Negombo,19,1,0.459,16.4,13.6,99.5,0.0
NEG_08,Negombo,20,1,0.501,14.95,8.2,99.24,0.0
NEG_08,Negombo,21,1,0.409,14.78,6.9,99.38,0.0
NEG_08,Negombo,22,1,0.457,15.22,15.3,99.15,0.0
NEG_08,Negombo,23,1,0.457,15.52,12.7,98.45,0.0
NEG_08,Negombo,24,1,0.495,15.46,13.9,99.48,0.0
NEG_08,Negombo,25,1,0.368,13.49,19.7,99.19,0.0
NEG_08,Negombo,26,1,0.354,14.97,16.2,98.79,0.0
NEG_09,Negombo,1,1,0.556,20.1,59.8,98.34,0.0
NEG_09,Negombo,2,1,0.663,20.35,59.7,98.57,0.0
NEG_09,Negombo,3,1,0.637,21.27,61.3,98.73,0.0
NEG_09,Negombo,4,1,0.601,20.1,59.0,98.44,0.0
NEG_09,Negombo,5,1,0.549,19.84,58.6,98.62,0.0
NEG_09,Negombo,6,1,0.603,20.71,62.8,99.15,0.0
NEG_09,Negombo,7,1,0.501,20.26,58.3,98.87,0.0
NEG_09,Negombo,8,1,0.54,19.3,60.4,99.12,0.0
NEG_09,Negombo,9,1,0.591,20.37,67.1,98.28,0.0
NEG_09,Negombo,10,1,0.499,19.51,60.4,98.58,0.0
NEG_09,Negombo,11,1,0.579,20.9,67.6,99.34,0.0
NEG_09,Negombo,12,1,0.518,20.29,65.7,98.47,0.0
NEG_09,Negombo,13,1,0.53,20.54,60.2,98.79,0.0
NEG_09,Negombo,14,1,0.62,19.63,54.6,98.7,0.0
NEG_09,Negombo,15,1,0.485,20.4,61.9,98.75,0.0
NEG_09,Negombo,16,1,0.615,20.78,62.2,98.38,0.0
NEG_09,Negombo,17,1,0.399,19.0,60.5,98.7,0.0
NEG_09,Negombo,18,1,0.506,19.93,57.3,98.26,0.0
NEG_09,Negombo,19,1,0.443,20.65,55.7,98.84,0.0
NEG_09,Negombo,20,1,0.492,20.59,64.5,98.85,0.0
NEG_09,Negombo,21,1,0.615,19.8,59.6,98.55,0.0
NEG_09,Negombo,22,1,0.498,20.65,63.0,98.66,0.0
NEG_09,Negombo,23,1,0.568,19.97,67.7,98.2,0.0
NEG_09,Negombo,24,1,0.557,20.55,60.3,98.48,0.0
NEG_09,Negombo,25,1,0.596,20.05,55.7,98.32,0.0
NEG_09,Negombo,26,1,0.602,19.72,68.5,98.99,0.0
NEG_10,Negombo,1,0,0.346,15.83,33.5,98.45,0.0
NEG_10,Negombo,2,0,0.296,14.84,29.8,98.26,0.0
NEG_10,Negombo,3,0,0.43,16.02,41.3,98.48,0.0
NEG_10,Negombo,4,0,0.457,15.62,36.4,98.49,0.0
NEG_10,Negombo,5,0,0.462,15.84,35.8,98.7,0.0
NEG_10,Negombo,6,0,0.374,14.62,36.6,98.5,0.0
NEG_10,Negombo,7,0,0.408,15.64,44.2,98.2,0.0
NEG_10,Negombo,8,0,0.349,15.62,35.3,98.17,0.0
NEG_10,Negombo,9,0,0.398,16.09,31.6,98.35,0.0
NEG_10,Negombo,10,0,0.419,15.27,33.6,98.03,0.0
NEG_10,Negombo,11,0,0.477,15.35,32.3,97.86,0.0
NEG_10,Negombo,12,0,0.395,15.16,39.2,98.29,0.0
NEG_10,Negombo,13,0,0.452,14.86,28.3,98.27,0.0
NEG_10,Negombo,14,0,0.34,16.58,31.7,98.35,0.0
NEG_10,Negombo,15,0,0.439,15.81,36.3,98.15,0.0
NEG_10,Negombo,16,0,0.443,16.61,34.1,98.35,0.0
NEG_10,Negombo,17,0,0.401,15.93,35.9,98.25,0.0
NEG_10,Negombo,18,0,0.321,15.99,32.6,98.43,0.0
NEG_10,Negombo,19,0,0.423,16.83,28.5,98.07,0.0
NEG_10,Negombo,20,0,0.46,15.29,34.5,98.31,0.0
NEG_10,Negombo,21,0,0.305,16.29,38.6,98.36,0.0
NEG_10,Negombo,22,0,0.338,16.36,29.1,98.28,0.0
NEG_10,Negombo,23,0,0.445,15.43,26.6,98.28,0.0
NEG_10,Negombo,24,0,0.418,15.39,30.2,98.49,0.0
NEG_10,Negombo,25,0,0.415,15.62,30.9,98.35,0.0
NEG_10,Negombo,26,0,0.426,15.79,27.8,98.22,0.0
NEG_11,Negombo,1,1,0.33,14.37,54.9,99.21,0.0
NEG_11,Negombo,2,1,0.353,15.64,60.3,99.13,0.0
NEG_11,Negombo,3,1,0.403,14.29,62.1,99.41,0.0
NEG_11,Negombo,4,1,0.526,13.93,57.9,99.19,0.0
NEG_11,Negombo,5,1,0.375,14.98,54.4,99.04,0.0
NEG_11,Negombo,6,1,0.375,15.13,53.8,98.84,0.0
NEG_11,Negombo,7,1,0.424,15.06,62.4,98.98,0.0
NEG_11,Negombo,8,1,0.346,14.7,59.9,99.19,0.0
NEG_11,Negombo,9,1,0.354,15.15,56.5,99.09,0.0
NEG_11,Negombo,10,1,0.332,14.27,58.6,99.17,0.0
NEG_11,Negombo,11,1,0.332,15.39,59.3,99.14,0.0
NEG_11,Negombo,12,1,0.43,14.25,58.1,99.2,0.0
NEG_11,Negombo,13,1,0.324,14.34,58.5,98.88,0.0
NEG_11,Negombo,14,1,0.335,14.71,59.2,99.29,0.0
NEG_11,Negombo,15,1,0.492,14.95,57.6,99.19,0.0
NEG_11,Negombo,16,1,0.357,14.82,57.0,99.58,0.0
NEG_11,Negombo,17,1,0.294,14.93,60.1,98.95,0.0
NEG_11,Negombo,18,1,0.393,14.88,55.7,99.77,0.0
NEG_11,Negombo,19,1,0.398,14.38,56.3,99.04,0.0
NEG_11,Negombo,20,1,2.119,13.01,51.7,97.46,331.0
NEG_11,Negombo,21,1,4.079,13.18,51.1,95.36,357.0
NEG_11,Negombo,22,1,5.88,11.82,47.5,93.86,116.0
NEG_11,Negombo,23,1,5.855,11.9,46.0,94.18,159.0
NEG_11,Negombo,24,1,5.884,11.04,47.4,94.33,185.0
NEG_11,Negombo,25,1,5.893,10.88,48.1,94.43,0.0
NEG_11,Negombo,26,1,5.917,11.09,45.2,94.24,327.0
NEG_12,Negombo,1,1,0.538,11.55,53.5,99.05,0.0
NEG_12,Negombo,2,1,0.514,11.86,46.4,98.9,0.0
NEG_12,Negombo,3,1,0.549,12.45,56.7,98.88,0.0
NEG_12,Negombo,4,1,0.531,11.58,52.2,99.53,0.0
NEG_12,Negombo,5,1,0.423,11.59,45.3,99.24,0.0
NEG_12,Negombo,6,1,0.536,12.47,52.6,99.25,0.0
NEG_12,Negombo,7,1,0.593,12.23,54.7,98.29,0.0
NEG_12,Negombo,8,1,0.54,10.67,58.2,99.12,0.0
NEG_12,Negombo,9,1,0.582,11.82,55.4,98.86,0.0
NEG_12,Negombo,10,1,0.693,11.69,53.9,98.65,0.0
NEG_12,Negombo,11,1,0.546,11.56,53.9,98.88,0.0
NEG_12,Negombo,12,1,0.579,10.92,54.7,98.63,0.0
NEG_12,Negombo,13,1,0.533,11.14,57.9,99.11,0.0
NEG_12,Negombo,14,1,0.586,10.9,53.1,99.19,0.0
NEG_12,Negombo,15,1,0.653,10.72,53.0,99.02,0.0
NEG_12,Negombo,16,1,0.602,11.56,57.2,98.65,0.0
NEG_12,Negombo,17,1,0.67,10.91,54.9,99.12,0.0
NEG_12,Negombo,18,1,0.648,12.07,58.0,99.3,0.0
NEG_12,Negombo,19,1,0.573,11.99,60.5,98.82,0.0
NEG_12,Negombo,20,1,0.502,10.99,60.0,99.29,0.0
NEG_12,Negombo,21,1,0.562,11.7,56.5,99.25,0.0
NEG_12,Negombo,22,1,0.475,11.24,53.7,99.08,0.0
NEG_12,Negombo,23,1,0.587,11.38,55.8,98.39,0.0
NEG_12,Negombo,24,1,0.758,12.04,58.1,98.84,0.0
NEG_12,Negombo,25,1,0.606,12.74,61.6,99.02,0.0
NEG_12,Negombo,26,1,0.512,11.66,53.6,99.2,0.0
RAT_01,Ratnapura,1,1,0.204,13.77,50.2,98.2,0.0
RAT_01,Ratnapura,2,1,0.241,14.44,47.9,98.14,0.0
RAT_01,Ratnapura,3,1,0.282,13.84,49.4,98.3,0.0
RAT_01,Ratnapura,4,1,0.229,13.7,45.5,98.36,0.0
RAT_01,Ratnapura,5,1,0.297,13.5,46.3,98.34,0.0
RAT_01,Ratnapura,6,1,0.338,14.12,54.5,98.28,0.0
RAT_01,Ratnapura,7,1,0.317,13.79,43.2,98.3,0.0
RAT_01,Ratnapura,8,1,0.303,14.16,47.6,98.19,0.0
RAT_01,Ratnapura,9,1,0.228,13.8,48.8,98.5,0.0
RAT_01,Ratnapura,10,1,0.086,14.32,51.2,98.57,0.0
RAT_01,Ratnapura,11,1,0.297,14.36,45.3,98.25,0.0
RAT_01,Ratnapura,12,1,0.305,13.34,44.0,98.32,0.0
RAT_01,Ratnapura,13,1,0.199,14.0,41.4,98.32,0.0
RAT_01,Ratnapura,14,1,0.277,13.65,43.4,98.15,0.0
RAT_01,Ratnapura,15,1,0.146,13.74,47.5,98.56,0.0
RAT_01,Ratnapura,16,1,0.246,13.87,52.4,98.69,0.0
RAT_01,Ratnapura,17,1,0.247,14.58,51.5,98.39,0.0
RAT_01,Ratnapura,18,1,0.218,13.43,49.3,98.83,0.0
RAT_01,Ratnapura,19,1,0.265,14.87,54.3,97.97,0.0
RAT_01,Ratnapura,20,1,0.241,14.84,50.8,98.4,0.0
RAT_01,Ratnapura,21,1,0.275,14.34,44.6,98.87,0.0
RAT_01,Ratnapura,22,1,0.209,12.94,47.6,98.62,0.0
RAT_01,Ratnapura,23,1,0.247,13.94,43.1,98.25,0.0
RAT_01,Ratnapura,24,1,0.217,13.4,41.4,98.14,0.0
RAT_01,Ratnapura,25,1,0.382,13.94,47.8,98.81,0.0
RAT_01,Ratnapura,26,1,0.239,13.4,49.0,97.97,0.0
RAT_02,Ratnapura,1,1,0.452,17.46,29.0,98.03,0.0
RAT_02,Ratnapura,2,1,0.583,16.99,31.5,98.13,0.0
RAT_02,Ratnapura,3,1,0.478,16.53,33.7,98.13,0.0
RAT_02,Ratnapura,4,1,0.564,16.65,28.3,98.35,0.0
RAT_02,Ratnapura,5,1,0.497,16.95,29.7,97.92,0.0
RAT_02,Ratnapura,6,1,0.494,15.8,30.8,98.56,0.0
RAT_02,Ratnapura,7,1,0.542,17.82,28.6,98.35,0.0
RAT_02,Ratnapura,8,1,0.468,17.27,29.8,97.42,0.0
RAT_02,Ratnapura,9,1,0.544,17.59,33.4,98.0,0.0
RAT_02,Ratnapura,10,1,0.531,17.6,21.6,97.81,0.0
RAT_02,Ratnapura,11,1,0.494,16.94,30.1,98.08,0.0
RAT_02,Ratnapura,12,1,0.577,16.23,24.9,98.0,0.0
RAT_02,Ratnapura,13,1,0.412,16.99,30.1,97.91,0.0
RAT_02,Ratnapura,14,1,0.512,18.08,34.4,98.71,0.0
RAT_02,Ratnapura,15,1,0.557,17.31,37.0,98.4,0.0
RAT_02,Ratnapura,16,1,0.599,17.22,22.1,97.95,0.0
RAT_02,Ratnapura,17,1,0.502,17.65,29.4,98.47,0.0
RAT_02,Ratnapura,18,1,0.425,16.92,34.0,98.25,0.0
RAT_02,Ratnapura,19,1,0.497,18.14,34.4,98.04,0.0
RAT_02,Ratnapura,20,1,0.503,16.35,30.2,98.33,0.0
RAT_02,Ratnapura,21,1,0.391,18.24,37.9,98.35,0.0
RAT_02,Ratnapura,22,1,0.545,18.2,29.6,98.49,0.0
RAT_02,Ratnapura,23,1,0.514,16.45,26.8,98.1,0.0
RAT_02,Ratnapura,24,1,0.554,17.39,34.1,98.12,0.0
RAT_02,Ratnapura,25,1,0.418,18.53,40.8,98.33,0.0
RAT_02,Ratnapura,26,1,0.481,18.02,26.0,98.19,0.0
RAT_03,Ratnapura,1,0,0.209,16.42,45.8,98.63,0.0
RAT_03,Ratnapura,2,0,0.207,15.67,45.4,98.27,0.0
RAT_03,Ratnapura,3,0,0.301,14.53,50.0,98.5,0.0
RAT_03,Ratnapura,4,0,0.257,15.76,46.3,98.5,0.0
RAT_03,Ratnapura,5,0,0.26,15.22,47.7,98.56,0.0
RAT_03,Ratnapura,6,0,0.278,15.73,47.9,98.21,0.0
RAT_03,Ratnapura,7,0,0.23,14.63,46.4,98.57,0.0
RAT_03,Ratnapura,8,0,0.235,15.19,50.6,98.37,0.0
RAT_03,Ratnapura,9,0,0.265,15.99,49.8,98.32,0.0
RAT_03,Ratnapura,10,0,0.209,16.72,47.3,98.15,0.0
RAT_03,Ratnapura,11,0,0.268,16.4,41.7,98.64,0.0
RAT_03,Ratnapura,12,0,0.249,16.86,49.7,98.31,0.0
RAT_03,Ratnapura,13,0,0.329,16.45,45.8,98.39,0.0
RAT_03,Ratnapura,14,0,0.227,16.24,41.8,98.29,0.0
RAT_03,Ratnapura,15,0,0.135,16.05,38.6,98.08,0.0
RAT_03,Ratnapura,16,0,0.272,15.51,45.4,98.1,0.0
RAT_03,Ratnapura,17,0,0.23,14.71,48.4,98.52,0.0
RAT_03,Ratnapura,18,0,0.301,15.69,51.8,98.44,0.0
RAT_03,Ratnapura,19,0,0.312,15.94,47.3,98.15,0.0
RAT_03,Ratnapura,20,0,0.106,16.08,46.7,98.8,0.0
RAT_03,Ratnapura,21,0,0.144,16.2,43.5,98.33,0.0
RAT_03,Ratnapura,22,0,0.206,15.92,47.0,98.54,0.0
RAT_03,Ratnapura,23,0,0.265,15.99,52.0,98.45,0.0
RAT_03,Ratnapura,24,0,0.249,16.42,46.7,98.43,0.0
RAT_03,Ratnapura,25,0,0.239,15.34,35.7,98.5,0.0
RAT_03,Ratnapura,26,0,0.191,16.14,54.0,98.02,0.0
RAT_04,Ratnapura,1,0,0.65,15.51,50.9,97.72,0.0
RAT_04,Ratnapura,2,0,0.695,14.22,49.5,97.83,0.0
RAT_04,Ratnapura,3,0,0.595,14.69,47.6,97.78,0.0
RAT_04,Ratnapura,4,0,0.676,15.2,51.4,97.88,0.0
RAT_04,Ratnapura,5,0,0.555,14.87,47.8,97.84,0.0
RAT_04,Ratnapura,6,0,0.543,13.93,49.9,97.81,0.0
RAT_04,Ratnapura,7,0,0.536,14.25,50.0,97.7,0.0
RAT_04,Ratnapura,8,0,0.531,14.21,52.4,98.08,0.0
RAT_04,Ratnapura,9,0,0.579,14.13,49.7,98.27,0.0
RAT_04,Ratnapura,10,0,0.621,13.74,49.6,97.69,0.0
RAT_04,Ratnapura,11,0,0.548,13.33,49.9,97.49,0.0
RAT_04,Ratnapura,12,0,0.535,15.15,53.6,97.61,0.0
RAT_04,Ratnapura,13,0,0.51,13.77,42.6,97.58,0.0
RAT_04,Ratnapura,14,0,0.553,13.69,52.7,97.8,0.0
RAT_04,Ratnapura,15,0,0.539,15.29,52.5,97.83,0.0
RAT_04,Ratnapura,16,0,0.674,15.04,47.1,97.89,0.0
RAT_04,Ratnapura,17,0,0.544,13.47,57.0,98.17,0.0
RAT_04,Ratnapura,18,0,0.496,14.57,43.5,98.07,0.0
RAT_04,Ratnapura,19,0,0.566,14.12,54.6,97.82,0.0
RAT_04,Ratnapura,20,0,0.554,14.81,48.6,98.02,0.0
RAT_04,Ratnapura,21,0,0.569,14.76,52.2,98.0,0.0
RAT_04,Ratnapura,22,0,0.511,15.37,49.2,98.23,0.0
RAT_04,Ratnapura,23,0,0.535,14.13,48.8,98.09,0.0
RAT_04,Ratnapura,24,0,0.545,14.53,43.8,97.7,0.0
RAT_04,Ratnapura,25,0,0.582,14.23,42.6,97.93,0.0
RAT_04,Ratnapura,26,0,0.513,15.41,49.1,98.36,0.0
RAT_05,Ratnapura,1,0,0.601,15.04,37.3,97.88,0.0
RAT_05,Ratnapura,2,0,0.569,16.14,39.4,98.62,0.0
RAT_05,Ratnapura,3,0,0.522,15.8,43.0,98.44,0.0
RAT_05,Ratnapura,4,0,0.572,16.13,37.4,98.6,0.0
RAT_05,Ratnapura,5,0,0.556,15.42,47.7,98.44,0.0
RAT_05,Ratnapura,6,0,0.642,16.33,30.5,98.6,0.0
RAT_05,Ratnapura,7,0,0.603,16.18,34.8,98.6,0.0
RAT_05,Ratnapura,8,0,0.474,15.11,37.4,98.58,0.0
RAT_05,Ratnapura,9,0,0.636,15.92,42.4,98.25,0.0
RAT_05,Ratnapura,10,0,0.476,15.43,45.1,98.22,0.0
RAT_05,Ratnapura,11,0,0.451,15.67,42.9,98.14,0.0
RAT_05,Ratnapura,12,0,0.528,14.92,43.9,98.71,0.0
RAT_05,Ratnapura,13,0,0.559,15.68,37.4,98.57,0.0
RAT_05,Ratnapura,14,0,0.505,15.19,34.0,98.54,0.0
RAT_05,Ratnapura,15,0,0.497,16.22,30.1,98.68,0.0
RAT_05,Ratnapura,16,0,0.574,16.42,37.3,98.17,0.0
RAT_05,Ratnapura,17,0,0.489,16.37,37.1,98.44,0.0
RAT_05,Ratnapura,18,0,0.509,15.67,37.4,98.16,0.0
RAT_05,Ratnapura,19,0,0.508,16.3,43.9,98.51,0.0
RAT_05,Ratnapura,20,0,0.513,16.5,37.6,98.25,0.0
RAT_05,Ratnapura,21,0,0.535,16.11,44.4,98.42,0.0
RAT_05,Ratnapura,22,0,0.574,15.51,42.7,98.6,0.0
RAT_05,Ratnapura,23,0,0.558,15.13,37.1,98.46,0.0
RAT_05,Ratnapura,24,0,0.332,16.21,38.3,98.49,0.0
RAT_05,Ratnapura,25,0,0.521,15.72,39.2,98.22,0.0
RAT_05,Ratnapura,26,0,0.55,15.77,38.4,98.18,0.0
RAT_06,Ratnapura,1,1,0.394,10.97,38.8,99.3,0.0
RAT_06,Ratnapura,2,1,0.387,10.97,53.3,99.17,0.0
RAT_06,Ratnapura,3,1,0.355,11.63,44.7,99.46,0.0
RAT_06,Ratnapura,4,1,0.443,11.29,45.5,99.73,0.0
RAT_06,Ratnapura,5,1,0.52,10.69,47.5,99.73,0.0
RAT_06,Ratnapura,6,1,0.42,10.7,46.9,99.71,0.0
RAT_06,Ratnapura,7,1,0.374,11.43,50.0,99.35,0.0
RAT_06,Ratnapura,8,1,0.465,11.67,52.4,99.73,0.0
RAT_06,Ratnapura,9,1,0.346,11.8,50.8,99.74,0.0
RAT_06,Ratnapura,10,1,0.383,11.81,50.0,99.22,0.0
RAT_06,Ratnapura,11,1,0.507,10.83,44.6,99.6,0.0
RAT_06,Ratnapura,12,1,0.397,11.49,47.6,99.57,0.0
RAT_06,Ratnapura,13,1,0.48,11.26,51.9,99.71,0.0
RAT_06,Ratnapura,14,1,0.384,11.78,51.0,99.54,0.0
RAT_06,Ratnapura,15,1,0.498,12.25,51.5,99.15,0.0
RAT_06,Ratnapura,16,1,0.459,11.21,47.5,99.59,0.0
RAT_06,Ratnapura,17,1,0.414,12.23,49.6,99.51,0.0
RAT_06,Ratnapura,18,1,0.479,11.75,53.2,99.66,0.0
RAT_06,Ratnapura,19,1,0.431,11.36,40.2,99.15,0.0
RAT_06,Ratnapura,20,1,0.493,11.1,55.6,99.9,0.0
RAT_06,Ratnapura,21,1,0.36,11.47,59.8,99.32,0.0
RAT_06,Ratnapura,22,1,2.224,8.83,48.3,97.89,0.0
RAT_06,Ratnapura,23,1,3.967,7.09,46.8,96.54,0.0
RAT_06,Ratnapura,24,1,5.695,4.63,51.8,94.68,0.0
RAT_06,Ratnapura,25,1,5.744,3.9,47.3,95.15,0.0
RAT_06,Ratnapura,26,1,5.63,4.65,53.3,94.72,0.0
RAT_07,Ratnapura,1,1,0.635,17.28,25.2,98.49,0.0
RAT_07,Ratnapura,2,1,0.625,16.41,21.3,98.88,0.0
RAT_07,Ratnapura,3,1,0.463,16.65,33.8,98.28,0.0
RAT_07,Ratnapura,4,1,0.628,16.31,26.4,98.75,0.0
RAT_07,Ratnapura,5,1,0.638,16.84,24.9,98.65,0.0
RAT_07,Ratnapura,6,1,0.576,17.52,23.2,99.07,0.0
RAT_07,Ratnapura,7,1,0.621,15.68,32.3,98.96,0.0
RAT_07,Ratnapura,8,1,0.731,17.86,27.0,98.93,0.0
RAT_07,Ratnapura,9,1,0.542,16.04,31.1,98.91,0.0
RAT_07,Ratnapura,10,1,0.578,16.75,30.6,99.2,0.0
RAT_07,Ratnapura,11,1,0.601,16.73,28.4,99.48,0.0
RAT_07,Ratnapura,12,1,0.48,16.17,29.8,99.01,0.0
RAT_07,Ratnapura,13,1,0.673,17.62,35.7,98.78,0.0
RAT_07,Ratnapura,14,1,0.637,16.71,31.8,99.02,0.0
RAT_07,Ratnapura,15,1,0.653,16.41,28.6,98.85,0.0
RAT_07,Ratnapura,16,1,0.586,16.58,23.9,99.25,0.0
RAT_07,Ratnapura,17,1,0.619,17.49,24.1,98.5,0.0
RAT_07,Ratnapura,18,1,0.564,16.76,31.1,99.23,0.0
RAT_07,Ratnapura,19,1,0.673,17.76,30.8,99.0,0.0
RAT_07,Ratnapura,20,1,0.557,17.25,26.0,98.78,0.0
RAT_07,Ratnapura,21,1,0.636,16.98,31.3,98.8,0.0
RAT_07,Ratnapura,22,1,0.671,17.06,27.3,98.79,0.0
RAT_07,Ratnapura,23,1,0.538,16.05,33.5,98.63,0.0
RAT_07,Ratnapura,24,1,0.639,16.71,25.7,98.86,0.0
RAT_07,Ratnapura,25,1,0.596,17.38,30.2,98.97,0.0
RAT_07,Ratnapura,26,1,0.521,15.8,35.3,98.73,0.0
RAT_08,Ratnapura,1,0,0.167,17.33,25.3,99.11,0.0
RAT_08,Ratnapura,2,0,0.267,17.01,16.9,99.23,0.0
RAT_08,Ratnapura,3,0,0.226,17.92,33.5,99.15,0.0
RAT_08,Ratnapura,4,0,0.274,16.92,28.9,99.22,0.0
RAT_08,Ratnapura,5,0,0.254,17.98,20.8,99.27,0.0
RAT_08,Ratnapura,6,0,0.266,18.38,18.2,99.11,0.0
RAT_08,Ratnapura,7,0,0.368,17.2,23.6,99.57,0.0
RAT_08,Ratnapura,8,0,0.387,17.51,22.5,98.99,0.0
RAT_08,Ratnapura,9,0,0.216,16.95,22.1,99.18,0.0
RAT_08,Ratnapura,10,0,0.241,17.72,25.4,98.84,0.0
RAT_08,Ratnapura,11,0,0.283,17.59,23.0,99.07,0.0
RAT_08,Ratnapura,12,0,0.258,17.49,24.8,99.32,0.0
RAT_08,Ratnapura,13,0,0.302,17.26,25.2,98.86,0.0
RAT_08,Ratnapura,14,0,0.229,17.72,28.7,99.17,0.0
RAT_08,Ratnapura,15,0,0.234,17.02,26.1,98.86,0.0
RAT_08,Ratnapura,16,0,0.247,17.45,21.7,99.21,0.0
RAT_08,Ratnapura,17,0,0.226,17.8,23.4,99.25,0.0
RAT_08,Ratnapura,18,0,0.331,17.55,28.4,98.97,0.0
RAT_08,Ratnapura,19,0,0.218,16.33,24.7,98.86,0.0
RAT_08,Ratnapura,20,0,0.246,16.23,21.9,99.15,0.0
RAT_08,Ratnapura,21,0,0.945,15.7,32.3,99.26,0.0
RAT_08,Ratnapura,22,0,1.651,16.0,31.8,97.91,0.0
RAT_08,Ratnapura,23,0,2.318,15.27,53.0,97.88,0.0
RAT_08,Ratnapura,24,0,2.293,15.63,44.2,98.25,0.0
RAT_08,Ratnapura,25,0,2.27,14.75,57.1,97.79,0.0
RAT_08,Ratnapura,26,0,2.345,14.77,52.4,97.81,0.0
RAT_09,Ratnapura,1,0,0.322,14.13,45.6,98.4,0.0
RAT_09,Ratnapura,2,0,0.257,13.14,41.4,98.34,0.0
RAT_09,Ratnapura,3,0,0.415,15.33,47.3,98.19,0.0
RAT_09,Ratnapura,4,0,0.215,13.85,37.6,98.76,0.0
RAT_09,Ratnapura,5,0,0.303,13.75,41.1,98.72,0.0
RAT_09,Ratnapura,6,0,0.241,14.27,35.9,98.36,0.0
RAT_09,Ratnapura,7,0,0.258,14.17,41.7,98.71,0.0
RAT_09,Ratnapura,8,0,0.337,13.63,35.9,98.21,0.0
RAT_09,Ratnapura,9,0,0.271,13.85,38.1,98.68,0.0
RAT_09,Ratnapura,10,0,0.351,13.82,39.2,98.35,0.0
RAT_09,Ratnapura,11,0,0.294,13.97,34.8,98.31,0.0
RAT_09,Ratnapura,12,0,0.186,14.0,43.7,98.15,0.0
RAT_09,Ratnapura,13,0,0.306,13.62,38.4,98.89,0.0
RAT_09,Ratnapura,14,0,0.349,14.27,39.4,98.51,0.0
RAT_09,Ratnapura,15,0,0.285,14.25,37.6,98.39,0.0
RAT_09,Ratnapura,16,0,0.273,13.15,47.7,98.61,0.0
RAT_09,Ratnapura,17,0,0.25,13.12,38.2,98.21,0.0
RAT_09,Ratnapura,18,0,0.26,13.09,37.8,98.43,0.0
RAT_09,Ratnapura,19,0,0.32,12.82,41.1,98.17,0.0
RAT_09,Ratnapura,20,0,0.235,13.79,38.4,98.58,0.0
RAT_09,Ratnapura,21,0,0.337,13.8,38.6,98.85,0.0
RAT_09,Ratnapura,22,0,0.406,14.21,40.5,98.66,0.0
RAT_09,Ratnapura,23,0,0.382,13.67,48.2,98.37,0.0
RAT_09,Ratnapura,24,0,0.361,13.68,41.3,98.3,0.0
RAT_09,Ratnapura,25,0,0.298,14.58,37.5,98.34,0.0
RAT_09,Ratnapura,26,0,0.328,13.71,49.1,98.05,0.0
RAT_10,Ratnapura,1,0,0.781,12.86,58.8,99.9,0.0
RAT_10,Ratnapura,2,0,0.867,13.69,52.8,99.9,0.0
RAT_10,Ratnapura,3,0,0.697,12.91,52.3,99.28,0.0
RAT_10,Ratnapura,4,0,0.855,12.8,60.4,99.33,0.0
RAT_10,Ratnapura,5,0,0.728,12.76,53.9,99.74,0.0
RAT_10,Ratnapura,6,0,0.763,12.62,52.0,99.9,0.0
RAT_10,Ratnapura,7,0,0.782,12.12,59.2,99.84,0.0
RAT_10,Ratnapura,8,0,0.813,12.95,55.0,99.69,0.0
RAT_10,Ratnapura,9,0,0.669,11.89,51.6,99.79,0.0
RAT_10,Ratnapura,10,0,0.873,12.72,55.5,99.9,0.0
RAT_10,Ratnapura,11,0,0.779,13.21,58.2,99.39,0.0
RAT_10,Ratnapura,12,0,0.819,12.94,52.0,99.46,0.0
RAT_10,Ratnapura,13,0,0.725,13.64,64.9,99.89,0.0
RAT_10,Ratnapura,14,0,0.894,12.02,62.1,99.9,0.0
RAT_10,Ratnapura,15,0,0.897,12.26,60.8,99.69,0.0
RAT_10,Ratnapura,16,0,0.865,12.44,56.6,99.58,0.0
RAT_10,Ratnapura,17,0,0.829,12.76,61.0,99.9,0.0
RAT_10,Ratnapura,18,0,0.825,12.8,55.3,99.72,0.0
RAT_10,Ratnapura,19,0,0.845,12.9,57.7,99.71,0.0
RAT_10,Ratnapura,20,0,0.796,12.42,49.0,99.86,0.0
RAT_10,Ratnapura,21,0,0.834,12.24,64.1,99.43,0.0
RAT_10,Ratnapura,22,0,0.86,12.97,57.8,99.9,0.0
RAT_10,Ratnapura,23,0,0.856,12.84,52.3,99.41,0.0
RAT_10,Ratnapura,24,0,0.812,13.77,60.0,99.71,0.0
RAT_10,Ratnapura,25,0,0.82,13.23,63.4,99.53,0.0
RAT_10,Ratnapura,26,0,0.844,12.99,53.5,99.46,0.0
RAT_11,Ratnapura,1,0,0.724,15.22,38.2,98.65,0.0
RAT_11,Ratnapura,2,0,0.572,15.16,46.2,99.1,0.0
RAT_11,Ratnapura,3,0,0.666,15.49,37.7,98.42,0.0
RAT_11,Ratnapura,4,0,0.65,15.47,39.0,98.56,0.0
RAT_11,Ratnapura,5,0,0.721,15.96,41.6,98.73,0.0
RAT_11,Ratnapura,6,0,0.704,15.59,42.3,98.28,0.0
RAT_11,Ratnapura,7,0,0.527,14.23,32.4,98.67,0.0
RAT_11,Ratnapura,8,0,0.648,14.85,43.1,98.78,0.0
RAT_11,Ratnapura,9,0,0.623,14.49,47.1,99.02,0.0
RAT_11,Ratnapura,10,0,0.593,16.53,41.5,98.48,0.0
RAT_11,Ratnapura,11,0,0.604,14.26,40.0,98.27,0.0
RAT_11,Ratnapura,12,0,0.696,15.56,35.8,98.82,0.0
RAT_11,Ratnapura,13,0,0.525,15.46,43.3,98.69,0.0
RAT_11,Ratnapura,14,0,0.561,15.3,40.6,98.69,0.0
RAT_11,Ratnapura,15,0,0.717,16.39,47.7,98.52,0.0
RAT_11,Ratnapura,16,0,0.583,15.38,43.1,98.16,0.0
RAT_11,Ratnapura,17,0,0.591,16.44,36.4,98.49,0.0
RAT_11,Ratnapura,18,0,0.586,15.66,41.1,98.59,0.0
RAT_11,Ratnapura,19,0,0.537,15.74,41.4,98.51,0.0
RAT_11,Ratnapura,20,0,0.629,15.84,35.4,98.29,0.0
RAT_11,Ratnapura,21,0,0.566,14.84,29.1,98.52,0.0
RAT_11,Ratnapura,22,0,0.695,15.17,45.4,97.95,0.0
RAT_11,Ratnapura,23,0,0.621,16.2,47.6,98.55,0.0
RAT_11,Ratnapura,24,0,0.578,15.6,36.5,98.58,0.0
RAT_11,Ratnapura,25,0,0.527,15.42,41.4,99.08,0.0
RAT_11,Ratnapura,26,0,0.649,14.97,41.0,98.35,0.0
RAT_12,Ratnapura,1,0,0.499,13.22,57.1,99.07,0.0
RAT_12,Ratnapura,2,0,0.603,14.41,53.4,99.32,0.0
RAT_12,Ratnapura,3,0,0.516,13.32,46.3,98.76,0.0
RAT_12,Ratnapura,4,0,0.487,13.52,52.5,99.4,0.0
RAT_12,Ratnapura,5,0,0.374,14.36,50.5,99.3,0.0
RAT_12,Ratnapura,6,0,0.483,13.93,49.5,99.52,0.0
RAT_12,Ratnapura,7,0,0.395,13.22,46.4,99.51,0.0
RAT_12,Ratnapura,8,0,0.435,15.09,37.1,99.08,0.0
RAT_12,Ratnapura,9,0,0.428,14.11,54.8,99.21,0.0
RAT_12,Ratnapura,10,0,0.394,14.45,55.7,98.61,0.0
RAT_12,Ratnapura,11,0,0.49,14.12,46.1,99.13,0.0
RAT_12,Ratnapura,12,0,0.472,13.96,48.5,98.96,0.0
RAT_12,Ratnapura,13,0,0.472,13.54,49.8,99.11,0.0
RAT_12,Ratnapura,14,0,0.467,14.39,50.4,99.42,0.0
RAT_12,Ratnapura,15,0,0.371,14.22,50.6,99.1,0.0
RAT_12,Ratnapura,16,0,0.445,12.26,49.8,99.15,0.0
RAT_12,Ratnapura,17,0,0.318,14.25,46.9,99.32,0.0
RAT_12,Ratnapura,18,0,0.44,14.23,49.8,99.18,0.0
RAT_12,Ratnapura,19,0,0.484,14.44,40.4,99.26,0.0
RAT_12,Ratnapura,20,0,0.419,13.27,54.7,99.49,0.0
RAT_12,Ratnapura,21,0,0.392,13.27,52.7,99.1,0.0
RAT_12,Ratnapura,22,0,0.435,12.75,48.9,99.54,0.0
RAT_12,Ratnapura,23,0,0.427,13.87,56.4,99.47,0.0
RAT_12,Ratnapura,24,0,0.54,14.32,54.3,98.84,0.0
RAT_12,Ratnapura,25,0,0.405,12.94,58.4,99.3,0.0
RAT_12,Ratnapura,26,0,0.447,13.49,45.4,98.55,0.0
TRI_01,Trincomalee,1,1,0.758,14.63,41.3,97.69,0.0
TRI_01,Trincomalee,2,1,0.816,14.6,46.2,97.58,0.0
TRI_01,Trincomalee,3,1,0.703,14.59,43.1,97.37,0.0
TRI_01,Trincomalee,4,1,0.809,13.3,42.5,97.8,0.0
TRI_01,Trincomalee,5,1,0.82,14.04,44.9,97.74,0.0
TRI_01,Trincomalee,6,1,0.759,13.8,46.4,97.65,0.0
TRI_01,Trincomalee,7,1,0.769,14.93,45.9,97.49,0.0
TRI_01,Trincomalee,8,1,0.773,15.43,41.8,97.54,0.0
TRI_01,Trincomalee,9,1,0.715,14.47,39.6,97.72,0.0
TRI_01,Trincomalee,10,1,0.808,13.8,41.3,97.24,0.0
TRI_01,Trincomalee,11,1,0.765,13.59,42.2,97.5,0.0
TRI_01,Trincomalee,12,1,0.721,14.76,51.1,97.08,0.0
TRI_01,Trincomalee,13,1,0.714,14.41,40.5,97.47,0.0
TRI_01,Trincomalee,14,1,0.775,15.1,49.4,97.53,0.0
TRI_01,Trincomalee,15,1,0.771,14.04,44.0,97.31,0.0
TRI_01,Trincomalee,16,1,0.657,14.04,48.6,97.8,0.0
TRI_01,Trincomalee,17,1,0.651,14.15,42.2,97.68,0.0
TRI_01,Trincomalee,18,1,0.697,14.81,43.9,97.75,0.0
TRI_01,Trincomalee,19,1,0.815,13.1,43.8,97.99,0.0
TRI_01,Trincomalee,20,1,0.764,14.89,46.4,97.48,0.0
TRI_01,Trincomalee,21,1,0.78,14.89,49.9,97.97,0.0
TRI_01,Trincomalee,22,1,0.697,14.76,39.2,97.58,0.0
TRI_01,Trincomalee,23,1,0.75,14.64,46.0,97.92,0.0
TRI_01,Trincomalee,24,1,0.726,14.77,46.3,97.61,0.0
TRI_01,Trincomalee,25,1,0.691,14.6,46.0,97.81,0.0
TRI_01,Trincomalee,26,1,0.761,14.11,46.3,97.72,0.0
TRI_02,Trincomalee,1,0,0.496,20.61,32.4,99.9,0.0
TRI_02,Trincomalee,2,0,0.486,18.73,39.1,99.9,0.0
TRI_02,Trincomalee,3,0,0.503,20.85,34.6,99.9,0.0
TRI_02,Trincomalee,4,0,0.485,18.83,36.3,99.55,0.0
TRI_02,Trincomalee,5,0,0.573,18.12,36.6,99.66,0.0
TRI_02,Trincomalee,6,0,0.488,19.53,35.0,99.69,0.0
TRI_02,Trincomalee,7,0,0.594,19.58,37.4,99.9,0.0
TRI_02,Trincomalee,8,0,0.541,19.91,34.3,99.9,0.0
TRI_02,Trincomalee,9,0,0.577,19.08,29.9,99.48,0.0
TRI_02,Trincomalee,10,0,0.489,19.74,35.4,99.73,0.0
TRI_02,Trincomalee,11,0,0.574,19.84,41.5,99.65,0.0
TRI_02,Trincomalee,12,0,0.578,19.83,32.1,99.83,0.0
TRI_02,Trincomalee,13,0,0.491,19.27,37.6,99.38,0.0
TRI_02,Trincomalee,14,0,0.493,18.92,36.3,99.62,0.0
TRI_02,Trincomalee,15,0,0.568,18.89,33.9,99.9,0.0
TRI_02,Trincomalee,16,0,0.564,19.5,35.8,99.9,0.0
TRI_02,Trincomalee,17,0,0.627,19.19,33.0,99.54,0.0
TRI_02,Trincomalee,18,0,0.649,18.87,30.7,99.87,0.0
TRI_02,Trincomalee,19,0,0.608,18.67,35.4,99.44,0.0
TRI_02,Trincomalee,20,0,0.504,20.38,36.6,99.73,0.0
TRI_02,Trincomalee,21,0,0.55,19.58,35.5,99.5,0.0
TRI_02,Trincomalee,22,0,0.475,20.61,32.9,99.9,0.0
TRI_02,Trincomalee,23,0,0.503,20.18,38.7,99.75,0.0
TRI_02,Trincomalee,24,0,0.665,18.85,35.0,99.59,0.0
TRI_02,Trincomalee,25,0,0.499,19.19,32.1,99.72,0.0
TRI_02,Trincomalee,26,0,0.64,18.37,30.9,99.56,0.0
TRI_03,Trincomalee,1,0,0.318,16.42,53.2,98.98,0.0
TRI_03,Trincomalee,2,0,0.371,16.61,48.1,98.86,0.0
TRI_03,Trincomalee,3,0,0.343,16.82,49.0,99.26,0.0
TRI_03,Trincomalee,4,0,0.412,18.21,51.2,98.95,0.0
TRI_03,Trincomalee,5,0,0.37,17.12,52.3,98.89,0.0
TRI_03,Trincomalee,6,0,0.267,16.94,56.0,98.45,0.0
TRI_03,Trincomalee,7,0,0.364,17.45,58.3,98.91,0.0
TRI_03,Trincomalee,8,0,0.412,18.15,58.4,98.82,0.0
TRI_03,Trincomalee,9,0,0.349,17.71,54.2,98.8,0.0
TRI_03,Trincomalee,10,0,0.371,17.3,52.5,98.87,0.0
TRI_03,Trincomalee,11,0,0.371,16.22,60.2,99.23,0.0
TRI_03,Trincomalee,12,0,0.475,17.03,53.8,99.07,0.0
TRI_03,Trincomalee,13,0,0.434,16.02,54.7,98.68,0.0
TRI_03,Trincomalee,14,0,0.381,16.71,60.1,99.06,0.0
TRI_03,Trincomalee,15,0,0.383,17.94,53.0,98.75,0.0
TRI_03,Trincomalee,16,0,0.374,16.89,53.5,99.14,0.0
TRI_03,Trincomalee,17,0,0.378,17.07,57.3,99.0,0.0
TRI_03,Trincomalee,18,0,0.441,17.19,48.1,98.65,0.0
TRI_03,Trincomalee,19,0,0.286,17.78,54.9,98.81,0.0
TRI_03,Trincomalee,20,0,0.326,17.32,52.8,99.01,0.0
TRI_03,Trincomalee,21,0,0.335,16.45,59.5,98.7,0.0
TRI_03,Trincomalee,22,0,0.384,17.9,46.0,99.11,0.0
TRI_03,Trincomalee,23,0,0.389,17.02,54.4,98.64,0.0
TRI_03,Trincomalee,24,0,0.253,18.23,52.2,99.15,0.0
TRI_03,Trincomalee,25,0,0.451,17.28,55.1,99.11,0.0
TRI_03,Trincomalee,26,0,0.479,17.4,58.3,98.86,0.0
TRI_04,Trincomalee,1,0,0.395,15.9,50.5,99.06,0.0
TRI_04,Trincomalee,2,0,0.421,14.52,44.9,99.01,0.0
TRI_04,Trincomalee,3,0,0.373,14.21,49.6,98.92,0.0
TRI_04,Trincomalee,4,0,0.356,13.67,48.5,99.41,0.0
TRI_04,Trincomalee,5,0,0.444,15.36,49.1,99.23,0.0
TRI_04,Trincomalee,6,0,0.352,14.45,51.2,98.62,0.0
TRI_04,Trincomalee,7,0,0.395,14.9,55.8,98.8,0.0
TRI_04,Trincomalee,8,0,0.417,14.33,47.0,98.31,0.0
TRI_04,Trincomalee,9,0,0.336,15.4,51.2,99.01,0.0
TRI_04,Trincomalee,10,0,0.538,15.04,44.3,98.92,0.0
TRI_04,Trincomalee,11,0,0.388,15.67,45.6,99.08,0.0
TRI_04,Trincomalee,12,0,0.45,14.24,49.5,98.48,0.0
TRI_04,Trincomalee,13,0,0.398,13.41,47.7,99.4,0.0
TRI_04,Trincomalee,14,0,0.416,14.75,49.8,99.51,0.0
TRI_04,Trincomalee,15,0,0.425,15.34,47.5,98.87,0.0
TRI_04,Trincomalee,16,0,0.33,14.62,46.4,99.22,0.0
TRI_04,Trincomalee,17,0,0.43,14.65,47.0,98.26,0.0
TRI_04,Trincomalee,18,0,0.357,14.9,51.8,98.21,0.0
TRI_04,Trincomalee,19,0,0.249,14.82,45.1,98.92,0.0
TRI_04,Trincomalee,20,0,0.364,15.07,41.8,98.83,0.0
TRI_04,Trincomalee,21,0,0.448,14.84,45.9,99.09,0.0
TRI_04,Trincomalee,22,0,0.409,14.19,51.9,99.14,0.0
TRI_04,Trincomalee,23,0,0.384,15.28,44.6,99.16,0.0
TRI_04,Trincomalee,24,0,0.38,14.17,46.8,99.26,0.0
TRI_04,Trincomalee,25,0,0.359,14.52,46.6,98.78,0.0
TRI_04,Trincomalee,26,0,0.449,16.04,54.5,99.1,0.0
TRI_05,Trincomalee,1,1,0.513,13.25,38.5,97.66,0.0
TRI_05,Trincomalee,2,1,0.557,13.73,43.0,97.49,0.0
TRI_05,Trincomalee,3,1,0.573,13.22,36.0,98.19,0.0
TRI_05,Trincomalee,4,1,0.593,13.4,39.7,97.79,0.0
TRI_05,Trincomalee,5,1,0.622,13.34,39.7,97.74,0.0
TRI_05,Trincomalee,6,1,0.556,13.54,35.3,97.82,0.0
TRI_05,Trincomalee,7,1,0.614,13.27,36.2,97.88,0.0
TRI_05,Trincomalee,8,1,0.511,14.15,40.5,97.23,0.0
TRI_05,Trincomalee,9,1,0.517,12.99,41.0,98.03,0.0
TRI_05,Trincomalee,10,1,0.485,13.23,37.4,97.7,0.0
TRI_05,Trincomalee,11,1,0.599,14.21,40.1,98.06,0.0
TRI_05,Trincomalee,12,1,0.611,13.59,36.0,97.61,0.0
TRI_05,Trincomalee,13,1,0.604,14.16,41.8,97.71,0.0
TRI_05,Trincomalee,14,1,0.533,13.79,42.7,97.88,0.0
TRI_05,Trincomalee,15,1,0.569,13.15,39.5,97.93,0.0
TRI_05,Trincomalee,16,1,0.5,14.67,34.1,98.02,0.0
TRI_05,Trincomalee,17,1,0.544,13.73,34.7,97.66,0.0
TRI_05,Trincomalee,18,1,0.598,13.52,36.4,98.01,0.0
TRI_05,Trincomalee,19,1,0.598,13.73,38.7,98.22,0.0
TRI_05,Trincomalee,20,1,0.546,13.87,39.4,97.45,0.0
TRI_05,Trincomalee,21,1,0.442,13.71,41.2,97.85,0.0
TRI_05,Trincomalee,22,1,0.525,13.25,41.0,97.72,0.0
TRI_05,Trincomalee,23,1,0.461,14.04,38.7,97.89,0.0
TRI_05,Trincomalee,24,1,0.618,14.42,40.0,97.75,0.0
TRI_05,Trincomalee,25,1,0.431,13.81,37.2,98.12,0.0
TRI_05,Trincomalee,26,1,0.632,13.92,43.2,97.78,0.0
TRI_06,Trincomalee,1,0,0.494,13.76,35.0,98.7,0.0
TRI_06,Trincomalee,2,0,0.448,12.97,48.1,99.06,0.0
TRI_06,Trincomalee,3,0,0.445,11.88,40.0,98.75,0.0
TRI_06,Trincomalee,4,0,0.461,11.85,46.3,98.58,0.0
TRI_06,Trincomalee,5,0,0.487,12.5,35.9,98.77,0.0
TRI_06,Trincomalee,6,0,0.448,12.27,43.4,98.64,0.0
TRI_06,Trincomalee,7,0,0.597,13.05,36.6,98.14,0.0
TRI_06,Trincomalee,8,0,0.521,12.53,40.6,98.52,0.0
TRI_06,Trincomalee,9,0,0.361,11.27,50.4,99.15,0.0
TRI_06,Trincomalee,10,0,0.414,13.49,32.9,98.93,0.0
TRI_06,Trincomalee,11,0,0.488,11.87,38.4,98.5,0.0
TRI_06,Trincomalee,12,0,0.449,13.15,44.2,98.86,0.0
TRI_06,Trincomalee,13,0,0.513,11.32,48.2,98.74,0.0
TRI_06,Trincomalee,14,0,0.368,12.15,37.7,98.78,0.0
TRI_06,Trincomalee,15,0,0.465,10.99,45.2,99.19,0.0
TRI_06,Trincomalee,16,0,0.385,13.25,45.2,99.01,0.0
TRI_06,Trincomalee,17,0,0.543,11.55,43.1,98.51,0.0
TRI_06,Trincomalee,18,0,0.587,11.79,35.3,99.04,0.0
TRI_06,Trincomalee,19,0,0.483,12.39,40.8,98.91,0.0
TRI_06,Trincomalee,20,0,0.549,11.95,38.0,98.61,0.0
TRI_06,Trincomalee,21,0,0.442,12.38,35.1,98.83,0.0
TRI_06,Trincomalee,22,0,0.371,12.19,39.2,98.7,0.0
TRI_06,Trincomalee,23,0,0.535,13.35,44.5,99.15,0.0
TRI_06,Trincomalee,24,0,0.429,13.21,40.0,98.81,0.0
TRI_06,Trincomalee,25,0,0.462,11.57,37.8,98.72,0.0
TRI_06,Trincomalee,26,0,0.468,12.3,36.8,98.47,0.0
TRI_07,Trincomalee,1,0,0.427,11.21,19.4,98.75,0.0
TRI_07,Trincomalee,2,0,0.386,11.87,26.4,98.49,0.0
TRI_07,Trincomalee,3,0,0.44,10.36,39.7,98.14,0.0
TRI_07,Trincomalee,4,0,0.458,10.95,27.8,98.87,0.0
TRI_07,Trincomalee,5,0,0.34,11.35,30.7,98.56,0.0
TRI_07,Trincomalee,6,0,0.475,10.98,22.2,98.2,0.0
TRI_07,Trincomalee,7,0,0.427,11.88,29.0,98.93,0.0
TRI_07,Trincomalee,8,0,0.458,11.55,29.5,98.1,0.0
TRI_07,Trincomalee,9,0,0.486,10.77,27.2,99.11,0.0
TRI_07,Trincomalee,10,0,0.377,11.5,29.9,98.56,0.0
TRI_07,Trincomalee,11,0,0.452,11.1,36.7,98.03,0.0
TRI_07,Trincomalee,12,0,0.39,12.32,30.9,98.34,0.0
TRI_07,Trincomalee,13,0,0.398,11.28,39.3,98.65,0.0
TRI_07,Trincomalee,14,0,0.39,11.58,26.2,98.9,0.0
TRI_07,Trincomalee,15,0,0.469,12.19,29.4,99.04,0.0
TRI_07,Trincomalee,16,0,0.476,11.6,24.6,98.42,0.0
TRI_07,Trincomalee,17,0,0.475,11.14,38.7,98.53,0.0
TRI_07,Trincomalee,18,0,0.406,12.03,26.6,98.63,0.0
TRI_07,Trincomalee,19,0,0.446,11.0,34.3,98.55,0.0
TRI_07,Trincomalee,20,0,0.517,11.23,23.0,98.22,0.0
TRI_07,Trincomalee,21,0,1.103,10.55,37.6,98.16,0.0
TRI_07,Trincomalee,22,0,1.742,10.03,41.2,97.37,0.0
TRI_07,Trincomalee,23,0,2.652,9.89,53.3,97.49,0.0
TRI_07,Trincomalee,24,0,2.584,9.66,60.6,96.98,0.0
TRI_07,Trincomalee,25,0,2.491,8.61,57.1,96.73,0.0
TRI_07,Trincomalee,26,0,2.468,9.4,52.7,97.13,0.0
TRI_08,Trincomalee,1,1,0.767,11.51,59.3,98.01,0.0
TRI_08,Trincomalee,2,1,0.662,12.05,59.4,98.06,0.0
TRI_08,Trincomalee,3,1,0.727,11.69,66.9,97.95,0.0
TRI_08,Trincomalee,4,1,0.659,13.16,68.3,98.14,0.0
TRI_08,Trincomalee,5,1,0.755,12.14,60.2,98.29,0.0
TRI_08,Trincomalee,6,1,0.724,12.71,54.9,98.32,0.0
TRI_08,Trincomalee,7,1,0.716,11.53,60.5,98.02,0.0
TRI_08,Trincomalee,8,1,0.626,11.59,65.4,97.74,0.0
TRI_08,Trincomalee,9,1,0.683,10.52,59.9,98.22,0.0
TRI_08,Trincomalee,10,1,0.702,11.97,57.8,98.26,0.0
TRI_08,Trincomalee,11,1,0.651,12.48,63.1,98.03,0.0
TRI_08,Trincomalee,12,1,0.795,11.7,66.3,98.15,0.0
TRI_08,Trincomalee,13,1,0.706,12.54,64.0,98.12,0.0
TRI_08,Trincomalee,14,1,0.698,12.07,62.6,98.04,0.0
TRI_08,Trincomalee,15,1,0.643,10.39,61.8,98.06,0.0
TRI_08,Trincomalee,16,1,0.778,12.21,66.8,98.56,0.0
TRI_08,Trincomalee,17,1,0.699,11.43,65.5,97.97,0.0
TRI_08,Trincomalee,18,1,0.69,12.8,64.5,98.4,0.0
TRI_08,Trincomalee,19,1,0.625,11.96,66.7,97.8,0.0
TRI_08,Trincomalee,20,1,0.718,12.18,53.0,98.52,0.0
TRI_08,Trincomalee,21,1,0.663,11.86,69.0,97.68,0.0
TRI_08,Trincomalee,22,1,0.734,11.67,62.4,97.92,0.0
TRI_08,Trincomalee,23,1,0.788,11.27,63.7,98.26,0.0
TRI_08,Trincomalee,24,1,0.7,11.78,61.2,98.38,0.0
TRI_08,Trincomalee,25,1,0.733,11.89,57.9,98.16,0.0
TRI_08,Trincomalee,26,1,0.738,11.92,68.0,97.65,0.0
TRI_09,Trincomalee,1,1,0.787,14.01,29.9,97.28,0.0
TRI_09,Trincomalee,2,1,0.869,14.41,28.8,96.97,0.0
TRI_09,Trincomalee,3,1,0.882,13.75,25.1,97.7,0.0
TRI_09,Trincomalee,4,1,0.83,12.83,22.6,97.28,0.0
TRI_09,Trincomalee,5,1,0.724,13.94,39.7,98.13,0.0
TRI_09,Trincomalee,6,1,0.797,14.52,32.8,97.35,0.0
TRI_09,Trincomalee,7,1,0.711,14.68,28.5,97.5,0.0
TRI_09,Trincomalee,8,1,0.843,13.55,36.0,97.4,0.0
TRI_09,Trincomalee,9,1,0.814,13.78,32.1,97.64,0.0
TRI_09,Trincomalee,10,1,0.767,14.39,27.5,97.08,0.0
TRI_09,Trincomalee,11,1,0.78,14.4,31.5,97.65,0.0
TRI_09,Trincomalee,12,1,0.76,13.86,29.6,97.54,0.0
TRI_09,Trincomalee,13,1,0.793,13.47,23.1,97.68,0.0
TRI_09,Trincomalee,14,1,0.865,13.64,35.2,97.37,0.0
TRI_09,Trincomalee,15,1,0.828,14.8,27.3,97.19,0.0
TRI_09,Trincomalee,16,1,0.696,14.22,31.1,97.6,0.0
TRI_09,Trincomalee,17,1,0.837,14.1,33.9,97.13,0.0
TRI_09,Trincomalee,18,1,0.824,14.35,28.8,97.82,0.0
TRI_09,Trincomalee,19,1,0.827,14.85,32.9,97.34,0.0
TRI_09,Trincomalee,20,1,0.917,14.71,29.4,97.36,0.0
TRI_09,Trincomalee,21,1,0.738,13.95,28.3,97.44,0.0
TRI_09,Trincomalee,22,1,0.775,14.39,29.0,96.99,0.0
TRI_09,Trincomalee,23,1,0.77,13.5,24.2,97.32,0.0
TRI_09,Trincomalee,24,1,0.856,13.37,21.2,97.34,0.0
TRI_09,Trincomalee,25,1,0.981,13.69,30.4,97.28,0.0
TRI_09,Trincomalee,26,1,0.852,14.91,28.7,97.68,0.0
TRI_10,Trincomalee,1,0,0.234,15.25,28.2,98.61,0.0
TRI_10,Trincomalee,2,0,0.253,14.39,26.2,98.85,0.0
TRI_10,Trincomalee,3,0,0.294,15.2,32.9,98.67,0.0
TRI_10,Trincomalee,4,0,0.319,15.61,29.8,98.85,0.0
TRI_10,Trincomalee,5,0,0.306,16.27,27.5,98.65,0.0
TRI_10,Trincomalee,6,0,0.337,16.09,33.5,98.76,0.0
TRI_10,Trincomalee,7,0,0.352,15.41,28.1,98.92,0.0
TRI_10,Trincomalee,8,0,0.339,15.19,34.7,98.66,0.0
TRI_10,Trincomalee,9,0,0.386,16.37,36.3,98.82,0.0
TRI_10,Trincomalee,10,0,0.291,14.15,27.6,99.36,0.0
TRI_10,Trincomalee,11,0,0.207,14.18,31.1,98.91,0.0
TRI_10,Trincomalee,12,0,0.192,15.08,29.1,98.37,0.0
TRI_10,Trincomalee,13,0,0.36,14.31,32.3,98.8,0.0
TRI_10,Trincomalee,14,0,0.26,14.14,26.4,98.73,0.0
TRI_10,Trincomalee,15,0,0.294,14.75,26.9,98.97,0.0
TRI_10,Trincomalee,16,0,0.247,14.98,29.6,98.75,0.0
TRI_10,Trincomalee,17,0,0.354,16.04,26.4,98.81,0.0
TRI_10,Trincomalee,18,0,0.125,14.9,30.5,98.47,0.0
TRI_10,Trincomalee,19,0,0.382,13.97,33.2,98.62,0.0
TRI_10,Trincomalee,20,0,0.24,14.81,26.7,98.5,0.0
TRI_10,Trincomalee,21,0,0.218,14.79,31.6,98.85,0.0
TRI_10,Trincomalee,22,0,0.382,14.74,26.3,98.67,0.0
TRI_10,Trincomalee,23,0,0.31,15.38,34.8,98.93,0.0
TRI_10,Trincomalee,24,0,0.311,15.92,24.6,98.42,0.0
TRI_10,Trincomalee,25,0,0.341,15.2,28.2,98.98,0.0
TRI_10,Trincomalee,26,0,0.281,15.04,29.3,98.91,0.0
TRI_11,Trincomalee,1,0,0.571,13.9,54.2,96.78,0.0
TRI_11,Trincomalee,2,0,0.581,14.75,50.6,97.11,0.0
TRI_11,Trincomalee,3,0,0.584,15.52,44.1,97.08,0.0
TRI_11,Trincomalee,4,0,0.554,15.27,45.0,96.8,0.0
TRI_11,Trincomalee,5,0,0.68,14.17,43.0,97.06,0.0
TRI_11,Trincomalee,6,0,0.575,14.59,47.1,97.44,0.0
TRI_11,Trincomalee,7,0,0.529,14.69,48.3,96.68,0.0
TRI_11,Trincomalee,8,0,0.589,15.14,44.0,97.19,0.0
TRI_11,Trincomalee,9,0,0.522,14.76,49.0,97.71,0.0
TRI_11,Trincomalee,10,0,0.486,15.02,57.8,96.76,0.0
TRI_11,Trincomalee,11,0,0.656,14.98,41.9,97.01,0.0
TRI_11,Trincomalee,12,0,0.537,14.9,41.7,97.09,0.0
TRI_11,Trincomalee,13,0,0.446,14.74,52.8,97.04,0.0
TRI_11,Trincomalee,14,0,0.57,14.71,46.0,97.59,0.0
TRI_11,Trincomalee,15,0,0.587,14.84,44.7,96.79,0.0
TRI_11,Trincomalee,16,0,0.627,14.48,44.4,96.77,0.0
TRI_11,Trincomalee,17,0,0.569,14.95,45.7,96.86,0.0
TRI_11,Trincomalee,18,0,2.244,14.07,42.7,95.56,0.0
TRI_11,Trincomalee,19,0,3.738,14.18,42.3,94.35,238.0
TRI_11,Trincomalee,20,0,5.287,13.17,32.6,92.43,132.0
TRI_11,Trincomalee,21,0,5.316,12.59,37.0,92.55,403.0
TRI_11,Trincomalee,22,0,5.286,12.34,39.3,92.36,213.0
TRI_11,Trincomalee,23,0,5.237,12.23,32.1,92.81,0.0
TRI_11,Trincomalee,24,0,5.39,12.98,39.5,92.43,129.0
TRI_11,Trincomalee,25,0,5.468,12.54,39.0,92.32,190.0
TRI_11,Trincomalee,26,0,5.234,12.03,34.8,92.46,93.0
TRI_12,Trincomalee,1,1,0.598,20.84,28.1,99.62,0.0
TRI_12,Trincomalee,2,1,0.678,19.88,27.1,99.29,0.0
TRI_12,Trincomalee,3,1,0.713,20.12,27.5,99.9,0.0
TRI_12,Trincomalee,4,1,0.549,19.99,32.3,99.07,0.0
TRI_12,Trincomalee,5,1,0.643,19.87,24.2,99.45,0.0
TRI_12,Trincomalee,6,1,0.575,19.67,35.1,99.05,0.0
TRI_12,Trincomalee,7,1,0.679,20.84,34.1,99.45,0.0
TRI_12,Trincomalee,8,1,0.629,19.28,30.7,99.44,0.0
TRI_12,Trincomalee,9,1,0.612,19.53,33.6,99.07,0.0
TRI_12,Trincomalee,10,1,0.67,19.83,23.4,99.74,0.0
TRI_12,Trincomalee,11,1,0.68,20.45,24.4,99.3,0.0
TRI_12,Trincomalee,12,1,0.66,19.67,36.7,98.82,0.0
TRI_12,Trincomalee,13,1,0.685,18.98,23.8,99.01,0.0
TRI_12,Trincomalee,14,1,0.676,19.69,27.4,99.1,0.0
TRI_12,Trincomalee,15,1,0.553,19.57,26.1,99.24,0.0
TRI_12,Trincomalee,16,1,0.618,18.66,27.4,99.63,0.0
TRI_12,Trincomalee,17,1,0.612,20.05,27.0,99.15,0.0
TRI_12,Trincomalee,18,1,1.867,17.66,29.9,97.82,0.0
TRI_12,Trincomalee,19,1,3.123,15.9,33.8,97.41,0.0
TRI_12,Trincomalee,20,1,4.237,15.63,30.2,96.37,0.0
TRI_12,Trincomalee,21,1,4.302,15.05,30.6,96.39,0.0
TRI_12,Trincomalee,22,1,4.218,15.68,32.1,95.95,0.0
TRI_12,Trincomalee,23,1,4.319,15.78,35.1,96.5,0.0
TRI_12,Trincomalee,24,1,4.295,14.08,29.5,96.03,0.0
TRI_12,Trincomalee,25,1,4.307,15.95,40.9,96.17,0.0
TRI_12,Trincomalee,26,1,4.226,15.84,29.1,96.08,0.0
