customer_id,week,data_gb,app_opens,recharges,voice_minutes,serving_cell,home_cell_share,distinct_cells,distinct_regions,away_from_home_region,attached
HUT100000,1,1.524,13,0.72,44.8,TRI_08,0.868,2,1,0,1
HUT100000,2,1.875,11,0.65,33.0,TRI_08,0.896,1,1,0,1
HUT100000,3,1.56,12,0.82,46.6,TRI_08,0.91,2,1,0,1
HUT100000,4,1.634,10,0.91,43.9,TRI_08,0.942,1,1,0,1
HUT100000,5,1.736,14,0.64,46.0,TRI_08,0.897,1,1,0,1
HUT100000,6,1.587,10,0.67,53.0,TRI_08,0.957,2,1,0,1
HUT100000,7,1.762,13,0.68,40.3,TRI_08,0.932,1,1,0,1
HUT100000,8,1.836,10,0.93,37.2,TRI_08,0.865,2,1,0,1
HUT100000,9,1.628,14,0.58,42.5,TRI_08,0.878,2,1,0,1
HUT100000,10,1.68,12,0.73,41.3,TRI_08,0.972,2,1,0,1
HUT100000,11,1.953,11,0.82,37.9,TRI_08,0.94,1,1,0,1
HUT100000,12,1.979,13,0.71,40.9,TRI_08,0.933,1,1,0,1
HUT100000,13,1.334,12,1.48,45.8,TRI_08,0.941,2,1,0,1
HUT100000,14,1.67,14,0.41,35.8,TRI_08,0.92,2,1,0,1
HUT100000,15,1.706,14,0.83,48.6,TRI_08,0.912,1,1,0,1
HUT100000,16,1.58,14,0.68,39.8,TRI_08,0.906,2,1,0,1
HUT100000,17,1.677,13,0.65,41.7,TRI_08,0.928,1,1,0,1
HUT100000,18,1.516,13,0.73,34.5,TRI_08,0.887,1,1,0,1
HUT100000,19,1.386,13,0.46,55.4,TRI_08,0.948,2,1,0,1
HUT100000,20,1.863,14,0.88,43.4,TRI_08,0.957,2,1,0,1
HUT100000,21,1.931,11,0.83,50.1,TRI_08,0.96,2,1,0,1
HUT100000,22,1.752,15,0.53,35.8,TRI_08,0.959,1,1,0,1
HUT100000,23,1.369,5,0.21,31.4,TRI_08,0.889,2,1,0,1
HUT100000,24,0.968,11,0.2,21.8,TRI_08,0.867,1,1,0,1
HUT100000,25,1.6,11,1.05,38.2,TRI_08,0.926,1,1,0,1
HUT100000,26,1.627,14,0.85,52.3,TRI_08,0.966,1,1,0,1
HUT100001,1,3.342,13,0.73,28.1,TRI_12,0.91,1,1,0,1
HUT100001,2,3.169,16,0.92,23.2,TRI_12,0.895,2,1,0,1
HUT100001,3,2.81,17,0.74,27.2,TRI_12,0.921,1,1,0,1
HUT100001,4,3.461,10,0.89,30.6,TRI_12,0.878,2,1,0,1
HUT100001,5,2.883,11,0.55,38.1,TRI_12,0.834,2,1,0,1
HUT100001,6,3.071,13,0.59,28.3,TRI_12,0.878,2,1,0,1
HUT100001,7,3.494,16,0.73,33.4,TRI_12,0.895,1,1,0,1
HUT100001,8,3.284,12,0.87,32.2,TRI_12,0.85,2,1,0,1
HUT100001,9,2.966,14,0.9,32.6,TRI_12,0.895,1,1,0,1
HUT100001,10,3.164,15,1.19,29.4,TRI_12,0.911,1,1,0,1
HUT100001,11,2.419,16,0.99,43.9,TRI_12,0.901,1,1,0,1
HUT100001,12,3.112,15,0.91,30.9,TRI_12,0.912,2,1,0,1
HUT100001,13,2.873,16,1.03,35.5,TRI_12,0.883,2,1,0,1
HUT100001,14,3.064,11,1.04,37.7,TRI_12,0.872,2,1,0,1
HUT100001,15,3.691,14,1.26,32.9,TRI_12,0.829,1,1,0,1
HUT100001,16,3.244,14,0.63,37.1,TRI_12,0.879,1,1,0,1
HUT100001,17,3.057,14,0.71,26.4,TRI_12,0.829,2,1,0,1
HUT100001,18,2.837,14,0.76,31.0,TRI_12,0.831,2,1,0,1
HUT100001,19,1.78,7,0.67,25.3,TRI_12,0.889,2,1,0,1
HUT100001,20,1.385,7,0.94,14.2,TRI_12,0.829,1,1,0,1
HUT100001,21,0.993,8,0.69,16.4,TRI_12,0.884,1,1,0,1
HUT100001,22,1.501,6,0.34,17.8,TRI_12,0.896,1,1,0,1
HUT100001,23,0.978,6,0.73,11.4,TRI_12,0.874,1,1,0,1
HUT100001,24,0.735,6,0.52,3.5,TRI_12,0.93,1,1,0,1
HUT100001,25,1.286,11,0.54,25.4,TRI_12,0.859,1,1,0,1
HUT100001,26,1.077,8,0.83,21.6,TRI_12,0.862,2,1,0,1
HUT100002,1,5.685,8,1.61,34.9,JAF_05,0.558,2,1,0,1
HUT100002,2,6.543,11,1.33,41.9,JAF_05,0.606,2,1,0,1
HUT100002,3,4.704,8,1.4,27.0,JAF_05,0.548,2,1,0,1
HUT100002,4,5.176,12,1.45,41.1,JAF_05,0.58,2,1,0,1
HUT100002,5,6.228,10,0.97,34.7,JAF_05,0.589,3,1,0,1
HUT100002,6,6.782,11,1.65,42.9,JAF_05,0.591,2,1,0,1
HUT100002,7,5.784,10,1.14,38.5,JAF_05,0.597,2,1,0,1
HUT100002,8,5.538,9,1.27,44.1,JAF_05,0.592,2,1,0,1
HUT100002,9,6.738,13,1.12,34.5,JAF_05,0.593,3,1,0,1
HUT100002,10,6.056,11,1.26,34.7,JAF_05,0.551,3,1,0,1
HUT100002,11,6.283,11,1.65,41.3,JAF_05,0.591,2,1,0,1
HUT100002,12,5.685,10,1.06,33.6,JAF_05,0.601,2,1,0,1
HUT100002,13,5.964,9,1.15,35.1,JAF_05,0.558,2,1,0,1
HUT100002,14,5.363,11,0.99,41.6,JAF_05,0.594,2,1,0,1
HUT100002,15,6.424,10,1.41,23.8,JAF_05,0.59,2,1,0,1
HUT100002,16,6.377,10,1.43,36.9,JAF_05,0.553,3,1,0,1
HUT100002,17,6.793,9,1.14,37.1,JAF_05,0.558,2,1,0,1
HUT100002,18,6.474,12,1.42,29.4,JAF_05,0.568,2,1,0,1
HUT100002,19,5.772,9,1.62,35.0,JAF_05,0.594,2,1,0,1
HUT100002,20,5.77,9,1.44,39.8,JAF_05,0.578,2,1,0,1
HUT100002,21,6.255,11,1.33,26.9,JAF_05,0.543,2,1,0,1
HUT100002,22,1.911,8,0.74,19.7,RAT_06,0.113,2,3,1,1
HUT100002,23,3.198,3,0.68,15.6,RAT_06,0.095,3,3,1,1
HUT100002,24,1.066,4,0.0,9.3,RAT_06,0.056,2,3,1,1
HUT100002,25,5.124,9,1.59,32.4,JAF_05,0.554,2,1,0,1
HUT100002,26,6.844,12,1.44,39.2,JAF_05,0.566,2,1,0,1
HUT100003,1,0.247,5,2.25,24.9,COL_06,0.764,4,1,0,1
HUT100003,2,0.267,5,2.08,26.6,COL_06,0.726,4,1,0,1
HUT100003,3,0.261,5,1.85,28.0,COL_06,0.72,3,1,0,1
HUT100003,4,0.296,7,2.12,29.7,COL_06,0.774,4,1,0,1
HUT100003,5,0.301,9,2.39,23.1,COL_06,0.772,4,1,0,1
HUT100003,6,0.238,10,2.29,27.3,COL_06,0.771,4,1,0,1
HUT100003,7,0.263,8,2.32,32.4,COL_06,0.716,4,2,0,1
HUT100003,8,0.316,7,1.96,36.1,COL_06,0.753,3,1,0,1
HUT100003,9,0.324,8,1.61,36.1,COL_06,0.739,3,1,0,1
HUT100003,10,0.332,7,2.25,23.3,COL_06,0.702,3,1,0,1
HUT100003,11,0.248,5,1.73,24.9,COL_06,0.759,3,1,0,1
HUT100003,12,0.241,6,1.63,26.7,COL_06,0.736,4,1,0,1
HUT100003,13,0.303,8,2.03,31.0,COL_06,0.771,4,1,0,1
HUT100003,14,0.291,10,1.93,23.3,COL_06,0.762,4,1,0,1
HUT100003,15,0.316,9,2.05,24.9,COL_06,0.75,3,1,0,1
HUT100003,16,0.3,7,2.24,25.4,COL_06,0.748,3,1,0,1
HUT100003,17,0.27,4,2.5,18.0,COL_06,0.701,4,2,0,1
HUT100003,18,0.287,6,1.99,29.3,COL_06,0.733,3,2,0,1
HUT100003,19,0.287,8,1.93,26.0,COL_06,0.691,3,1,0,1
HUT100003,20,0.262,4,2.39,22.2,COL_06,0.697,3,1,0,1
HUT100003,21,0.306,7,2.08,29.6,COL_06,0.767,3,1,0,1
HUT100003,22,0.243,7,2.32,35.1,COL_06,0.726,3,1,0,1
HUT100003,23,0.178,1,1.77,9.7,COL_06,0.753,4,1,0,1
HUT100003,24,0.19,5,1.48,17.1,COL_06,0.7,4,2,0,1
HUT100003,25,0.31,8,2.24,34.7,COL_06,0.76,3,1,0,1
HUT100003,26,0.288,9,2.4,26.6,COL_06,0.729,3,1,0,1
HUT100004,1,2.393,6,1.11,31.9,MAT_08,0.917,2,1,0,1
HUT100004,2,2.345,6,1.18,30.2,MAT_08,0.997,2,1,0,1
HUT100004,3,2.295,6,0.91,36.2,MAT_08,0.916,1,1,0,1
HUT100004,4,2.243,5,0.97,35.1,MAT_08,0.987,1,1,0,1
HUT100004,5,2.537,5,1.02,45.4,MAT_08,0.951,1,1,0,1
HUT100004,6,2.226,8,1.31,36.4,MAT_08,0.925,2,1,0,1
HUT100004,7,2.399,6,1.28,34.6,MAT_08,0.928,2,1,0,1
HUT100004,8,2.047,7,0.64,37.1,MAT_08,0.914,2,1,0,1
HUT100004,9,2.286,9,0.8,50.5,MAT_08,0.935,1,1,0,1
HUT100004,10,1.971,4,1.01,32.2,MAT_08,0.95,2,1,0,1
HUT100004,11,2.7,9,0.73,36.5,MAT_08,0.933,1,1,0,1
HUT100004,12,2.761,7,0.85,36.6,MAT_08,0.97,1,1,0,1
HUT100004,13,2.185,8,1.34,30.8,MAT_08,0.998,2,1,0,1
HUT100004,14,2.193,7,1.26,19.2,MAT_08,0.933,1,1,0,1
HUT100004,15,2.302,12,0.88,44.4,MAT_08,0.964,2,1,0,1
HUT100004,16,2.533,5,0.58,37.8,MAT_08,1.0,1,1,0,1
HUT100004,17,2.411,5,1.4,33.3,MAT_08,0.962,1,1,0,1
HUT100004,18,2.763,6,1.3,34.7,MAT_08,0.931,1,1,0,1
HUT100004,19,0.856,9,0.94,22.6,MAT_08,0.955,2,1,0,1
HUT100004,20,1.318,8,0.59,22.0,MAT_08,0.988,2,1,0,1
HUT100004,21,1.072,7,1.02,20.1,MAT_08,0.947,1,1,0,1
HUT100004,22,1.425,7,0.67,20.8,MAT_08,1.0,2,1,0,1
HUT100004,23,1.104,5,0.88,3.9,MAT_08,1.0,2,1,0,1
HUT100004,24,0.831,6,0.8,16.1,MAT_08,0.976,1,1,0,1
HUT100004,25,1.21,7,0.45,15.5,MAT_08,0.998,1,1,0,1
HUT100004,26,0.925,7,0.57,27.0,MAT_08,0.916,1,1,0,1
HUT100005,1,7.827,3,1.99,28.3,GAM_02,0.173,11,2,0,1
HUT100005,2,8.164,3,1.64,23.1,GAM_02,0.174,12,3,0,1
HUT100005,3,8.786,2,2.23,27.8,GAM_02,0.19,9,2,0,1
HUT100005,4,10.217,3,1.8,28.0,GAM_02,0.19,11,2,0,1
HUT100005,5,7.95,5,1.73,33.2,GAM_02,0.192,12,2,0,1
HUT100005,6,8.366,6,1.76,35.8,GAM_02,0.192,12,3,0,1
HUT100005,7,6.218,4,1.97,29.6,GAM_02,0.178,9,3,0,1
HUT100005,8,9.907,3,1.71,32.5,GAM_02,0.181,12,2,0,1
HUT100005,9,7.898,2,1.88,28.5,GAM_02,0.178,10,2,0,1
HUT100005,10,9.411,4,1.99,16.2,GAM_02,0.191,13,3,0,1
HUT100005,11,7.455,5,1.82,28.3,GAM_02,0.184,12,3,0,1
HUT100005,12,7.974,4,1.89,33.8,GAM_02,0.193,10,2,0,1
HUT100005,13,8.511,4,2.11,36.1,GAM_02,0.178,9,3,0,1
HUT100005,14,8.6,3,1.84,34.4,GAM_02,0.175,12,2,0,1
HUT100005,15,9.847,2,1.87,32.6,GAM_02,0.173,10,3,0,1
HUT100005,16,10.469,5,1.74,30.2,GAM_02,0.187,13,2,0,1
HUT100005,17,10.211,3,2.12,20.5,GAM_02,0.191,12,3,0,1
HUT100005,18,5.99,5,2.12,28.1,GAM_02,0.184,12,3,0,1
HUT100005,19,9.552,6,2.04,36.0,GAM_02,0.176,11,3,0,1
HUT100005,20,7.736,2,1.72,31.9,GAM_02,0.18,11,3,0,1
HUT100005,21,4.288,1,1.53,26.1,GAM_02,0.179,11,2,0,1
HUT100005,22,3.436,0,1.53,14.7,GAM_02,0.182,11,2,0,1
HUT100005,23,4.22,0,0.99,5.8,GAM_02,0.178,10,3,0,1
HUT100005,24,1.659,0,0.91,1.3,GAM_02,0.174,9,2,0,1
HUT100005,25,4.567,4,0.88,10.9,GAM_02,0.193,12,2,0,1
HUT100005,26,4.387,0,1.12,12.6,GAM_02,0.174,11,3,0,1
HUT100006,1,0.851,4,1.38,19.3,NEG_12,0.625,3,1,0,1
HUT100006,2,1.096,4,1.31,33.1,NEG_12,0.646,3,1,0,1
HUT100006,3,0.936,3,1.1,31.3,NEG_12,0.594,3,1,0,1
HUT100006,4,0.921,8,1.03,32.9,NEG_12,0.649,3,1,0,1
HUT100006,5,1.092,3,1.2,31.4,NEG_12,0.608,3,1,0,1
HUT100006,6,1.056,3,1.37,30.8,NEG_12,0.642,3,1,0,1
HUT100006,7,1.047,1,1.72,30.2,NEG_12,0.645,3,1,0,1
HUT100006,8,1.114,0,1.28,29.4,NEG_12,0.644,3,1,0,1
HUT100006,9,1.045,6,1.12,26.7,NEG_12,0.592,3,1,0,1
HUT100006,10,0.9,4,0.69,21.9,NEG_12,0.615,3,1,0,1
HUT100006,11,1.203,1,1.17,29.0,NEG_12,0.596,3,1,0,1
HUT100006,12,1.002,4,1.01,29.3,NEG_12,0.592,3,1,0,1
HUT100006,13,0.993,2,1.1,29.6,NEG_12,0.592,3,1,0,1
HUT100006,14,1.16,5,1.56,17.6,NEG_12,0.626,3,1,0,1
HUT100006,15,1.073,4,0.97,32.1,NEG_12,0.648,3,1,0,1
HUT100006,16,1.185,5,1.35,25.6,NEG_12,0.635,2,1,0,1
HUT100006,17,1.22,4,1.02,28.9,NEG_12,0.622,3,1,0,1
HUT100006,18,0.966,4,1.04,38.0,NEG_12,0.651,3,1,0,1
HUT100006,19,0.916,4,1.14,29.0,NEG_12,0.628,3,1,0,1
HUT100006,20,1.048,1,1.0,31.4,NEG_12,0.593,3,1,0,1
HUT100006,21,1.118,4,1.05,33.5,NEG_12,0.624,3,1,0,1
HUT100006,22,0.884,5,1.04,30.1,NEG_12,0.657,3,1,0,1
HUT100006,23,0.412,1,0.84,28.0,NEG_12,0.643,2,1,0,1
HUT100006,24,0.688,4,0.92,27.6,NEG_12,0.599,3,1,0,1
HUT100006,25,0.798,3,1.05,23.5,NEG_12,0.601,3,1,0,1
HUT100006,26,0.839,2,1.2,21.9,NEG_12,0.604,3,1,0,1
HUT100007,1,0.177,2,0.95,29.1,BAT_02,0.646,2,1,0,1
HUT100007,2,0.198,4,1.33,27.0,BAT_02,0.676,2,2,0,1
HUT100007,3,0.171,1,1.19,25.7,BAT_02,0.647,2,2,0,1
HUT100007,4,0.21,1,1.44,26.6,BAT_02,0.674,2,1,0,1
HUT100007,5,0.22,7,1.32,38.0,BAT_02,0.663,3,1,0,1
HUT100007,6,0.186,5,1.33,32.5,BAT_02,0.643,2,1,0,1
HUT100007,7,0.181,2,1.38,34.2,BAT_02,0.656,2,1,0,1
HUT100007,8,0.202,5,1.73,26.7,BAT_02,0.687,2,2,0,1
HUT100007,9,0.175,2,0.97,35.2,BAT_02,0.621,2,1,0,1
HUT100007,10,0.19,1,1.23,41.9,BAT_02,0.67,2,1,0,1
HUT100007,11,0.191,3,0.65,23.4,BAT_02,0.631,2,2,0,1
HUT100007,12,0.254,4,1.32,33.8,BAT_02,0.665,2,1,0,1
HUT100007,13,0.2,3,0.81,32.5,BAT_02,0.686,2,1,0,1
HUT100007,14,0.143,3,1.27,26.8,BAT_02,0.676,2,2,0,1
HUT100007,15,0.17,0,0.97,24.6,BAT_02,0.647,2,1,0,1
HUT100007,16,0.217,3,1.24,25.6,BAT_02,0.635,2,2,0,1
HUT100007,17,0.235,3,1.11,35.4,BAT_02,0.653,2,1,0,1
HUT100007,18,0.24,2,1.14,25.5,BAT_02,0.656,3,2,0,1
HUT100007,19,0.204,1,1.46,16.3,BAT_02,0.625,2,2,0,1
HUT100007,20,0.181,5,1.14,32.4,BAT_02,0.632,2,1,0,1
HUT100007,21,0.212,1,1.12,22.5,BAT_02,0.686,2,1,0,1
HUT100007,22,0.211,2,1.32,29.3,BAT_02,0.675,2,2,0,1
HUT100007,23,0.126,1,0.93,20.1,BAT_02,0.695,2,1,0,1
HUT100007,24,0.165,1,1.23,20.7,BAT_02,0.686,2,2,0,1
HUT100007,25,0.186,2,1.2,24.0,BAT_02,0.634,2,1,0,1
HUT100007,26,0.218,4,1.55,30.8,BAT_02,0.693,2,1,0,1
HUT100008,1,0.669,7,1.9,27.8,KAN_05,0.87,2,1,0,1
HUT100008,2,0.653,11,2.13,26.2,KAN_05,0.928,2,1,0,1
HUT100008,3,0.653,11,1.76,30.3,KAN_05,0.957,2,1,0,1
HUT100008,4,0.425,11,2.19,25.8,KAN_05,0.945,1,1,0,1
HUT100008,5,0.544,12,2.49,29.4,KAN_05,0.956,1,1,0,1
HUT100008,6,0.672,11,2.47,42.6,KAN_05,0.944,2,1,0,1
HUT100008,7,0.593,12,2.53,36.0,KAN_05,0.947,1,1,0,1
HUT100008,8,0.614,14,2.25,39.2,KAN_05,0.913,2,1,0,1
HUT100008,9,0.479,11,2.47,43.1,KAN_05,0.923,2,1,0,1
HUT100008,10,0.48,10,2.17,31.6,KAN_05,0.937,2,1,0,1
HUT100008,11,0.636,8,2.13,44.8,KAN_05,0.918,1,1,0,1
HUT100008,12,0.532,11,2.5,39.8,KAN_05,0.891,2,1,0,1
HUT100008,13,0.459,10,2.23,44.5,KAN_05,0.871,1,1,0,1
HUT100008,14,0.53,11,2.26,34.1,KAN_05,0.918,1,1,0,1
HUT100008,15,0.568,12,2.36,31.1,KAN_05,0.931,1,1,0,1
HUT100008,16,0.643,10,2.07,28.9,KAN_05,0.892,1,1,0,1
HUT100008,17,0.529,13,2.23,38.0,KAN_05,0.93,1,1,0,1
HUT100008,18,0.483,14,2.19,44.5,KAN_05,0.954,1,1,0,1
HUT100008,19,0.391,13,1.85,18.2,KAN_05,0.88,2,1,0,1
HUT100008,20,0.311,13,1.15,27.5,KAN_05,0.86,2,1,0,1
HUT100008,21,0.316,12,1.38,15.2,KAN_05,0.892,2,1,0,1
HUT100008,22,0.377,14,1.76,15.2,KAN_05,0.875,1,1,0,1
HUT100008,23,0.171,6,1.52,11.4,KAN_05,0.917,1,1,0,1
HUT100008,24,0.298,10,0.89,0.0,KAN_05,0.963,2,1,0,1
HUT100008,25,0.303,11,1.28,19.9,KAN_05,0.964,1,1,0,1
HUT100008,26,0.256,12,0.81,25.4,KAN_05,0.875,1,1,0,1
HUT100009,1,0.53,7,1.19,50.1,KAN_07,0.988,1,1,0,1
HUT100009,2,0.54,8,1.34,46.6,KAN_07,0.953,2,1,0,1
HUT100009,3,0.704,9,1.03,44.4,KAN_07,0.971,1,1,0,1
HUT100009,4,0.575,9,1.43,49.7,KAN_07,0.984,2,1,0,1
HUT100009,5,0.44,7,1.21,59.6,KAN_07,0.985,2,1,0,1
HUT100009,6,0.671,9,1.33,48.2,KAN_07,0.953,1,1,0,1
HUT100009,7,0.7,9,1.63,53.9,KAN_07,0.903,1,1,0,1
HUT100009,8,0.559,9,1.07,55.2,KAN_07,0.967,1,1,0,1
HUT100009,9,0.63,8,0.89,49.4,KAN_07,0.933,1,1,0,1
HUT100009,10,0.649,10,1.1,36.9,KAN_07,0.899,1,1,0,1
HUT100009,11,0.625,8,1.53,54.7,KAN_07,0.918,2,1,0,1
HUT100009,12,0.502,10,1.03,44.9,KAN_07,0.98,1,1,0,1
HUT100009,13,0.546,8,1.33,42.9,KAN_07,0.968,1,1,0,1
HUT100009,14,0.475,7,0.89,37.6,KAN_07,0.899,2,1,0,1
HUT100009,15,0.555,9,0.77,54.0,KAN_07,1.0,2,1,0,1
HUT100009,16,0.482,8,1.09,49.4,KAN_07,0.916,1,1,0,1
HUT100009,17,0.606,9,1.23,45.9,KAN_07,0.908,1,1,0,1
HUT100009,18,0.544,8,1.38,42.2,KAN_07,0.938,2,1,0,1
HUT100009,19,0.654,8,1.35,35.3,KAN_07,0.937,1,1,0,1
HUT100009,20,0.703,8,1.12,44.5,KAN_07,0.991,2,1,0,1
HUT100009,21,0.686,9,1.01,42.8,KAN_07,0.949,1,1,0,1
HUT100009,22,0.786,9,0.88,49.5,KAN_07,0.91,1,1,0,1
HUT100009,23,0.32,5,0.65,25.8,KAN_07,0.933,1,1,0,1
HUT100009,24,0.392,6,0.9,42.9,KAN_07,0.9,2,1,0,1
HUT100009,25,0.66,8,1.16,46.7,KAN_07,0.979,1,1,0,1
HUT100009,26,0.567,7,0.41,46.7,KAN_07,0.935,2,1,0,1
HUT100010,1,0.474,11,1.51,29.4,KAN_10,0.795,3,1,0,1
HUT100010,2,0.4,12,1.49,26.4,KAN_10,0.792,3,1,0,1
HUT100010,3,0.418,7,1.47,30.9,KAN_10,0.791,3,1,0,1
HUT100010,4,0.383,10,1.77,27.1,KAN_10,0.796,3,1,0,1
HUT100010,5,0.39,11,1.88,29.9,KAN_10,0.714,3,1,0,1
HUT100010,6,0.434,11,1.05,38.7,KAN_10,0.708,3,1,0,1
HUT100010,7,0.392,11,1.8,33.6,KAN_10,0.795,3,1,0,1
HUT100010,8,0.276,10,1.73,32.6,KAN_10,0.716,2,1,0,1
HUT100010,9,0.428,11,1.97,29.8,KAN_10,0.763,3,1,0,1
HUT100010,10,0.434,8,1.68,36.1,KAN_10,0.738,3,1,0,1
HUT100010,11,0.372,11,1.68,36.6,KAN_10,0.783,3,1,0,1
HUT100010,12,0.417,11,1.65,40.9,KAN_10,0.712,3,1,0,1
HUT100010,13,0.314,12,1.63,41.5,KAN_10,0.766,2,1,0,1
HUT100010,14,0.333,10,1.68,37.6,KAN_10,0.79,3,1,0,1
HUT100010,15,0.363,11,1.57,25.0,KAN_10,0.732,3,1,0,1
HUT100010,16,0.452,9,1.95,40.9,KAN_10,0.726,2,1,0,1
HUT100010,17,0.392,12,1.49,30.2,KAN_10,0.782,3,1,0,1
HUT100010,18,0.392,9,1.94,31.3,KAN_10,0.74,3,1,0,1
HUT100010,19,0.199,12,0.95,12.0,KAN_10,0.788,3,1,0,1
HUT100010,20,0.199,12,1.05,22.3,KAN_10,0.71,3,1,0,1
HUT100010,21,0.262,9,1.25,13.1,KAN_10,0.737,3,1,0,1
HUT100010,22,0.222,8,1.22,23.8,KAN_10,0.727,3,1,0,1
HUT100010,23,0.136,5,1.07,15.1,KAN_10,0.715,3,1,0,1
HUT100010,24,0.171,6,0.61,7.7,KAN_10,0.756,3,1,0,1
HUT100010,25,0.275,11,0.97,10.2,KAN_10,0.75,3,1,0,1
HUT100010,26,0.178,7,0.86,10.1,KAN_10,0.753,3,1,0,1
HUT100011,1,0.211,10,1.36,6.1,MAT_02,0.647,3,1,0,1
HUT100011,2,0.233,6,2.12,5.9,MAT_02,0.705,3,1,0,1
HUT100011,3,0.198,14,1.5,10.1,MAT_02,0.643,3,2,0,1
HUT100011,4,0.27,9,1.78,14.8,MAT_02,0.671,3,1,0,1
HUT100011,5,0.127,12,1.65,21.1,MAT_02,0.64,4,2,0,1
HUT100011,6,0.315,13,1.48,13.1,MAT_02,0.671,3,1,0,1
HUT100011,7,0.17,11,1.6,10.1,MAT_02,0.645,4,2,0,1
HUT100011,8,0.173,11,1.36,18.3,MAT_02,0.657,3,1,0,1
HUT100011,9,0.091,9,1.55,3.4,MAT_02,0.662,3,1,0,1
HUT100011,10,0.193,13,1.72,5.7,MAT_02,0.651,3,1,0,1
HUT100011,11,0.143,13,1.75,7.0,MAT_02,0.68,3,1,0,1
HUT100011,12,0.281,11,1.72,8.5,MAT_02,0.649,3,2,0,1
HUT100011,13,0.218,9,1.54,1.6,MAT_02,0.691,3,1,0,1
HUT100011,14,0.208,9,1.63,13.8,MAT_02,0.647,3,1,0,1
HUT100011,15,0.28,9,1.73,1.3,MAT_02,0.665,3,2,0,1
HUT100011,16,0.207,10,1.63,11.7,MAT_02,0.681,3,1,0,1
HUT100011,17,0.099,10,1.44,2.0,MAT_02,0.653,4,1,0,1
HUT100011,18,0.093,10,2.37,4.1,MAT_02,0.664,3,1,0,1
HUT100011,19,0.084,10,1.69,8.5,MAT_02,0.714,3,1,0,1
HUT100011,20,0.232,10,1.63,0.0,MAT_02,0.691,3,1,0,1
HUT100011,21,0.101,13,1.48,0.0,MAT_02,0.709,3,1,0,1
HUT100011,22,0.084,12,1.57,4.7,MAT_02,0.679,3,1,0,1
HUT100011,23,0.125,5,1.38,6.7,MAT_02,0.667,4,1,0,1
HUT100011,24,0.019,6,1.49,0.0,MAT_02,0.681,4,2,0,1
HUT100011,25,0.103,8,1.36,15.5,MAT_02,0.683,3,1,0,1
HUT100011,26,0.296,9,1.72,11.3,MAT_02,0.709,3,1,0,1
HUT100012,1,0.104,9,1.41,7.6,GAL_03,0.683,3,1,0,1
HUT100012,2,0.078,9,1.7,0.0,GAL_03,0.683,4,2,0,1
HUT100012,3,0.058,4,1.65,3.2,GAL_03,0.722,3,1,0,1
HUT100012,4,0.024,9,1.48,6.7,GAL_03,0.733,3,1,0,1
HUT100012,5,0.078,10,1.58,5.0,GAL_03,0.69,4,1,0,1
HUT100012,6,0.163,12,1.12,0.0,GAL_03,0.747,3,1,0,1
HUT100012,7,0.113,9,1.66,11.5,GAL_03,0.705,3,1,0,1
HUT100012,8,0.054,8,1.27,15.9,GAL_03,0.671,4,1,0,1
HUT100012,9,0.082,11,1.39,14.3,GAL_03,0.684,4,2,0,1
HUT100012,10,0.122,12,1.38,17.3,GAL_03,0.719,4,1,0,1
HUT100012,11,0.122,11,1.19,5.4,GAL_03,0.707,4,1,0,1
HUT100012,12,0.097,8,1.23,8.1,GAL_03,0.722,4,1,0,1
HUT100012,13,0.109,5,1.52,17.5,GAL_03,0.735,4,1,0,1
HUT100012,14,0.111,9,1.21,0.0,GAL_03,0.694,3,1,0,1
HUT100012,15,0.148,10,1.49,0.0,GAL_03,0.737,3,1,0,1
HUT100012,16,0.101,10,1.29,3.5,GAL_03,0.69,3,2,0,1
HUT100012,17,0.137,11,1.45,0.7,GAL_03,0.743,3,2,0,1
HUT100012,18,0.057,12,1.38,10.5,GAL_03,0.744,3,1,0,1
HUT100012,19,0.053,10,1.4,7.1,GAL_03,0.72,3,2,0,1
HUT100012,20,0.072,11,1.64,0.0,GAL_03,0.734,4,1,0,1
HUT100012,21,0.065,9,1.4,9.2,GAL_03,0.747,3,1,0,1
HUT100012,22,0.132,8,1.65,18.9,GAL_03,0.724,3,1,0,1
HUT100012,23,0.113,9,1.43,7.6,GAL_03,0.726,3,1,0,1
HUT100012,24,0.034,8,1.22,0.0,GAL_03,0.714,4,1,0,1
HUT100012,25,0.102,10,1.06,10.5,GAL_03,0.667,3,2,0,1
HUT100012,26,0.024,9,1.52,0.0,GAL_03,0.676,3,2,0,1
HUT100013,1,3.016,7,0.71,18.8,ANU_11,0.595,2,2,0,1
HUT100013,2,2.309,9,0.44,39.4,ANU_11,0.569,3,1,0,1
HUT100013,3,3.069,5,0.44,38.1,ANU_11,0.621,3,1,0,1
HUT100013,4,2.562,6,0.56,35.0,ANU_11,0.572,2,1,0,1
HUT100013,5,2.819,8,0.83,35.7,ANU_11,0.606,3,1,0,1
HUT100013,6,2.813,8,0.5,23.0,ANU_11,0.569,2,2,0,1
HUT100013,7,2.143,7,0.78,38.5,ANU_11,0.602,2,2,0,1
HUT100013,8,2.862,8,0.93,30.3,ANU_11,0.561,3,2,0,1
HUT100013,9,2.371,9,1.39,36.4,ANU_11,0.581,2,2,0,1
HUT100013,10,2.134,6,1.0,23.3,ANU_11,0.62,3,2,0,1
HUT100013,11,3.03,6,0.54,31.3,ANU_11,0.593,3,2,0,1
HUT100013,12,2.921,7,0.62,36.3,ANU_11,0.607,2,1,0,1
HUT100013,13,2.526,7,0.42,33.8,ANU_11,0.616,2,1,0,1
HUT100013,14,2.884,10,0.3,29.5,ANU_11,0.611,3,1,0,1
HUT100013,15,2.919,9,0.82,37.5,ANU_11,0.595,3,2,0,1
HUT100013,16,2.048,8,0.8,29.3,ANU_11,0.565,3,1,0,1
HUT100013,17,1.841,9,0.92,32.3,ANU_11,0.628,2,2,0,1
HUT100013,18,2.847,9,0.5,24.9,ANU_11,0.607,2,1,0,1
HUT100013,19,3.4,6,0.8,33.5,ANU_11,0.624,3,1,0,1
HUT100013,20,2.35,5,0.15,30.3,ANU_11,0.596,3,1,0,1
HUT100013,21,2.177,7,0.98,29.2,ANU_11,0.584,2,1,0,1
HUT100013,22,2.36,4,0.71,28.3,ANU_11,0.575,2,2,0,1
HUT100013,23,1.002,3,0.44,14.1,ANU_11,0.604,2,1,0,1
HUT100013,24,1.671,2,0.12,18.1,ANU_11,0.566,2,1,0,1
HUT100013,25,1.733,4,0.61,15.5,ANU_11,0.582,2,1,0,1
HUT100013,26,1.226,3,0.32,14.3,ANU_11,0.584,2,1,0,1
HUT100014,1,0.763,9,2.14,49.8,GAL_07,1.0,1,1,0,1
HUT100014,2,0.676,8,2.0,40.0,GAL_07,0.967,1,1,0,1
HUT100014,3,0.811,7,1.53,30.8,GAL_07,0.921,1,1,0,1
HUT100014,4,0.657,10,1.85,35.8,GAL_07,0.968,1,1,0,1
HUT100014,5,0.792,9,2.25,30.0,GAL_07,0.979,1,1,0,1
HUT100014,6,0.867,7,1.81,42.3,GAL_07,0.911,1,1,0,1
HUT100014,7,0.586,10,2.19,27.8,GAL_07,0.9,1,1,0,1
HUT100014,8,0.769,7,2.07,36.1,GAL_07,0.908,1,1,0,1
HUT100014,9,0.642,10,1.59,48.2,GAL_07,0.944,1,1,0,1
HUT100014,10,0.685,9,2.0,42.0,GAL_07,0.913,1,1,0,1
HUT100014,11,0.764,8,2.2,37.3,GAL_07,0.999,1,1,0,1
HUT100014,12,0.715,10,2.01,42.8,GAL_07,0.918,1,1,0,1
HUT100014,13,0.707,9,1.86,44.6,GAL_07,0.932,1,1,0,1
HUT100014,14,0.712,9,2.16,41.1,GAL_07,0.998,1,1,0,1
HUT100014,15,0.797,11,2.04,34.3,GAL_07,0.949,1,1,0,1
HUT100014,16,0.772,9,2.11,35.8,GAL_07,0.949,1,1,0,1
HUT100014,17,0.793,8,2.09,39.0,GAL_07,1.0,1,1,0,1
HUT100014,18,0.819,7,1.75,41.9,GAL_07,0.996,1,1,0,1
HUT100014,19,0.574,7,2.2,32.2,GAL_07,1.0,1,1,0,1
HUT100014,20,0.685,8,1.98,36.8,GAL_07,0.962,1,1,0,1
HUT100014,21,0.71,7,1.28,27.7,GAL_07,0.979,1,1,0,1
HUT100014,22,0.439,4,1.4,21.2,GAL_07,0.985,1,1,0,1
HUT100014,23,0.317,3,1.29,20.8,GAL_07,0.974,1,1,0,1
HUT100014,24,0.145,1,0.93,17.4,GAL_07,0.957,1,1,0,1
HUT100014,25,0.422,3,1.24,23.8,GAL_07,0.953,1,1,0,1
HUT100014,26,0.485,2,1.33,15.5,GAL_07,0.928,1,1,0,1
HUT100015,1,2.016,14,1.23,44.6,NEG_08,0.958,1,1,0,1
HUT100015,2,2.342,14,1.25,22.7,NEG_08,0.942,1,1,0,1
HUT100015,3,2.551,13,1.26,54.4,NEG_08,0.884,1,1,0,1
HUT100015,4,2.246,11,0.54,31.5,NEG_08,0.87,1,1,0,1
HUT100015,5,2.41,16,1.7,47.2,NEG_08,0.856,1,1,0,1
HUT100015,6,2.455,16,1.22,31.4,NEG_08,0.942,1,1,0,1
HUT100015,7,2.944,15,0.97,37.4,NEG_08,0.927,1,1,0,1
HUT100015,8,2.205,14,0.88,40.9,NEG_08,0.859,1,1,0,1
HUT100015,9,2.438,14,0.48,42.7,NEG_08,0.943,1,1,0,1
HUT100015,10,2.165,14,0.86,45.7,NEG_08,0.882,1,1,0,1
HUT100015,11,2.164,15,1.14,41.8,NEG_08,0.934,1,1,0,1
HUT100015,12,2.439,14,0.87,39.2,NEG_08,0.943,1,1,0,1
HUT100015,13,2.133,12,1.15,46.3,NEG_08,0.875,1,1,0,1
HUT100015,14,2.425,13,0.98,38.5,NEG_08,0.941,1,1,0,1
HUT100015,15,1.92,15,0.81,48.4,NEG_08,0.879,1,1,0,1
HUT100015,16,1.964,12,1.07,39.9,NEG_08,0.937,1,1,0,1
HUT100015,17,2.337,15,1.24,38.1,NEG_08,0.88,1,1,0,1
HUT100015,18,2.113,15,1.28,28.1,NEG_08,0.877,1,1,0,1
HUT100015,19,2.401,16,0.96,37.0,NEG_08,0.86,1,1,0,1
HUT100015,20,2.683,16,1.27,35.5,NEG_08,0.939,1,1,0,1
HUT100015,21,2.339,13,0.9,36.4,NEG_08,0.946,1,1,0,1
HUT100015,22,2.444,14,0.61,36.0,NEG_08,0.878,1,1,0,1
HUT100015,23,1.186,8,0.74,26.9,NEG_08,0.883,1,1,0,1
HUT100015,24,1.345,12,0.1,21.5,NEG_08,0.857,1,1,0,1
HUT100015,25,1.889,14,0.9,35.8,NEG_08,0.855,1,1,0,1
HUT100015,26,2.276,13,0.73,42.5,NEG_08,0.908,1,1,0,1
HUT100016,1,8.994,19,1.72,44.8,MAT_05,0.692,2,1,0,1
HUT100016,2,7.878,15,1.34,43.1,MAT_05,0.679,2,1,0,1
HUT100016,3,8.869,18,1.4,45.4,MAT_05,0.689,2,1,0,1
HUT100016,4,8.781,15,1.27,57.3,MAT_05,0.666,3,1,0,1
HUT100016,5,7.649,15,1.36,36.2,MAT_05,0.675,3,1,0,1
HUT100016,6,9.357,15,1.18,46.8,MAT_05,0.676,3,1,0,1
HUT100016,7,8.772,17,1.17,44.0,MAT_05,0.685,3,1,0,1
HUT100016,8,8.47,15,1.47,34.9,MAT_05,0.654,3,1,0,1
HUT100016,9,11.271,17,1.72,49.1,MAT_05,0.722,2,1,0,1
HUT100016,10,9.858,14,0.99,38.8,MAT_05,0.682,3,1,0,1
HUT100016,11,8.509,15,1.54,41.6,MAT_05,0.69,3,1,0,1
HUT100016,12,7.759,18,1.39,41.1,MAT_05,0.708,2,1,0,1
HUT100016,13,6.907,15,1.48,52.3,MAT_05,0.646,3,1,0,1
HUT100016,14,8.524,15,1.46,46.7,MAT_05,0.676,3,1,0,1
HUT100016,15,11.289,16,1.42,56.6,MAT_05,0.659,3,1,0,1
HUT100016,16,9.627,14,1.36,57.0,MAT_05,0.723,3,1,0,1
HUT100016,17,9.857,13,1.31,42.1,MAT_05,0.699,3,1,0,1
HUT100016,18,9.674,17,1.73,25.4,MAT_05,0.722,2,1,0,1
HUT100016,19,7.409,16,1.46,54.4,MAT_05,0.693,3,1,0,1
HUT100016,20,9.008,15,1.61,43.2,MAT_05,0.683,2,1,0,1
HUT100016,21,7.437,16,1.54,56.5,MAT_05,0.719,3,1,0,1
HUT100016,22,10.181,15,1.65,50.3,MAT_05,0.681,3,1,0,1
HUT100016,23,3.639,7,0.95,28.2,COL_06,0.026,3,3,1,1
HUT100016,24,3.083,7,0.73,20.1,COL_06,0.059,4,3,1,1
HUT100016,25,5.933,8,1.09,21.2,COL_06,0.075,2,2,1,1
HUT100016,26,6.73,13,0.61,29.4,COL_06,0.088,3,2,1,1
HUT100017,1,0.518,14,1.44,40.9,KUR_03,0.929,1,1,0,1
HUT100017,2,0.622,11,2.07,31.2,KUR_03,0.942,1,1,0,1
HUT100017,3,0.554,12,1.68,40.5,KUR_03,0.902,1,1,0,1
HUT100017,4,0.549,9,1.61,23.1,KUR_03,0.907,1,1,0,1
HUT100017,5,0.586,15,1.79,42.3,KUR_03,0.861,1,1,0,1
HUT100017,6,0.56,13,1.61,35.1,KUR_03,0.933,1,1,0,1
HUT100017,7,0.545,14,1.36,39.7,KUR_03,0.886,1,1,0,1
HUT100017,8,0.602,14,1.26,27.5,KUR_03,0.863,1,1,0,1
HUT100017,9,0.447,12,1.21,34.1,KUR_03,0.938,1,1,0,1
HUT100017,10,0.648,11,1.36,32.1,KUR_03,0.919,1,1,0,1
HUT100017,11,0.55,17,1.41,31.1,KUR_03,0.889,1,1,0,1
HUT100017,12,0.687,11,1.47,31.0,KUR_03,0.906,1,1,0,1
HUT100017,13,0.538,13,1.75,34.2,KUR_03,0.863,1,1,0,1
HUT100017,14,0.629,14,1.56,36.3,KUR_03,0.934,1,1,0,1
HUT100017,15,0.571,10,1.75,35.3,KUR_03,0.934,1,1,0,1
HUT100017,16,0.635,14,1.44,31.3,KUR_03,0.936,1,1,0,1
HUT100017,17,0.705,15,1.62,44.2,KUR_03,0.888,1,1,0,1
HUT100017,18,0.704,15,1.47,34.0,KUR_03,0.927,1,1,0,1
HUT100017,19,0.671,16,1.6,26.8,KUR_03,0.94,1,1,0,1
HUT100017,20,0.651,14,1.77,36.0,KUR_03,0.854,1,1,0,1
HUT100017,21,0.542,13,1.55,33.0,KUR_03,0.857,1,1,0,1
HUT100017,22,0.675,11,1.85,31.3,KUR_03,0.928,1,1,0,1
HUT100017,23,0.396,11,0.94,22.9,KUR_03,0.898,1,1,0,1
HUT100017,24,0.35,8,1.19,19.5,KUR_03,0.845,1,1,0,1
HUT100017,25,0.514,14,1.48,17.6,KUR_03,0.874,1,1,0,1
HUT100017,26,0.471,13,1.2,36.1,KUR_03,0.913,1,1,0,1
HUT100018,1,0.002,11,1.97,0.0,GAM_04,0.955,2,1,0,1
HUT100018,2,0.164,7,1.91,17.5,GAM_04,0.928,1,1,0,1
HUT100018,3,0.03,9,1.67,23.7,GAM_04,0.941,2,1,0,1
HUT100018,4,0.006,11,2.25,1.6,GAM_04,0.965,1,1,0,1
HUT100018,5,0.099,8,2.16,31.5,GAM_04,0.931,2,1,0,1
HUT100018,6,0.118,12,2.3,2.3,GAM_04,0.98,1,1,0,1
HUT100018,7,0.134,10,2.06,3.1,GAM_04,0.949,2,1,0,1
HUT100018,8,0.117,11,1.99,30.0,GAM_04,0.942,1,1,0,1
HUT100018,9,0.074,11,2.34,24.5,GAM_04,0.935,1,1,0,1
HUT100018,10,0.083,8,2.11,27.3,GAM_04,0.995,1,1,0,1
HUT100018,11,0.084,13,2.04,17.8,GAM_04,0.935,2,1,0,1
HUT100018,12,0.093,10,2.12,22.1,GAM_04,0.905,1,1,0,1
HUT100018,13,0.117,9,1.79,11.2,GAM_04,0.932,2,1,0,1
HUT100018,14,0.074,13,2.11,4.3,GAM_04,0.969,2,1,0,1
HUT100018,15,0.126,8,2.0,21.8,GAM_04,0.989,1,1,0,1
HUT100018,16,0.09,12,1.64,24.9,GAM_04,0.993,2,1,0,1
HUT100018,17,0.151,9,2.08,10.6,GAM_04,0.941,2,1,0,1
HUT100018,18,0.137,9,1.77,23.6,GAM_04,0.95,1,1,0,1
HUT100018,19,0.083,10,1.86,0.0,GAM_04,0.911,1,1,0,1
HUT100018,20,0.094,13,1.9,15.0,GAM_04,0.909,2,1,0,1
HUT100018,21,0.061,9,2.07,16.6,GAM_04,0.954,1,1,0,1
HUT100018,22,0.117,10,1.61,3.1,GAM_04,0.923,1,1,0,1
HUT100018,23,0.038,7,1.73,6.1,GAM_04,0.947,1,1,0,1
HUT100018,24,0.05,7,1.92,37.4,GAM_04,0.994,1,1,0,1
HUT100018,25,0.089,11,1.79,25.5,GAM_04,0.899,1,1,0,1
HUT100018,26,0.218,9,2.16,23.1,GAM_04,0.977,1,1,0,1
HUT100019,1,1.481,7,0.86,32.6,BAT_01,0.917,1,1,0,1
HUT100019,2,1.548,8,0.8,20.0,BAT_01,0.911,1,1,0,1
HUT100019,3,1.335,7,0.48,29.2,BAT_01,0.868,1,1,0,1
HUT100019,4,1.804,4,0.94,29.9,BAT_01,0.889,1,1,0,1
HUT100019,5,1.519,3,0.35,23.2,BAT_01,0.939,1,1,0,1
HUT100019,6,1.596,7,0.8,22.2,BAT_01,0.912,1,1,0,1
HUT100019,7,1.482,6,0.77,33.0,BAT_01,0.854,1,1,0,1
HUT100019,8,2.182,9,0.69,24.7,BAT_01,0.855,1,1,0,1
HUT100019,9,1.841,10,0.46,22.7,BAT_01,0.895,1,1,0,1
HUT100019,10,1.32,7,0.73,29.9,BAT_01,0.896,1,1,0,1
HUT100019,11,1.753,7,0.52,31.7,BAT_01,0.94,1,1,0,1
HUT100019,12,1.687,5,0.61,29.9,BAT_01,0.88,1,1,0,1
HUT100019,13,1.444,5,0.63,25.7,BAT_01,0.924,1,1,0,1
HUT100019,14,1.472,9,0.63,24.6,BAT_01,0.843,1,1,0,1
HUT100019,15,1.481,8,0.57,30.5,BAT_01,0.868,1,1,0,1
HUT100019,16,1.585,5,0.58,23.2,BAT_01,0.853,1,1,0,1
HUT100019,17,1.66,8,0.45,29.8,BAT_01,0.939,1,1,0,1
HUT100019,18,1.647,7,0.5,30.2,BAT_01,0.886,1,1,0,1
HUT100019,19,1.175,8,0.3,11.6,BAT_01,0.891,1,1,0,1
HUT100019,20,0.993,4,0.48,17.8,BAT_01,0.919,1,1,0,1
HUT100019,21,1.212,3,0.17,16.1,BAT_01,0.941,1,1,0,1
HUT100019,22,0.861,5,0.41,19.0,BAT_01,0.929,1,1,0,1
HUT100019,23,0.41,4,0.13,12.2,BAT_01,0.855,1,1,0,1
HUT100019,24,0.559,4,0.18,12.8,BAT_01,0.871,1,1,0,1
HUT100019,25,0.608,4,0.45,9.6,BAT_01,0.887,1,1,0,1
HUT100019,26,0.717,7,0.48,16.6,BAT_01,0.892,1,1,0,1
HUT100020,1,0.627,8,0.12,53.5,NEG_12,0.983,1,1,0,1
HUT100020,2,0.863,11,0.92,52.2,NEG_12,1.0,1,1,0,1
HUT100020,3,0.598,14,0.49,39.0,NEG_12,0.952,1,1,0,1
HUT100020,4,0.738,13,0.93,59.7,NEG_12,0.912,1,1,0,1
HUT100020,5,0.647,15,0.52,64.2,NEG_12,0.956,1,1,0,1
HUT100020,6,0.663,10,0.88,62.8,NEG_12,0.907,1,1,0,1
HUT100020,7,0.676,11,0.76,38.0,NEG_12,0.961,1,1,0,1
HUT100020,8,0.428,9,0.53,69.9,NEG_12,1.0,1,1,0,1
HUT100020,9,0.686,11,0.78,46.5,NEG_12,0.951,1,1,0,1
HUT100020,10,0.732,10,0.92,37.4,NEG_12,0.994,1,1,0,1
HUT100020,11,0.673,11,0.52,40.7,NEG_12,1.0,1,1,0,1
HUT100020,12,0.805,14,0.37,57.4,NEG_12,0.998,1,1,0,1
HUT100020,13,0.616,8,0.52,41.0,NEG_12,0.946,1,1,0,1
HUT100020,14,0.807,10,0.52,40.2,NEG_12,0.913,1,1,0,1
HUT100020,15,0.589,10,0.62,47.2,NEG_12,0.98,1,1,0,1
HUT100020,16,0.625,8,0.51,50.8,NEG_12,0.912,1,1,0,1
HUT100020,17,0.632,12,0.35,41.2,NEG_12,0.933,1,1,0,1
HUT100020,18,0.411,13,0.88,62.0,NEG_12,0.924,1,1,0,1
HUT100020,19,0.756,9,0.7,54.4,NEG_12,0.99,1,1,0,1
HUT100020,20,0.579,11,0.41,61.7,NEG_12,0.965,1,1,0,1
HUT100020,21,0.713,9,0.83,32.8,NEG_12,0.915,1,1,0,1
HUT100020,22,0.794,11,0.4,51.9,NEG_12,0.914,1,1,0,1
HUT100020,23,0.423,6,0.29,26.0,NEG_12,0.917,1,1,0,1
HUT100020,24,0.496,10,0.06,30.5,NEG_12,0.916,1,1,0,1
HUT100020,25,0.652,10,0.33,34.7,NEG_12,0.946,1,1,0,1
HUT100020,26,0.678,12,0.95,48.0,NEG_12,0.973,1,1,0,1
HUT100021,1,0.043,9,0.95,12.5,NEG_10,0.908,1,1,0,1
HUT100021,2,0.057,7,0.84,19.1,NEG_10,0.902,1,1,0,1
HUT100021,3,0.122,6,0.89,7.8,NEG_10,0.995,1,1,0,1
HUT100021,4,0.068,9,1.08,12.5,NEG_10,0.975,1,1,0,1
HUT100021,5,0.17,5,1.18,13.9,NEG_10,0.956,1,1,0,1
HUT100021,6,0.083,9,1.12,1.3,NEG_10,0.922,1,1,0,1
HUT100021,7,0.144,7,0.89,9.9,NEG_10,0.981,1,1,0,1
HUT100021,8,0.067,8,1.18,17.7,NEG_10,0.986,1,1,0,1
HUT100021,9,0.097,8,0.66,1.7,NEG_10,0.986,1,1,0,1
HUT100021,10,0.094,9,1.04,3.8,NEG_10,0.945,1,1,0,1
HUT100021,11,0.054,10,1.06,3.5,NEG_10,0.917,1,1,0,1
HUT100021,12,0.114,7,1.0,12.3,NEG_10,0.975,1,1,0,1
HUT100021,13,0.037,10,1.07,8.7,NEG_10,0.949,1,1,0,1
HUT100021,14,0.096,9,1.39,0.0,NEG_10,0.928,1,1,0,1
HUT100021,15,0.09,8,0.98,13.3,NEG_10,0.947,1,1,0,1
HUT100021,16,0.122,9,1.19,11.1,NEG_10,0.906,1,1,0,1
HUT100021,17,0.073,7,0.61,0.0,NEG_10,0.969,1,1,0,1
HUT100021,18,0.09,7,1.24,6.4,NEG_10,0.945,1,1,0,1
HUT100021,19,0.059,7,0.7,0.8,NEG_10,0.951,1,1,0,1
HUT100021,20,0.143,6,1.53,8.6,NEG_10,0.992,1,1,0,1
HUT100021,21,0.094,7,0.72,0.0,NEG_10,0.998,1,1,0,1
HUT100021,22,0.089,5,0.79,8.6,NEG_10,0.909,1,1,0,1
HUT100021,23,0.018,5,1.06,0.0,NEG_10,0.897,1,1,0,1
HUT100021,24,0.085,6,0.62,0.0,NEG_10,0.972,1,1,0,1
HUT100021,25,0.088,8,1.15,4.1,NEG_10,0.944,1,1,0,1
HUT100021,26,0.036,6,0.46,7.0,NEG_10,0.908,1,1,0,1
HUT100022,1,9.855,7,1.26,26.7,NEG_06,0.634,3,1,0,1
HUT100022,2,8.717,7,0.44,29.5,NEG_06,0.635,3,1,0,1
HUT100022,3,9.983,11,0.95,39.8,NEG_06,0.593,3,1,0,1
HUT100022,4,9.448,9,1.13,26.5,NEG_06,0.598,2,1,0,1
HUT100022,5,9.935,7,0.99,34.9,NEG_06,0.622,3,1,0,1
HUT100022,6,9.199,6,1.09,35.5,NEG_06,0.613,3,1,0,1
HUT100022,7,9.361,6,0.97,33.8,NEG_06,0.628,3,1,0,1
HUT100022,8,11.956,10,0.82,46.4,NEG_06,0.627,3,1,0,1
HUT100022,9,10.836,8,0.82,34.9,NEG_06,0.577,3,1,0,1
HUT100022,10,7.684,8,0.95,47.0,NEG_06,0.639,3,1,0,1
HUT100022,11,8.661,9,0.64,47.0,NEG_06,0.624,3,1,0,1
HUT100022,12,9.642,8,0.83,37.5,NEG_06,0.627,2,1,0,1
HUT100022,13,8.905,8,0.82,46.7,NEG_06,0.602,3,1,0,1
HUT100022,14,9.199,10,1.31,30.1,NEG_06,0.645,3,1,0,1
HUT100022,15,9.628,10,0.57,33.4,NEG_06,0.603,3,1,0,1
HUT100022,16,8.61,9,1.1,41.9,NEG_06,0.596,3,1,0,1
HUT100022,17,9.414,9,0.93,41.0,NEG_06,0.578,3,1,0,1
HUT100022,18,7.629,9,1.05,56.9,NEG_06,0.579,3,1,0,1
HUT100022,19,7.666,6,0.51,45.2,NEG_06,0.584,3,1,0,1
HUT100022,20,6.691,6,1.25,48.3,NEG_06,0.592,2,1,0,1
HUT100022,21,7.782,7,1.11,45.3,NEG_06,0.644,2,1,0,1
HUT100022,22,9.336,8,1.27,41.9,NEG_06,0.579,3,1,0,1
HUT100022,23,5.429,5,0.55,30.9,NEG_06,0.586,3,1,0,1
HUT100022,24,4.737,4,0.86,29.2,NEG_06,0.61,3,1,0,1
HUT100022,25,10.307,9,1.0,52.6,NEG_06,0.58,3,1,0,1
HUT100022,26,8.532,9,1.18,35.7,NEG_06,0.608,3,1,0,1
HUT100023,1,3.259,5,1.42,45.0,TRI_06,0.79,4,1,0,1
HUT100023,2,3.472,3,1.27,60.7,TRI_06,0.751,3,1,0,1
HUT100023,3,2.022,5,1.56,51.0,TRI_06,0.785,3,1,0,1
HUT100023,4,3.582,6,1.49,54.8,TRI_06,0.787,3,1,0,1
HUT100023,5,4.049,6,1.21,48.2,TRI_06,0.771,3,1,0,1
HUT100023,6,3.518,5,1.24,27.4,TRI_06,0.709,3,1,0,1
HUT100023,7,4.194,3,1.18,46.1,TRI_06,0.731,3,1,0,1
HUT100023,8,3.506,3,1.5,55.8,TRI_06,0.718,3,1,0,1
HUT100023,9,3.697,5,1.16,54.0,TRI_06,0.719,3,1,0,1
HUT100023,10,3.226,2,1.17,41.1,TRI_06,0.714,3,1,0,1
HUT100023,11,3.113,3,1.31,45.8,TRI_06,0.726,4,1,0,1
HUT100023,12,3.104,4,1.02,39.3,TRI_06,0.713,3,1,0,1
HUT100023,13,3.545,4,1.17,62.4,TRI_06,0.751,3,1,0,1
HUT100023,14,3.251,2,1.24,37.7,TRI_06,0.789,3,1,0,1
HUT100023,15,3.077,6,1.65,47.3,TRI_06,0.763,3,1,0,1
HUT100023,16,3.366,5,0.92,54.6,TRI_06,0.736,4,1,0,1
HUT100023,17,3.879,3,1.32,40.5,TRI_06,0.728,3,1,0,1
HUT100023,18,3.379,4,0.81,51.1,TRI_06,0.745,3,1,0,1
HUT100023,19,3.528,5,1.02,47.8,TRI_06,0.758,3,1,0,1
HUT100023,20,2.535,4,1.37,62.7,TRI_06,0.76,3,1,0,1
HUT100023,21,3.263,3,0.91,32.8,TRI_06,0.715,4,1,0,1
HUT100023,22,3.314,4,1.63,47.8,TRI_06,0.782,3,1,0,1
HUT100023,23,1.848,0,1.33,32.2,TRI_06,0.774,3,1,0,1
HUT100023,24,2.689,0,1.25,32.6,TRI_06,0.727,3,1,0,1
HUT100023,25,3.032,1,1.6,25.9,TRI_06,0.71,3,1,0,1
HUT100023,26,3.06,3,1.08,50.5,TRI_06,0.765,3,1,0,1
HUT100024,1,4.197,6,0.25,55.6,COL_05,0.941,1,1,0,1
HUT100024,2,4.412,10,0.23,44.1,COL_05,0.873,1,1,0,1
HUT100024,3,4.76,10,0.2,58.8,COL_05,0.932,1,1,0,1
HUT100024,4,4.699,13,0.23,55.6,COL_05,0.943,1,1,0,1
HUT100024,5,5.035,8,0.7,65.7,COL_05,0.942,1,1,0,1
HUT100024,6,5.239,7,0.17,59.6,COL_05,0.895,1,1,0,1
HUT100024,7,4.597,11,0.81,51.3,COL_05,0.965,1,1,0,1
HUT100024,8,4.993,9,0.81,57.7,COL_05,0.943,1,1,0,1
HUT100024,9,5.367,8,0.23,60.8,COL_05,0.955,1,1,0,1
HUT100024,10,5.114,6,0.24,56.4,COL_05,0.898,1,1,0,1
HUT100024,11,4.879,9,0.0,60.8,COL_05,0.897,1,1,0,1
HUT100024,12,5.605,7,0.74,55.7,COL_05,0.959,1,1,0,1
HUT100024,13,5.104,9,0.39,54.7,COL_05,0.895,1,1,0,1
HUT100024,14,5.341,9,0.51,61.2,COL_05,0.941,1,1,0,1
HUT100024,15,5.439,8,0.14,54.8,COL_05,0.928,1,1,0,1
HUT100024,16,5.649,6,0.06,56.3,COL_05,0.886,1,1,0,1
HUT100024,17,6.058,6,0.22,56.9,COL_05,0.906,1,1,0,1
HUT100024,18,5.142,8,0.69,47.9,COL_05,0.9,1,1,0,1
HUT100024,19,4.833,8,0.43,61.3,COL_05,0.859,1,1,0,1
HUT100024,20,5.301,10,0.25,55.7,COL_05,0.931,1,1,0,1
HUT100024,21,5.224,8,0.41,58.7,COL_05,0.941,1,1,0,1
HUT100024,22,5.051,7,0.26,54.6,COL_05,0.919,1,1,0,1
HUT100024,23,3.223,4,0.53,37.1,COL_05,0.945,1,1,0,1
HUT100024,24,3.212,5,0.25,30.0,COL_05,0.962,1,1,0,1
HUT100024,25,5.968,8,0.47,56.8,COL_05,0.889,1,1,0,1
HUT100024,26,5.097,10,0.54,52.5,COL_05,0.917,1,1,0,1
HUT100025,1,4.896,11,2.76,50.3,MAT_07,0.776,2,1,0,1
HUT100025,2,4.878,9,2.37,50.8,MAT_07,0.777,2,1,0,1
HUT100025,3,5.499,11,2.41,52.2,MAT_07,0.788,3,1,0,1
HUT100025,4,4.865,9,2.59,61.9,MAT_07,0.769,2,1,0,1
HUT100025,5,4.949,6,2.36,38.7,MAT_07,0.793,2,1,0,1
HUT100025,6,4.641,6,2.75,41.7,MAT_07,0.759,3,1,0,1
HUT100025,7,5.315,10,2.58,64.3,MAT_07,0.8,2,1,0,1
HUT100025,8,4.97,6,2.82,38.6,MAT_07,0.756,2,1,0,1
HUT100025,9,4.218,10,2.65,60.7,MAT_07,0.74,2,1,0,1
HUT100025,10,5.384,6,2.56,48.4,MAT_07,0.777,2,1,0,1
HUT100025,11,5.209,8,2.86,62.3,MAT_07,0.724,2,1,0,1
HUT100025,12,5.987,5,2.55,60.1,MAT_07,0.783,2,1,0,1
HUT100025,13,4.13,8,2.76,44.9,MAT_07,0.794,2,1,0,1
HUT100025,14,5.035,8,2.73,43.9,MAT_07,0.77,2,1,0,1
HUT100025,15,5.999,11,2.68,54.4,MAT_07,0.763,2,1,0,1
HUT100025,16,4.114,7,2.69,59.7,MAT_07,0.801,3,1,0,1
HUT100025,17,3.124,6,1.67,54.4,MAT_07,0.751,2,1,0,1
HUT100025,18,2.643,7,1.73,25.2,MAT_07,0.758,2,1,0,1
HUT100025,19,1.656,4,1.18,11.8,MAT_07,0.81,2,1,0,1
HUT100025,20,2.356,6,1.71,20.1,MAT_07,0.771,3,1,0,1
HUT100025,21,2.495,6,1.73,13.4,MAT_07,0.76,2,1,0,1
HUT100025,22,3.175,7,1.57,13.2,MAT_07,0.776,2,1,0,1
HUT100025,23,0.662,4,1.45,0.3,MAT_07,0.744,2,1,0,1
HUT100025,24,1.927,5,1.21,9.5,MAT_07,0.779,3,1,0,1
HUT100025,25,0.754,4,1.57,23.4,MAT_07,0.73,2,1,0,1
HUT100025,26,2.0,5,2.28,17.6,MAT_07,0.752,2,1,0,1
HUT100026,1,1.22,14,1.94,83.1,GAM_07,0.968,1,1,0,1
HUT100026,2,1.307,11,1.6,80.0,GAM_07,0.987,1,1,0,1
HUT100026,3,1.222,12,2.06,67.6,GAM_07,0.903,1,1,0,1
HUT100026,4,1.297,12,1.72,78.9,GAM_07,0.943,1,1,0,1
HUT100026,5,1.244,10,1.42,71.6,GAM_07,0.974,2,1,0,1
HUT100026,6,1.291,11,1.69,80.8,GAM_07,0.979,1,1,0,1
HUT100026,7,1.342,13,1.31,88.9,GAM_07,0.888,1,1,0,1
HUT100026,8,1.306,13,2.04,90.4,GAM_07,0.988,1,1,0,1
HUT100026,9,1.1,11,1.54,76.8,GAM_07,0.889,1,1,0,1
HUT100026,10,1.298,11,1.87,97.7,GAM_07,0.897,1,1,0,1
HUT100026,11,1.081,10,1.4,69.8,GAM_07,0.972,1,1,0,1
HUT100026,12,1.228,13,1.84,91.6,GAM_07,0.886,2,1,0,1
HUT100026,13,1.261,14,1.52,81.8,GAM_07,0.916,1,1,0,1
HUT100026,14,1.263,11,2.03,70.8,GAM_07,0.889,2,1,0,1
HUT100026,15,1.172,12,1.63,76.0,GAM_07,0.905,1,1,0,1
HUT100026,16,1.292,14,1.26,85.6,GAM_07,0.906,2,1,0,1
HUT100026,17,1.29,12,1.61,94.0,GAM_07,0.987,1,1,0,1
HUT100026,18,1.143,10,1.92,80.6,GAM_07,0.901,1,1,0,1
HUT100026,19,1.171,10,1.6,84.8,GAM_07,0.995,2,1,0,1
HUT100026,20,1.27,9,1.38,79.6,GAM_07,0.907,1,1,0,1
HUT100026,21,1.37,12,1.81,70.2,GAM_07,0.95,2,1,0,1
HUT100026,22,1.33,12,1.64,81.1,GAM_07,0.921,2,1,0,1
HUT100026,23,0.729,10,1.08,46.0,GAM_07,0.911,1,1,0,1
HUT100026,24,0.844,11,1.4,44.3,GAM_07,0.896,2,1,0,1
HUT100026,25,1.147,12,1.36,81.3,GAM_07,0.916,1,1,0,1
HUT100026,26,1.389,11,1.48,89.0,GAM_07,0.89,1,1,0,1
HUT100027,1,1.771,6,0.94,48.6,GAM_10,0.898,2,1,0,1
HUT100027,2,1.519,10,0.69,53.4,GAM_10,0.862,2,1,0,1
HUT100027,3,1.386,9,0.77,38.4,GAM_10,0.864,1,1,0,1
HUT100027,4,1.743,9,1.09,44.0,GAM_10,0.876,2,1,0,1
HUT100027,5,1.74,7,0.72,44.0,GAM_10,0.858,2,1,0,1
HUT100027,6,1.629,7,0.79,42.2,GAM_10,0.936,2,1,0,1
HUT100027,7,1.498,8,0.69,56.7,GAM_10,0.858,2,1,0,1
HUT100027,8,1.452,6,0.87,55.7,GAM_10,0.94,1,1,0,1
HUT100027,9,1.918,9,0.8,26.6,GAM_10,0.903,2,1,0,1
HUT100027,10,1.75,8,1.25,59.7,GAM_10,0.872,1,1,0,1
HUT100027,11,1.804,10,0.77,50.4,GAM_10,0.871,2,1,0,1
HUT100027,12,1.52,8,1.15,62.3,GAM_10,0.915,2,1,0,1
HUT100027,13,1.415,7,1.0,42.4,GAM_10,0.86,1,1,0,1
HUT100027,14,2.048,9,1.26,45.8,GAM_10,0.903,2,1,0,1
HUT100027,15,1.935,11,0.95,49.7,GAM_10,0.874,2,1,0,1
HUT100027,16,1.466,7,0.69,48.9,GAM_10,0.901,2,1,0,1
HUT100027,17,1.513,5,0.92,59.6,GAM_10,0.94,2,1,0,1
HUT100027,18,1.49,9,1.07,35.3,GAM_10,0.954,2,1,0,1
HUT100027,19,1.702,6,0.99,40.9,GAM_10,0.917,2,1,0,1
HUT100027,20,1.493,11,1.47,49.1,GAM_10,0.922,2,1,0,1
HUT100027,21,1.694,7,1.09,37.3,GAM_10,0.879,2,1,0,1
HUT100027,22,2.029,7,0.96,58.1,GAM_10,0.915,2,1,0,1
HUT100027,23,1.163,6,0.55,34.7,GAM_10,0.881,1,1,0,1
HUT100027,24,1.097,8,0.49,10.4,GAM_10,0.958,2,1,0,1
HUT100027,25,1.708,9,0.6,46.9,GAM_10,0.899,1,1,0,1
HUT100027,26,1.669,5,1.0,59.1,GAM_10,0.881,2,1,0,1
HUT100028,1,4.636,13,0.94,33.4,ANU_03,0.872,1,1,0,1
HUT100028,2,5.365,14,0.76,40.7,ANU_03,0.909,1,1,0,1
HUT100028,3,4.56,12,0.7,43.1,ANU_03,0.872,1,1,0,1
HUT100028,4,6.362,13,0.9,26.4,ANU_03,0.937,1,1,0,1
HUT100028,5,5.711,13,0.93,42.0,ANU_03,0.893,1,1,0,1
HUT100028,6,6.175,11,0.98,34.8,ANU_03,0.883,1,1,0,1
HUT100028,7,6.459,13,0.92,35.3,ANU_03,0.89,1,1,0,1
HUT100028,8,6.296,14,1.24,39.4,ANU_03,0.859,1,1,0,1
HUT100028,9,5.596,14,0.59,33.8,ANU_03,0.939,1,1,0,1
HUT100028,10,4.679,12,0.44,33.1,ANU_03,0.885,1,1,0,1
HUT100028,11,4.962,12,0.98,39.9,ANU_03,0.949,1,1,0,1
HUT100028,12,5.738,11,1.21,34.4,ANU_03,0.908,1,1,0,1
HUT100028,13,5.222,11,0.76,35.2,ANU_03,0.955,1,1,0,1
HUT100028,14,5.808,12,0.66,27.4,ANU_03,0.9,1,1,0,1
HUT100028,15,6.764,13,1.1,34.7,ANU_03,0.939,1,1,0,1
HUT100028,16,6.515,12,1.13,37.8,ANU_03,0.891,1,1,0,1
HUT100028,17,6.3,11,0.98,34.8,ANU_03,0.909,1,1,0,1
HUT100028,18,6.935,14,0.88,24.9,ANU_03,0.853,1,1,0,1
HUT100028,19,4.133,11,0.95,34.6,ANU_03,0.909,1,1,0,1
HUT100028,20,3.331,13,0.98,30.3,ANU_03,0.888,1,1,0,1
HUT100028,21,5.239,8,0.51,18.5,ANU_03,0.875,1,1,0,1
HUT100028,22,5.097,10,0.76,25.4,ANU_03,0.858,1,1,0,1
HUT100028,23,1.911,5,0.63,11.1,ANU_03,0.891,1,1,0,1
HUT100028,24,1.498,3,0.36,14.7,ANU_03,0.859,1,1,0,1
HUT100028,25,4.754,9,0.87,29.2,ANU_03,0.904,1,1,0,1
HUT100028,26,2.09,7,0.79,23.4,ANU_03,0.933,1,1,0,1
HUT100029,1,0.046,17,1.71,31.8,GAM_03,0.88,1,1,0,1
HUT100029,2,0.055,17,1.88,35.0,GAM_03,0.912,1,1,0,1
HUT100029,3,0.055,13,1.17,23.1,GAM_03,0.902,1,1,0,1
HUT100029,4,0.052,15,1.5,48.8,GAM_03,0.879,1,1,0,1
HUT100029,5,0.057,18,1.64,40.2,GAM_03,0.929,1,1,0,1
HUT100029,6,0.052,17,1.63,32.8,GAM_03,0.921,1,1,0,1
HUT100029,7,0.05,16,1.36,30.6,GAM_03,0.867,1,1,0,1
HUT100029,8,0.041,16,1.87,50.2,GAM_03,0.835,1,1,0,1
HUT100029,9,0.053,16,2.07,41.7,GAM_03,0.863,1,1,0,1
HUT100029,10,0.05,14,1.47,31.7,GAM_03,0.886,1,1,0,1
HUT100029,11,0.044,16,1.74,36.9,GAM_03,0.929,1,1,0,1
HUT100029,12,0.052,19,1.37,38.6,GAM_03,0.857,1,1,0,1
HUT100029,13,0.048,19,1.3,49.8,GAM_03,0.931,1,1,0,1
HUT100029,14,0.046,17,1.8,38.8,GAM_03,0.848,1,1,0,1
HUT100029,15,0.054,15,2.02,46.3,GAM_03,0.833,1,1,0,1
HUT100029,16,0.056,22,1.56,31.3,GAM_03,0.888,1,1,0,1
HUT100029,17,0.043,17,1.51,45.8,GAM_03,0.909,1,1,0,1
HUT100029,18,0.051,18,1.07,32.6,GAM_03,0.849,1,1,0,1
HUT100029,19,0.044,18,1.55,41.5,GAM_03,0.903,1,1,0,1
HUT100029,20,0.049,19,1.38,37.1,GAM_03,0.926,1,1,0,1
HUT100029,21,0.042,18,1.1,43.5,GAM_03,0.859,1,1,0,1
HUT100029,22,0.046,17,1.29,35.4,GAM_03,0.896,1,1,0,1
HUT100029,23,0.034,14,1.11,25.0,GAM_03,0.83,1,1,0,1
HUT100029,24,0.031,12,1.15,21.2,GAM_03,0.893,1,1,0,1
HUT100029,25,0.051,18,1.47,37.5,GAM_03,0.934,1,1,0,1
HUT100029,26,0.062,18,1.46,40.0,GAM_03,0.925,1,1,0,1
HUT100030,1,0.047,15,0.66,7.5,TRI_08,0.74,3,1,0,1
HUT100030,2,0.092,15,0.51,16.2,TRI_08,0.761,3,1,0,1
HUT100030,3,0.093,17,0.39,10.4,TRI_08,0.754,3,1,0,1
HUT100030,4,0.091,16,0.96,1.6,TRI_08,0.753,3,1,0,1
HUT100030,5,0.052,16,0.47,0.0,TRI_08,0.759,3,1,0,1
HUT100030,6,0.074,16,0.85,15.5,TRI_08,0.694,4,1,0,1
HUT100030,7,0.054,11,0.39,13.0,TRI_08,0.737,3,1,0,1
HUT100030,8,0.0,13,0.37,5.7,TRI_08,0.709,4,1,0,1
HUT100030,9,0.028,14,0.5,5.7,TRI_08,0.752,3,1,0,1
HUT100030,10,0.088,16,0.65,15.7,TRI_08,0.739,3,1,0,1
HUT100030,11,0.065,13,0.13,22.1,TRI_08,0.711,3,1,0,1
HUT100030,12,0.124,13,0.85,0.0,TRI_08,0.743,3,1,0,1
HUT100030,13,0.066,15,0.27,14.5,TRI_08,0.78,3,1,0,1
HUT100030,14,0.037,13,0.65,6.0,TRI_08,0.738,3,1,0,1
HUT100030,15,0.103,16,0.46,0.0,TRI_08,0.768,4,1,0,1
HUT100030,16,0.077,16,0.48,4.2,TRI_08,0.738,3,1,0,1
HUT100030,17,0.074,16,0.23,8.4,TRI_08,0.703,3,1,0,1
HUT100030,18,0.051,14,0.52,13.4,TRI_08,0.718,3,1,0,1
HUT100030,19,0.043,14,0.51,28.8,TRI_08,0.737,4,1,0,1
HUT100030,20,0.075,19,0.72,4.4,TRI_08,0.745,4,1,0,1
HUT100030,21,0.049,15,0.73,9.6,TRI_08,0.748,3,1,0,1
HUT100030,22,0.09,15,0.59,0.0,TRI_08,0.738,3,1,0,1
HUT100030,23,0.026,12,0.73,3.8,TRI_08,0.711,3,1,0,1
HUT100030,24,0.006,11,0.94,13.3,TRI_08,0.726,3,1,0,1
HUT100030,25,0.095,16,0.2,20.7,TRI_08,0.772,4,1,0,1
HUT100030,26,0.083,14,0.54,21.0,TRI_08,0.745,3,1,0,1
HUT100031,1,1.273,4,1.24,51.7,ANU_01,0.338,14,3,0,1
HUT100031,2,1.649,5,1.1,69.1,ANU_01,0.327,12,2,0,1
HUT100031,3,1.4,4,1.01,81.7,ANU_01,0.332,12,3,0,1
HUT100031,4,1.611,4,1.26,71.0,ANU_01,0.324,13,3,0,1
HUT100031,5,1.513,4,1.16,62.5,ANU_01,0.321,13,3,0,1
HUT100031,6,1.2,7,1.11,72.8,ANU_01,0.344,11,3,0,1
HUT100031,7,1.751,5,1.22,59.0,ANU_01,0.335,13,2,0,1
HUT100031,8,1.458,2,1.33,44.3,ANU_01,0.315,15,3,0,1
HUT100031,9,1.333,1,1.38,70.4,ANU_01,0.327,15,3,0,1
HUT100031,10,1.289,5,1.42,65.1,ANU_01,0.328,13,3,0,1
HUT100031,11,1.348,5,1.32,58.9,ANU_01,0.31,12,3,0,1
HUT100031,12,1.458,6,1.51,59.7,ANU_01,0.33,14,3,0,1
HUT100031,13,1.316,5,1.22,56.5,ANU_01,0.321,11,3,0,1
HUT100031,14,1.405,9,0.73,61.2,ANU_01,0.315,13,3,0,1
HUT100031,15,1.278,7,1.37,62.3,ANU_01,0.306,12,2,0,1
HUT100031,16,1.152,5,1.09,71.0,ANU_01,0.308,15,3,0,1
HUT100031,17,1.582,3,0.99,57.2,ANU_01,0.326,12,3,0,1
HUT100031,18,1.315,6,1.21,64.6,ANU_01,0.323,15,3,0,1
HUT100031,19,1.62,4,1.5,87.4,ANU_01,0.326,12,3,0,1
HUT100031,20,1.471,5,1.51,54.1,ANU_01,0.333,13,2,0,1
HUT100031,21,1.435,2,1.18,55.7,ANU_01,0.31,11,2,0,1
HUT100031,22,1.212,5,1.18,72.8,ANU_01,0.309,13,3,0,1
HUT100031,23,0.97,2,0.53,31.8,ANU_01,0.32,13,2,0,1
HUT100031,24,0.827,0,0.87,41.4,ANU_01,0.321,13,2,0,1
HUT100031,25,1.29,5,0.88,65.2,ANU_01,0.322,14,3,0,1
HUT100031,26,1.301,3,1.09,50.0,ANU_01,0.319,13,3,0,1
HUT100032,1,1.852,4,1.7,46.0,RAT_09,0.558,3,1,0,1
HUT100032,2,2.368,1,2.06,39.4,RAT_09,0.561,3,1,0,1
HUT100032,3,2.347,2,1.69,58.6,RAT_09,0.55,2,1,0,1
HUT100032,4,2.016,5,1.81,42.3,RAT_09,0.555,2,1,0,1
HUT100032,5,2.181,2,1.5,32.4,RAT_09,0.564,2,1,0,1
HUT100032,6,1.959,3,1.6,46.3,RAT_09,0.59,3,1,0,1
HUT100032,7,1.296,4,1.55,44.3,RAT_09,0.572,2,1,0,1
HUT100032,8,2.517,0,1.48,60.4,RAT_09,0.559,2,1,0,1
HUT100032,9,2.129,5,1.75,46.5,RAT_09,0.593,3,1,0,1
HUT100032,10,2.008,1,1.81,54.1,RAT_09,0.558,3,1,0,1
HUT100032,11,2.024,2,1.92,40.3,RAT_09,0.54,3,1,0,1
HUT100032,12,1.883,5,1.78,36.5,RAT_09,0.579,3,1,0,1
HUT100032,13,2.378,5,2.33,46.0,RAT_09,0.569,3,1,0,1
HUT100032,14,2.131,6,1.77,51.5,RAT_09,0.556,3,1,0,1
HUT100032,15,1.392,4,1.79,45.0,RAT_09,0.555,2,1,0,1
HUT100032,16,1.65,4,1.76,55.3,RAT_09,0.591,2,1,0,1
HUT100032,17,2.616,2,2.11,45.5,RAT_09,0.561,3,1,0,1
HUT100032,18,2.257,2,1.78,39.4,RAT_09,0.591,3,1,0,1
HUT100032,19,2.353,4,1.6,41.7,RAT_09,0.549,3,1,0,1
HUT100032,20,1.943,5,1.69,38.0,RAT_09,0.542,2,1,0,1
HUT100032,21,2.043,6,2.14,33.3,RAT_09,0.593,2,1,0,1
HUT100032,22,2.083,4,1.81,47.6,RAT_09,0.596,2,1,0,1
HUT100032,23,1.4,4,1.5,25.5,RAT_09,0.569,3,1,0,1
HUT100032,24,1.226,4,1.53,34.9,RAT_09,0.596,2,1,0,1
HUT100032,25,2.056,3,2.1,47.9,RAT_09,0.539,2,1,0,1
HUT100032,26,2.236,7,1.97,49.3,RAT_09,0.588,3,1,0,1
HUT100033,1,1.54,11,0.92,40.5,NEG_03,0.863,1,1,0,1
HUT100033,2,1.427,11,0.85,31.9,NEG_03,0.896,1,1,0,1
HUT100033,3,1.256,11,0.94,45.3,NEG_03,0.957,2,1,0,1
HUT100033,4,1.581,11,1.06,35.4,NEG_03,0.939,1,1,0,1
HUT100033,5,1.23,10,1.28,36.1,NEG_03,0.955,2,1,0,1
HUT100033,6,1.438,12,0.86,32.5,NEG_03,0.95,2,1,0,1
HUT100033,7,1.669,14,1.27,35.3,NEG_03,0.886,2,1,0,1
HUT100033,8,1.638,11,1.08,27.8,NEG_03,0.933,2,1,0,1
HUT100033,9,1.456,8,1.18,40.7,NEG_03,0.909,2,1,0,1
HUT100033,10,1.738,11,0.98,33.4,NEG_03,0.938,1,1,0,1
HUT100033,11,1.511,12,0.91,40.0,NEG_03,0.866,1,1,0,1
HUT100033,12,1.467,11,1.0,33.7,NEG_03,0.892,2,1,0,1
HUT100033,13,1.398,10,0.77,27.3,NEG_03,0.899,2,1,0,1
HUT100033,14,1.415,10,0.88,29.9,NEG_03,0.875,1,1,0,1
HUT100033,15,1.205,11,0.7,29.3,NEG_03,0.919,1,1,0,1
HUT100033,16,1.384,9,0.98,29.5,NEG_03,0.864,2,1,0,1
HUT100033,17,1.713,10,0.86,38.0,NEG_03,0.959,2,1,0,1
HUT100033,18,1.423,9,1.09,34.2,NEG_03,0.913,2,1,0,1
HUT100033,19,1.413,12,0.62,44.0,NEG_03,0.884,1,1,0,1
HUT100033,20,1.422,12,0.93,33.5,NEG_03,0.878,2,1,0,1
HUT100033,21,1.557,9,0.86,34.7,NEG_03,0.919,1,1,0,1
HUT100033,22,1.488,11,0.55,38.1,NEG_03,0.944,2,1,0,1
HUT100033,23,0.819,7,0.97,28.1,NEG_03,0.896,2,1,0,1
HUT100033,24,0.799,8,0.12,23.1,NEG_03,0.915,2,1,0,1
HUT100033,25,1.345,13,0.72,27.1,NEG_03,0.891,2,1,0,1
HUT100033,26,1.236,11,0.86,21.9,NEG_03,0.925,2,1,0,1
HUT100034,1,1.611,6,1.19,80.3,TRI_11,0.576,3,1,0,1
HUT100034,2,1.667,6,1.27,77.6,TRI_11,0.569,3,1,0,1
HUT100034,3,1.98,5,0.87,38.2,TRI_11,0.628,3,1,0,1
HUT100034,4,1.56,5,1.05,80.5,TRI_11,0.59,3,1,0,1
HUT100034,5,1.955,4,1.23,69.1,TRI_11,0.604,3,1,0,1
HUT100034,6,1.728,6,0.98,67.5,TRI_11,0.61,3,1,0,1
HUT100034,7,1.822,6,1.2,86.1,TRI_11,0.588,3,1,0,1
HUT100034,8,1.639,6,1.3,59.9,TRI_11,0.593,3,1,0,1
HUT100034,9,1.618,7,1.08,62.8,TRI_11,0.567,3,1,0,1
HUT100034,10,1.481,5,1.18,73.5,TRI_11,0.626,3,1,0,1
HUT100034,11,1.473,4,1.34,67.0,TRI_11,0.623,3,1,0,1
HUT100034,12,1.63,3,1.4,80.8,TRI_11,0.598,2,1,0,1
HUT100034,13,1.848,4,0.73,64.0,TRI_11,0.607,2,1,0,1
HUT100034,14,1.983,4,1.06,51.4,TRI_11,0.617,2,1,0,1
HUT100034,15,1.359,4,0.74,81.7,TRI_11,0.62,3,1,0,1
HUT100034,16,1.587,6,1.14,55.5,TRI_11,0.607,3,1,0,1
HUT100034,17,1.184,3,1.28,71.3,TRI_11,0.606,3,1,0,1
HUT100034,18,1.74,7,1.19,33.1,TRI_11,0.582,3,1,0,1
HUT100034,19,1.369,3,1.18,66.8,TRI_11,0.583,3,1,0,1
HUT100034,20,0.734,4,0.69,12.0,TRI_11,0.565,3,1,0,1
HUT100034,21,1.006,5,0.72,44.2,TRI_11,0.627,3,1,0,1
HUT100034,22,0.629,5,1.05,40.4,TRI_11,0.596,3,1,0,1
HUT100034,23,0.095,2,0.0,12.2,TRI_11,0.623,3,1,0,1
HUT100034,24,0.302,2,0.91,6.2,TRI_11,0.568,3,1,0,1
HUT100034,25,0.711,4,0.64,42.8,TRI_11,0.615,3,1,0,1
HUT100034,26,0.916,1,0.61,33.0,TRI_11,0.583,2,1,0,1
HUT100035,1,5.767,6,1.05,58.1,BAT_09,0.909,1,1,0,1
HUT100035,2,5.299,0,1.44,25.3,BAT_09,0.954,1,1,0,1
HUT100035,3,7.247,3,1.2,32.5,BAT_09,0.945,1,1,0,1
HUT100035,4,3.799,4,1.38,48.9,BAT_09,0.875,1,1,0,1
HUT100035,5,5.809,7,0.98,36.6,BAT_09,0.942,1,1,0,1
HUT100035,6,4.808,5,0.92,35.6,BAT_09,0.95,1,1,0,1
HUT100035,7,4.546,5,1.03,45.1,BAT_09,0.924,1,1,0,1
HUT100035,8,6.396,6,1.12,38.9,BAT_09,0.866,1,1,0,1
HUT100035,9,6.301,5,1.87,52.8,BAT_09,0.905,1,1,0,1
HUT100035,10,5.654,4,1.52,33.1,BAT_09,0.882,1,1,0,1
HUT100035,11,6.239,5,1.32,39.9,BAT_09,0.881,1,1,0,1
HUT100035,12,6.503,4,1.26,44.5,BAT_09,0.937,1,1,0,1
HUT100035,13,5.429,5,1.22,39.4,BAT_09,0.916,1,1,0,1
HUT100035,14,4.995,6,1.26,40.5,BAT_09,0.932,1,1,0,1
HUT100035,15,5.672,4,1.7,46.1,BAT_09,0.958,1,1,0,1
HUT100035,16,5.051,5,0.92,54.9,BAT_09,0.887,1,1,0,1
HUT100035,17,6.34,6,1.41,55.1,BAT_09,0.936,1,1,0,1
HUT100035,18,5.635,2,1.44,50.4,BAT_09,0.864,1,1,0,1
HUT100035,19,4.183,3,1.07,41.4,BAT_09,0.924,1,1,0,1
HUT100035,20,6.829,2,1.62,49.9,BAT_09,0.867,1,1,0,1
HUT100035,21,6.359,2,1.09,45.1,BAT_09,0.904,1,1,0,1
HUT100035,22,5.88,5,1.42,42.0,BAT_09,0.899,1,1,0,1
HUT100035,23,3.6,6,1.06,38.1,BAT_09,0.879,1,1,0,1
HUT100035,24,1.639,3,1.27,13.5,BAT_09,0.883,1,1,0,1
HUT100035,25,5.858,3,1.39,42.3,BAT_09,0.874,1,1,0,1
HUT100035,26,6.71,4,1.4,44.1,BAT_09,0.861,1,1,0,1
HUT100036,1,0.627,15,1.12,57.0,RAT_06,0.587,2,1,0,1
HUT100036,2,0.59,15,0.8,51.8,RAT_06,0.551,2,1,0,1
HUT100036,3,0.609,12,1.02,77.9,RAT_06,0.547,2,1,0,1
HUT100036,4,0.665,16,1.35,56.1,RAT_06,0.542,3,1,0,1
HUT100036,5,0.526,11,0.73,52.9,RAT_06,0.592,3,1,0,1
HUT100036,6,0.536,15,1.11,48.8,RAT_06,0.528,3,1,0,1
HUT100036,7,0.66,10,1.08,71.1,RAT_06,0.547,2,1,0,1
HUT100036,8,0.429,9,0.71,47.1,RAT_06,0.557,3,1,0,1
HUT100036,9,0.532,13,1.11,69.3,RAT_06,0.538,3,1,0,1
HUT100036,10,0.59,12,1.05,59.4,RAT_06,0.543,2,1,0,1
HUT100036,11,0.608,13,1.34,62.8,RAT_06,0.581,3,1,0,1
HUT100036,12,0.527,14,0.9,36.5,RAT_06,0.565,3,1,0,1
HUT100036,13,0.486,14,0.83,61.3,RAT_06,0.535,3,1,0,1
HUT100036,14,0.53,14,1.02,47.2,RAT_06,0.572,2,1,0,1
HUT100036,15,0.61,12,1.0,56.8,RAT_06,0.565,2,1,0,1
HUT100036,16,0.506,9,1.04,54.1,RAT_06,0.587,3,1,0,1
HUT100036,17,0.509,13,0.95,50.9,RAT_06,0.585,3,1,0,1
HUT100036,18,0.635,15,1.06,60.4,RAT_06,0.552,3,1,0,1
HUT100036,19,0.344,15,0.13,22.8,RAT_06,0.562,2,1,0,1
HUT100036,20,0.352,13,0.77,25.0,RAT_06,0.558,3,1,0,1
HUT100036,21,0.279,15,0.51,18.8,RAT_06,0.588,3,1,0,1
HUT100036,22,0.247,13,0.8,42.5,RAT_06,0.537,2,1,0,1
HUT100036,23,0.157,7,0.49,17.7,RAT_06,0.542,2,1,0,1
HUT100036,24,0.12,9,0.31,15.3,RAT_06,0.527,2,1,0,1
HUT100036,25,0.226,9,0.26,40.6,RAT_06,0.574,3,1,0,1
HUT100036,26,0.352,11,0.72,10.8,RAT_06,0.552,2,1,0,1
HUT100037,1,7.506,7,2.37,86.5,GAM_07,0.906,1,1,0,1
HUT100037,2,7.641,7,1.68,84.0,GAM_07,0.93,1,1,0,1
HUT100037,3,7.075,8,1.77,83.5,GAM_07,0.88,1,1,0,1
HUT100037,4,7.017,3,1.96,92.5,GAM_07,0.865,1,1,0,1
HUT100037,5,7.093,5,2.49,95.9,GAM_07,0.958,1,1,0,1
HUT100037,6,7.066,8,2.35,90.3,GAM_07,0.897,1,1,0,1
HUT100037,7,7.666,7,2.15,82.8,GAM_07,0.878,1,1,0,1
HUT100037,8,7.535,7,2.13,84.8,GAM_07,0.954,1,1,0,1
HUT100037,9,7.194,5,2.12,84.4,GAM_07,0.874,1,1,0,1
HUT100037,10,7.424,6,2.04,75.3,GAM_07,0.948,1,1,0,1
HUT100037,11,6.97,7,2.02,98.5,GAM_07,0.868,1,1,0,1
HUT100037,12,7.385,6,1.87,84.9,GAM_07,0.924,1,1,0,1
HUT100037,13,6.861,6,2.14,96.7,GAM_07,0.89,1,1,0,1
HUT100037,14,6.687,2,1.71,102.8,GAM_07,0.853,1,1,0,1
HUT100037,15,6.695,4,2.13,81.7,GAM_07,0.862,1,1,0,1
HUT100037,16,6.48,6,1.9,100.1,GAM_07,0.918,1,1,0,1
HUT100037,17,7.947,6,2.02,100.2,GAM_07,0.88,1,1,0,1
HUT100037,18,7.413,7,2.21,83.8,GAM_07,0.96,1,1,0,1
HUT100037,19,7.369,4,1.88,91.5,GAM_07,0.87,1,1,0,1
HUT100037,20,7.33,7,2.12,84.9,GAM_07,0.871,1,1,0,1
HUT100037,21,7.656,10,1.86,87.3,GAM_07,0.899,1,1,0,1
HUT100037,22,7.181,5,2.0,89.5,GAM_07,0.944,1,1,0,1
HUT100037,23,4.935,5,1.41,50.0,GAM_07,0.878,1,1,0,1
HUT100037,24,3.852,6,1.19,44.8,GAM_07,0.859,1,1,0,1
HUT100037,25,5.845,7,1.67,86.9,GAM_07,0.935,1,1,0,1
HUT100037,26,6.987,8,1.62,85.9,GAM_07,0.906,1,1,0,1
HUT100038,1,4.811,12,1.49,38.1,NEG_01,0.966,1,1,0,1
HUT100038,2,6.401,13,1.75,45.8,NEG_01,0.954,2,1,0,1
HUT100038,3,4.685,8,1.75,51.0,NEG_01,0.956,2,1,0,1
HUT100038,4,5.943,12,1.6,59.8,NEG_01,0.934,2,1,0,1
HUT100038,5,5.677,11,1.64,46.1,NEG_01,1.0,2,1,0,1
HUT100038,6,6.122,12,0.9,40.1,NEG_01,0.927,1,1,0,1
HUT100038,7,6.527,12,1.79,48.9,NEG_01,0.921,1,1,0,1
HUT100038,8,5.897,8,1.29,58.9,NEG_01,0.963,2,1,0,1
HUT100038,9,4.445,13,1.66,67.0,NEG_01,0.964,1,1,0,1
HUT100038,10,5.44,10,1.83,37.0,NEG_01,0.974,1,1,0,1
HUT100038,11,5.441,10,1.8,20.9,NEG_01,0.969,2,1,0,1
HUT100038,12,6.296,10,1.72,50.6,NEG_01,1.0,2,1,0,1
HUT100038,13,7.124,12,1.54,41.6,NEG_01,0.929,2,1,0,1
HUT100038,14,5.797,11,1.15,49.8,NEG_01,0.97,2,1,0,1
HUT100038,15,6.008,10,1.2,50.0,NEG_01,0.943,1,1,0,1
HUT100038,16,5.904,10,1.43,64.1,NEG_01,1.0,2,1,0,1
HUT100038,17,5.477,10,1.83,56.2,NEG_01,0.963,2,1,0,1
HUT100038,18,5.743,12,1.43,61.4,NEG_01,0.97,2,1,0,1
HUT100038,19,5.495,12,1.63,49.3,NEG_01,0.975,2,1,0,1
HUT100038,20,5.754,10,1.76,43.9,NEG_01,0.909,2,1,0,1
HUT100038,21,5.878,11,1.67,52.8,NEG_01,0.975,1,1,0,1
HUT100038,22,6.099,11,1.84,55.4,NEG_01,1.0,2,1,0,1
HUT100038,23,4.334,6,1.54,24.8,NEG_01,0.999,1,1,0,1
HUT100038,24,4.429,9,1.0,28.5,NEG_01,0.953,1,1,0,1
HUT100038,25,5.548,10,1.57,55.7,NEG_01,1.0,2,1,0,1
HUT100038,26,6.396,12,2.12,40.3,NEG_01,0.987,2,1,0,1
HUT100039,1,0.575,7,1.0,25.8,GAM_07,0.886,1,1,0,1
HUT100039,2,0.536,8,1.67,22.5,GAM_07,0.905,1,1,0,1
HUT100039,3,0.545,12,1.17,48.2,GAM_07,0.895,1,1,0,1
HUT100039,4,0.529,11,1.22,24.3,GAM_07,0.984,1,1,0,1
HUT100039,5,0.478,7,1.54,22.7,GAM_07,0.895,1,1,0,1
HUT100039,6,0.496,10,1.82,37.1,GAM_07,0.941,1,1,0,1
HUT100039,7,0.446,8,1.37,29.7,GAM_07,0.93,1,1,0,1
HUT100039,8,0.471,6,1.43,29.6,GAM_07,0.957,1,1,0,1
HUT100039,9,0.6,8,1.66,31.8,GAM_07,0.95,2,1,0,1
HUT100039,10,0.38,11,2.11,38.7,GAM_07,0.974,2,1,0,1
HUT100039,11,0.46,9,1.75,34.4,GAM_07,0.973,1,1,0,1
HUT100039,12,0.619,7,1.46,25.1,GAM_07,0.942,1,1,0,1
HUT100039,13,0.49,8,1.29,29.7,GAM_07,0.918,2,1,0,1
HUT100039,14,0.498,10,1.1,28.1,GAM_07,0.94,1,1,0,1
HUT100039,15,0.466,11,1.76,31.8,GAM_07,0.939,1,1,0,1
HUT100039,16,0.445,9,1.83,40.8,GAM_07,0.972,2,1,0,1
HUT100039,17,0.514,9,1.88,26.2,GAM_07,0.976,1,1,0,1
HUT100039,18,0.604,10,1.53,30.7,GAM_07,0.89,1,1,0,1
HUT100039,19,0.602,11,1.67,28.2,GAM_07,0.916,1,1,0,1
HUT100039,20,0.624,8,1.32,21.5,GAM_07,0.981,1,1,0,1
HUT100039,21,0.401,9,1.33,35.5,GAM_07,0.97,1,1,0,1
HUT100039,22,0.524,12,1.87,24.1,GAM_07,0.969,1,1,0,1
HUT100039,23,0.378,5,1.17,25.8,GAM_07,0.935,1,1,0,1
HUT100039,24,0.297,5,1.65,19.4,GAM_07,0.956,1,1,0,1
HUT100039,25,0.422,9,1.6,31.6,GAM_07,0.96,1,1,0,1
HUT100039,26,0.491,9,1.93,21.9,GAM_07,0.928,1,1,0,1
HUT100040,1,11.13,10,1.12,32.6,JAF_01,0.184,10,3,0,1
HUT100040,2,11.63,11,1.04,25.6,JAF_01,0.203,11,3,0,1
HUT100040,3,10.694,11,1.14,28.3,JAF_01,0.2,9,3,0,1
HUT100040,4,11.878,10,0.79,27.5,JAF_01,0.19,10,3,0,1
HUT100040,5,11.365,8,1.28,24.9,JAF_01,0.204,10,3,0,1
HUT100040,6,9.919,9,1.29,23.8,JAF_01,0.204,11,3,0,1
HUT100040,7,11.659,9,1.36,28.3,JAF_01,0.201,8,3,0,1
HUT100040,8,11.708,12,1.51,24.4,JAF_01,0.2,8,3,0,1
HUT100040,9,10.704,10,1.35,27.7,JAF_01,0.2,8,3,0,1
HUT100040,10,10.637,11,1.08,27.2,JAF_01,0.192,8,3,0,1
HUT100040,11,11.654,10,1.23,28.0,JAF_01,0.186,8,3,0,1
HUT100040,12,12.432,10,1.52,26.6,JAF_01,0.189,11,3,0,1
HUT100040,13,10.976,12,0.85,27.5,JAF_01,0.196,10,3,0,1
HUT100040,14,10.9,12,1.15,26.9,JAF_01,0.182,9,3,0,1
HUT100040,15,11.442,10,0.9,24.2,JAF_01,0.183,8,3,0,1
HUT100040,16,10.888,12,1.28,29.6,JAF_01,0.2,9,3,0,1
HUT100040,17,11.818,9,1.56,27.3,JAF_01,0.197,9,3,0,1
HUT100040,18,11.659,10,1.16,29.7,JAF_01,0.204,10,3,0,1
HUT100040,19,10.898,9,1.56,26.5,JAF_01,0.201,10,3,0,1
HUT100040,20,10.537,10,1.3,30.4,JAF_01,0.194,8,3,0,1
HUT100040,21,10.973,9,1.52,23.7,JAF_01,0.184,10,3,0,1
HUT100040,22,11.029,11,1.63,23.7,JAF_01,0.201,11,3,0,1
HUT100040,23,7.2,9,1.02,20.2,JAF_01,0.194,10,3,0,1
HUT100040,24,6.738,4,1.0,14.1,JAF_01,0.197,9,3,0,1
HUT100040,25,11.583,8,1.11,26.4,JAF_01,0.2,8,3,0,1
HUT100040,26,9.891,9,1.31,27.5,JAF_01,0.195,9,3,0,1
HUT100041,1,0.628,10,1.49,22.0,KUR_11,0.256,7,4,0,1
HUT100041,2,0.645,12,1.36,15.6,KUR_11,0.245,5,3,0,1
HUT100041,3,0.542,10,1.24,23.6,KUR_11,0.233,6,4,0,1
HUT100041,4,0.605,12,0.99,16.0,KUR_11,0.249,6,3,0,1
HUT100041,5,0.569,9,1.11,18.4,KUR_11,0.241,7,3,0,1
HUT100041,6,0.716,9,1.49,20.9,KUR_11,0.238,7,3,0,1
HUT100041,7,0.577,9,1.75,17.4,KUR_11,0.256,6,3,0,1
HUT100041,8,0.604,10,1.15,19.8,KUR_11,0.235,6,3,0,1
HUT100041,9,0.608,11,1.09,23.9,KUR_11,0.229,6,3,0,1
HUT100041,10,0.56,10,1.05,16.4,KUR_11,0.245,7,3,0,1
HUT100041,11,0.573,10,1.18,24.6,KUR_11,0.233,5,3,0,1
HUT100041,12,0.437,10,1.42,18.6,KUR_11,0.239,5,3,0,1
HUT100041,13,0.599,9,1.17,15.9,KUR_11,0.243,7,4,0,1
HUT100041,14,0.542,8,1.22,33.5,KUR_11,0.228,6,3,0,1
HUT100041,15,0.596,8,1.48,23.2,KUR_11,0.239,5,4,0,1
HUT100041,16,0.546,10,1.07,27.4,KUR_11,0.243,6,4,0,1
HUT100041,17,0.447,10,1.0,22.8,KUR_11,0.245,5,4,0,1
HUT100041,18,0.621,11,0.9,25.8,KUR_11,0.242,7,3,0,1
HUT100041,19,0.573,8,1.46,20.6,KUR_11,0.255,6,3,0,1
HUT100041,20,0.443,7,1.09,20.0,KUR_11,0.239,6,3,0,1
HUT100041,21,0.55,8,1.09,17.0,KUR_11,0.253,7,3,0,1
HUT100041,22,0.514,6,1.18,18.3,KUR_11,0.238,6,4,0,1
HUT100041,23,0.226,5,0.56,10.3,KUR_11,0.249,6,4,0,1
HUT100041,24,0.261,4,0.02,13.8,KUR_11,0.243,7,4,0,1
HUT100041,25,0.377,6,0.79,5.0,KUR_11,0.249,7,3,0,1
HUT100041,26,0.335,3,0.17,11.2,KUR_11,0.251,7,4,0,1
HUT100042,1,1.13,9,0.62,29.4,TRI_01,0.957,1,1,0,1
HUT100042,2,1.036,7,1.06,23.6,TRI_01,0.916,2,1,0,1
HUT100042,3,1.067,8,0.85,18.9,TRI_01,0.903,2,1,0,1
HUT100042,4,1.118,7,0.84,23.4,TRI_01,0.959,2,1,0,1
HUT100042,5,1.218,11,0.9,20.8,TRI_01,0.873,2,1,0,1
HUT100042,6,0.958,7,0.96,20.0,TRI_01,0.941,1,1,0,1
HUT100042,7,1.155,8,1.02,19.5,TRI_01,0.867,2,1,0,1
HUT100042,8,1.101,4,0.59,17.3,TRI_01,0.914,1,1,0,1
HUT100042,9,1.107,12,0.73,25.2,TRI_01,0.948,1,1,0,1
HUT100042,10,0.836,7,0.71,24.8,TRI_01,0.865,1,1,0,1
HUT100042,11,0.835,7,0.9,20.4,TRI_01,0.954,1,1,0,1
HUT100042,12,0.843,11,1.39,22.9,TRI_01,0.903,2,1,0,1
HUT100042,13,1.184,9,0.81,21.7,TRI_01,0.857,2,1,0,1
HUT100042,14,1.071,8,1.12,24.0,TRI_01,0.868,1,1,0,1
HUT100042,15,0.96,6,1.32,25.3,TRI_01,0.877,1,1,0,1
HUT100042,16,1.194,9,0.86,17.5,TRI_01,0.956,2,1,0,1
HUT100042,17,0.961,8,0.97,19.1,TRI_01,0.945,2,1,0,1
HUT100042,18,0.963,7,0.56,21.8,TRI_01,0.916,2,1,0,1
HUT100042,19,1.127,8,0.85,23.6,TRI_01,0.948,2,1,0,1
HUT100042,20,0.971,12,0.87,31.1,TRI_01,0.94,2,1,0,1
HUT100042,21,1.042,9,0.94,23.5,TRI_01,0.888,1,1,0,1
HUT100042,22,0.959,8,1.1,25.9,TRI_01,0.863,2,1,0,1
HUT100042,23,0.581,3,0.66,19.0,TRI_01,0.911,1,1,0,1
HUT100042,24,0.663,8,0.56,16.1,TRI_01,0.924,1,1,0,1
HUT100042,25,0.989,8,0.87,21.4,TRI_01,0.884,2,1,0,1
HUT100042,26,0.858,6,0.78,18.7,TRI_01,0.958,2,1,0,1
HUT100043,1,3.941,11,1.82,32.1,JAF_10,0.933,1,1,0,1
HUT100043,2,3.692,11,1.85,33.0,JAF_10,0.906,1,1,0,1
HUT100043,3,4.342,10,2.35,29.1,JAF_10,0.897,2,1,0,1
HUT100043,4,4.311,7,1.75,23.3,JAF_10,0.903,2,1,0,1
HUT100043,5,4.187,12,1.67,27.1,JAF_10,0.953,1,1,0,1
HUT100043,6,4.296,11,1.71,24.9,JAF_10,0.966,1,1,0,1
HUT100043,7,4.495,9,1.81,29.8,JAF_10,0.958,1,1,0,1
HUT100043,8,4.339,10,1.84,28.4,JAF_10,0.91,1,1,0,1
HUT100043,9,4.061,9,2.0,28.4,JAF_10,0.972,1,1,0,1
HUT100043,10,5.132,13,2.0,23.2,JAF_10,0.908,1,1,0,1
HUT100043,11,4.411,12,1.95,25.8,JAF_10,0.902,1,1,0,1
HUT100043,12,4.162,13,1.64,35.1,JAF_10,0.885,1,1,0,1
HUT100043,13,4.463,13,1.84,24.9,JAF_10,0.927,1,1,0,1
HUT100043,14,3.53,10,1.84,27.5,JAF_10,0.882,1,1,0,1
HUT100043,15,4.691,13,1.67,30.6,JAF_10,0.939,2,1,0,1
HUT100043,16,5.212,11,2.07,29.9,JAF_10,0.973,1,1,0,1
HUT100043,17,4.055,11,1.82,23.7,JAF_10,0.902,2,1,0,1
HUT100043,18,3.702,13,1.99,23.9,JAF_10,0.878,1,1,0,1
HUT100043,19,5.283,12,1.76,33.4,JAF_10,0.894,2,1,0,1
HUT100043,20,4.216,15,1.99,31.0,JAF_10,0.972,2,1,0,1
HUT100043,21,4.785,15,1.6,15.2,JAF_10,0.893,1,1,0,1
HUT100043,22,3.793,11,2.08,23.4,JAF_10,0.889,1,1,0,1
HUT100043,23,2.696,8,1.21,20.2,JAF_10,0.892,2,1,0,1
HUT100043,24,2.193,7,1.66,14.7,JAF_10,0.984,1,1,0,1
HUT100043,25,3.554,11,2.06,17.2,JAF_10,0.956,1,1,0,1
HUT100043,26,3.717,10,1.73,23.4,JAF_10,0.947,1,1,0,1
HUT100044,1,0.455,13,1.61,26.0,RAT_04,0.941,1,1,0,1
HUT100044,2,0.486,9,1.4,46.3,RAT_04,0.967,1,1,0,1
HUT100044,3,0.479,12,1.67,25.4,RAT_04,0.889,1,1,0,1
HUT100044,4,0.468,14,1.17,44.4,RAT_04,0.977,1,1,0,1
HUT100044,5,0.519,11,1.38,42.5,RAT_04,0.906,1,1,0,1
HUT100044,6,0.503,12,1.61,44.2,RAT_04,0.962,1,1,0,1
HUT100044,7,0.399,10,1.29,43.2,RAT_04,0.914,1,1,0,1
HUT100044,8,0.403,12,1.29,38.3,RAT_04,0.942,1,1,0,1
HUT100044,9,0.404,13,1.39,37.3,RAT_04,0.969,1,1,0,1
HUT100044,10,0.5,12,1.49,62.5,RAT_04,0.925,1,1,0,1
HUT100044,11,0.472,12,1.28,48.6,RAT_04,0.911,1,1,0,1
HUT100044,12,0.471,13,1.3,37.9,RAT_04,0.926,1,1,0,1
HUT100044,13,0.512,10,1.57,43.2,RAT_04,0.979,1,1,0,1
HUT100044,14,0.496,12,1.33,41.9,RAT_04,0.98,1,1,0,1
HUT100044,15,0.426,13,1.4,33.7,RAT_04,0.958,1,1,0,1
HUT100044,16,0.476,11,1.44,40.6,RAT_04,0.891,1,1,0,1
HUT100044,17,0.465,12,1.54,51.0,RAT_04,0.973,1,1,0,1
HUT100044,18,0.435,11,1.66,47.0,RAT_04,0.902,1,1,0,1
HUT100044,19,0.469,9,1.48,49.2,RAT_04,0.923,1,1,0,1
HUT100044,20,0.45,11,1.27,43.8,RAT_04,0.966,1,1,0,1
HUT100044,21,0.38,11,1.32,40.0,RAT_04,0.941,1,1,0,1
HUT100044,22,0.463,9,1.39,32.8,RAT_04,0.896,1,1,0,1
HUT100044,23,0.256,7,0.97,20.7,RAT_04,0.972,1,1,0,1
HUT100044,24,0.336,7,0.81,34.4,RAT_04,0.973,1,1,0,1
HUT100044,25,0.356,11,1.42,52.2,RAT_04,0.955,1,1,0,1
HUT100044,26,0.458,12,1.26,36.5,RAT_04,0.9,1,1,0,1
HUT100045,1,1.332,17,0.68,53.6,BAT_10,0.636,2,1,0,1
HUT100045,2,1.245,15,1.15,33.3,BAT_10,0.656,3,1,0,1
HUT100045,3,1.403,14,0.92,52.1,BAT_10,0.626,3,1,0,1
HUT100045,4,1.731,8,0.86,59.7,BAT_10,0.683,3,1,0,1
HUT100045,5,1.521,10,1.09,46.6,BAT_10,0.665,2,2,0,1
HUT100045,6,1.404,12,0.84,60.3,BAT_10,0.656,3,1,0,1
HUT100045,7,1.329,12,0.96,61.2,BAT_10,0.641,3,1,0,1
HUT100045,8,1.451,15,0.9,49.4,BAT_10,0.657,3,1,0,1
HUT100045,9,1.605,14,0.91,39.0,BAT_10,0.685,3,2,0,1
HUT100045,10,1.114,14,0.92,47.9,BAT_10,0.63,3,1,0,1
HUT100045,11,0.676,13,1.08,40.6,BAT_10,0.641,3,1,0,1
HUT100045,12,1.438,17,0.99,46.4,BAT_10,0.624,3,1,0,1
HUT100045,13,1.279,12,0.98,48.7,BAT_10,0.647,3,2,0,1
HUT100045,14,1.394,13,0.84,50.8,BAT_10,0.663,3,1,0,1
HUT100045,15,1.378,14,0.88,44.7,BAT_10,0.67,3,1,0,1
HUT100045,16,1.64,13,1.01,61.3,BAT_10,0.624,3,2,0,1
HUT100045,17,1.332,12,0.88,45.8,BAT_10,0.652,3,1,0,1
HUT100045,18,1.662,14,1.28,49.6,BAT_10,0.666,2,2,0,1
HUT100045,19,1.581,13,1.27,41.7,BAT_10,0.652,3,1,0,1
HUT100045,20,1.621,13,1.03,57.2,BAT_10,0.685,3,1,0,1
HUT100045,21,1.109,12,0.75,41.6,BAT_10,0.679,3,2,0,1
HUT100045,22,1.41,16,0.71,47.4,BAT_10,0.659,3,2,0,1
HUT100045,23,0.786,11,0.75,37.0,BAT_10,0.654,3,1,0,1
HUT100045,24,0.638,7,0.76,31.1,BAT_10,0.682,3,1,0,1
HUT100045,25,1.359,14,1.01,44.3,BAT_10,0.69,3,1,0,1
HUT100045,26,1.354,12,0.77,48.8,BAT_10,0.679,3,1,0,1
HUT100046,1,0.631,8,1.23,30.0,KUR_11,0.939,1,1,0,1
HUT100046,2,0.505,12,0.96,34.3,KUR_11,0.954,1,1,0,1
HUT100046,3,0.531,11,1.45,32.3,KUR_11,0.939,1,1,0,1
HUT100046,4,0.563,11,1.48,28.7,KUR_11,0.918,1,1,0,1
HUT100046,5,0.543,9,1.38,25.3,KUR_11,0.993,1,1,0,1
HUT100046,6,0.493,8,1.45,38.7,KUR_11,1.0,1,1,0,1
HUT100046,7,0.539,11,1.41,31.9,KUR_11,1.0,1,1,0,1
HUT100046,8,0.406,10,1.32,25.3,KUR_11,0.936,1,1,0,1
HUT100046,9,0.475,9,1.04,33.0,KUR_11,0.981,1,1,0,1
HUT100046,10,0.555,11,1.38,36.9,KUR_11,0.975,1,1,0,1
HUT100046,11,0.519,8,1.12,39.5,KUR_11,0.969,1,1,0,1
HUT100046,12,0.56,10,1.03,38.8,KUR_11,0.935,1,1,0,1
HUT100046,13,0.516,7,0.79,31.6,KUR_11,0.912,1,1,0,1
HUT100046,14,0.475,10,1.4,26.5,KUR_11,0.989,1,1,0,1
HUT100046,15,0.544,8,1.18,31.9,KUR_11,0.976,1,1,0,1
HUT100046,16,0.567,12,1.66,44.6,KUR_11,0.988,1,1,0,1
HUT100046,17,0.511,10,1.38,32.6,KUR_11,1.0,1,1,0,1
HUT100046,18,0.435,7,1.42,33.3,KUR_11,0.986,1,1,0,1
HUT100046,19,0.437,10,1.75,44.1,KUR_11,0.959,1,1,0,1
HUT100046,20,0.561,9,1.26,41.7,KUR_11,0.925,1,1,0,1
HUT100046,21,0.489,8,1.12,25.7,KUR_11,0.923,1,1,0,1
HUT100046,22,0.493,8,1.28,18.4,KUR_11,0.94,1,1,0,1
HUT100046,23,0.298,6,0.89,32.2,KUR_11,0.975,1,1,0,1
HUT100046,24,0.316,5,0.74,15.7,KUR_11,0.941,1,1,0,1
HUT100046,25,0.523,8,0.96,27.9,KUR_11,0.93,1,1,0,1
HUT100046,26,0.515,9,1.31,28.6,KUR_11,0.928,1,1,0,1
HUT100047,1,0.29,6,1.16,16.4,COL_03,0.981,1,1,0,1
HUT100047,2,0.312,5,1.34,15.5,COL_03,0.997,1,1,0,1
HUT100047,3,0.3,6,1.42,14.2,COL_03,0.96,1,1,0,1
HUT100047,4,0.259,5,1.23,13.9,COL_03,0.933,1,1,0,1
HUT100047,5,0.298,7,1.4,19.4,COL_03,0.97,1,1,0,1
HUT100047,6,0.264,5,1.45,16.8,COL_03,0.984,2,1,0,1
HUT100047,7,0.277,6,0.65,16.1,COL_03,0.905,1,1,0,1
HUT100047,8,0.309,7,0.95,17.5,COL_03,0.892,1,1,0,1
HUT100047,9,0.232,5,1.01,18.9,COL_03,0.989,1,1,0,1
HUT100047,10,0.378,6,1.61,14.2,COL_03,0.925,2,1,0,1
HUT100047,11,0.266,7,1.42,15.4,COL_03,0.916,1,1,0,1
HUT100047,12,0.289,6,1.14,8.3,COL_03,0.908,1,1,0,1
HUT100047,13,0.256,6,1.25,14.5,COL_03,0.967,1,1,0,1
HUT100047,14,0.288,3,1.56,18.2,COL_03,0.932,1,1,0,1
HUT100047,15,0.284,8,1.2,14.9,COL_03,0.965,1,1,0,1
HUT100047,16,0.278,2,1.09,16.1,COL_03,0.894,1,1,0,1
HUT100047,17,0.239,7,1.38,15.7,COL_03,0.961,1,1,0,1
HUT100047,18,0.294,4,1.05,12.4,COL_03,0.937,1,1,0,1
HUT100047,19,0.12,7,1.42,10.5,COL_03,0.951,1,1,0,1
HUT100047,20,0.16,4,0.98,4.8,COL_03,0.895,1,1,0,1
HUT100047,21,0.179,6,0.58,4.9,COL_03,0.985,1,1,0,1
HUT100047,22,0.176,4,1.15,6.8,COL_03,0.951,2,1,0,1
HUT100047,23,0.066,3,1.06,6.1,COL_03,0.96,1,1,0,1
HUT100047,24,0.123,3,0.72,5.5,COL_03,0.963,1,1,0,1
HUT100047,25,0.156,7,0.86,10.1,COL_03,0.926,1,1,0,1
HUT100047,26,0.118,6,0.88,4.5,COL_03,0.916,1,1,0,1
HUT100048,1,0.256,9,1.01,80.9,GAM_10,0.92,2,1,0,1
HUT100048,2,0.358,8,1.21,50.5,GAM_10,0.904,1,1,0,1
HUT100048,3,0.364,5,1.12,79.3,GAM_10,0.884,2,1,0,1
HUT100048,4,0.415,10,0.73,90.8,GAM_10,0.962,1,1,0,1
HUT100048,5,0.389,7,1.06,58.1,GAM_10,0.894,1,1,0,1
HUT100048,6,0.346,6,1.21,64.3,GAM_10,0.982,2,1,0,1
HUT100048,7,0.374,9,1.48,86.9,GAM_10,0.978,1,1,0,1
HUT100048,8,0.345,7,0.85,91.7,GAM_10,0.904,2,1,0,1
HUT100048,9,0.344,8,1.25,103.0,GAM_10,0.909,1,1,0,1
HUT100048,10,0.296,9,0.59,119.2,GAM_10,0.923,1,1,0,1
HUT100048,11,0.293,7,0.78,91.9,GAM_10,0.971,1,1,0,1
HUT100048,12,0.298,7,1.27,115.4,GAM_10,0.928,1,1,0,1
HUT100048,13,0.357,8,0.85,61.7,GAM_10,0.905,1,1,0,1
HUT100048,14,0.35,11,1.01,116.9,GAM_10,0.983,1,1,0,1
HUT100048,15,0.322,8,0.82,68.9,GAM_10,0.952,1,1,0,1
HUT100048,16,0.352,9,0.74,77.2,GAM_10,0.96,1,1,0,1
HUT100048,17,0.357,9,0.92,87.3,GAM_10,0.942,2,1,0,1
HUT100048,18,0.443,9,0.98,87.1,GAM_10,0.926,2,1,0,1
HUT100048,19,0.339,4,0.85,84.4,GAM_10,0.948,2,1,0,1
HUT100048,20,0.324,8,1.0,97.8,GAM_10,0.928,2,1,0,1
HUT100048,21,0.41,8,1.42,53.7,GAM_10,0.979,1,1,0,1
HUT100048,22,0.332,8,0.97,52.8,GAM_10,0.971,2,1,0,1
HUT100048,23,0.163,6,0.59,41.2,GAM_10,0.88,1,1,0,1
HUT100048,24,0.157,4,0.64,68.2,GAM_10,0.903,2,1,0,1
HUT100048,25,0.259,5,0.94,56.5,GAM_10,0.947,1,1,0,1
HUT100048,26,0.208,3,0.69,42.2,GAM_10,0.963,2,1,0,1
HUT100049,1,2.023,1,1.13,37.4,GAL_09,0.65,2,1,0,1
HUT100049,2,1.299,3,0.92,49.2,GAL_09,0.629,2,2,0,1
HUT100049,3,1.549,3,0.92,37.1,GAL_09,0.643,2,1,0,1
HUT100049,4,1.403,3,1.24,46.8,GAL_09,0.585,2,1,0,1
HUT100049,5,1.259,0,1.12,43.9,GAL_09,0.654,2,1,0,1
HUT100049,6,1.815,4,0.85,41.0,GAL_09,0.597,2,1,0,1
HUT100049,7,1.469,2,1.12,33.2,GAL_09,0.603,2,1,0,1
HUT100049,8,1.657,2,0.95,42.7,GAL_09,0.611,2,2,0,1
HUT100049,9,1.525,5,0.97,28.0,GAL_09,0.596,2,1,0,1
HUT100049,10,1.327,0,0.59,37.2,GAL_09,0.643,2,1,0,1
HUT100049,11,1.482,2,1.11,50.8,GAL_09,0.63,2,1,0,1
HUT100049,12,1.589,5,0.96,51.5,GAL_09,0.636,2,1,0,1
HUT100049,13,1.858,1,1.08,45.7,GAL_09,0.611,2,1,0,1
HUT100049,14,1.918,3,0.99,42.1,GAL_09,0.626,2,1,0,1
HUT100049,15,1.417,1,0.64,65.7,GAL_09,0.624,2,1,0,1
HUT100049,16,1.83,0,0.84,51.2,GAL_09,0.598,2,1,0,1
HUT100049,17,1.596,1,1.18,45.1,GAL_09,0.581,2,1,0,1
HUT100049,18,1.609,3,0.81,30.4,GAL_09,0.619,2,1,0,1
HUT100049,19,1.406,3,1.36,41.1,GAL_09,0.65,2,2,0,1
HUT100049,20,1.609,0,1.24,37.2,GAL_09,0.582,2,1,0,1
HUT100049,21,1.586,2,1.62,41.3,GAL_09,0.627,2,1,0,1
HUT100049,22,1.743,3,1.03,35.7,GAL_09,0.586,2,1,0,1
HUT100049,23,1.114,0,1.62,15.9,GAL_09,0.649,2,2,0,1
HUT100049,24,1.023,2,0.86,39.1,GAL_09,0.602,2,1,0,1
HUT100049,25,1.424,2,1.27,22.0,GAL_09,0.622,2,1,0,1
HUT100049,26,1.374,1,0.84,38.4,GAL_09,0.598,2,1,0,1
HUT100050,1,0.59,9,0.66,73.8,GAL_08,0.293,8,2,0,1
HUT100050,2,0.644,9,0.65,50.5,GAL_08,0.293,8,2,0,1
HUT100050,3,0.679,11,0.69,88.6,GAL_08,0.276,10,2,0,1
HUT100050,4,0.671,9,0.62,73.5,GAL_08,0.292,11,2,0,1
HUT100050,5,0.505,10,0.66,89.0,GAL_08,0.274,8,3,0,1
HUT100050,6,0.662,9,0.43,74.6,GAL_08,0.292,9,2,0,1
HUT100050,7,0.742,12,0.94,58.4,GAL_08,0.29,9,2,0,1
HUT100050,8,0.57,10,0.96,62.2,GAL_08,0.299,10,2,0,1
HUT100050,9,0.612,13,0.75,97.0,GAL_08,0.288,9,2,0,1
HUT100050,10,0.616,13,0.51,47.3,GAL_08,0.296,9,2,0,1
HUT100050,11,0.582,10,0.74,79.3,GAL_08,0.281,9,2,0,1
HUT100050,12,0.555,7,0.77,47.3,GAL_08,0.275,8,2,0,1
HUT100050,13,0.761,7,0.99,67.1,GAL_08,0.275,8,2,0,1
HUT100050,14,0.696,12,0.34,67.0,GAL_08,0.271,10,3,0,1
HUT100050,15,0.632,9,1.05,54.2,GAL_08,0.297,10,2,0,1
HUT100050,16,0.606,12,0.6,95.6,GAL_08,0.276,9,2,0,1
HUT100050,17,0.547,12,0.89,52.8,GAL_08,0.288,10,3,0,1
HUT100050,18,0.658,11,0.9,68.3,GAL_08,0.297,11,2,0,1
HUT100050,19,0.629,7,0.76,47.1,GAL_08,0.297,9,2,0,1
HUT100050,20,0.652,8,0.38,47.9,GAL_08,0.297,8,2,0,1
HUT100050,21,0.529,10,0.52,60.7,GAL_08,0.274,11,2,0,1
HUT100050,22,0.424,9,0.51,49.5,GAL_08,0.303,9,2,0,1
HUT100050,23,0.24,6,0.3,34.1,GAL_08,0.296,8,2,0,1
HUT100050,24,0.178,5,0.52,50.1,GAL_08,0.284,10,2,0,1
HUT100050,25,0.207,5,0.27,48.7,GAL_08,0.296,9,2,0,1
HUT100050,26,0.404,5,0.34,46.6,GAL_08,0.281,8,2,0,1
HUT100051,1,1.315,13,1.55,53.2,NEG_03,0.733,3,2,0,1
HUT100051,2,1.435,15,1.29,73.9,NEG_03,0.802,3,1,0,1
HUT100051,3,1.253,11,1.37,51.9,NEG_03,0.805,3,2,0,1
HUT100051,4,1.407,14,1.36,57.3,NEG_03,0.725,3,1,0,1
HUT100051,5,1.19,14,1.18,84.6,NEG_03,0.735,3,1,0,1
HUT100051,6,1.332,15,1.35,55.0,NEG_03,0.724,3,1,0,1
HUT100051,7,1.407,14,1.28,64.1,NEG_03,0.78,3,2,0,1
HUT100051,8,1.222,16,1.31,48.8,NEG_03,0.773,3,1,0,1
HUT100051,9,1.159,14,1.41,62.7,NEG_03,0.721,2,1,0,1
HUT100051,10,1.423,15,1.54,48.0,NEG_03,0.768,2,2,0,1
HUT100051,11,1.024,10,1.6,68.6,NEG_03,0.786,3,1,0,1
HUT100051,12,1.167,14,1.3,45.0,NEG_03,0.725,3,1,0,1
HUT100051,13,1.367,15,1.52,65.9,NEG_03,0.741,3,1,0,1
HUT100051,14,0.902,12,1.7,70.9,NEG_03,0.718,3,2,0,1
HUT100051,15,1.074,13,1.55,60.2,NEG_03,0.792,3,1,0,1
HUT100051,16,1.076,13,1.56,61.5,NEG_03,0.719,3,1,0,1
HUT100051,17,1.148,11,1.03,68.9,NEG_03,0.759,3,1,0,1
HUT100051,18,1.197,11,1.25,51.8,NEG_03,0.789,3,1,0,1
HUT100051,19,1.011,11,1.48,70.0,NEG_03,0.766,3,2,0,1
HUT100051,20,0.894,9,1.02,43.8,NEG_03,0.728,2,2,0,1
HUT100051,21,0.462,8,0.55,10.6,NEG_03,0.726,3,2,0,1
HUT100051,22,0.614,10,1.24,18.7,NEG_03,0.729,3,2,0,1
HUT100051,23,0.465,6,0.48,27.8,NEG_03,0.797,3,1,0,1
HUT100051,24,0.651,5,0.95,26.8,NEG_03,0.721,3,1,0,1
HUT100051,25,0.689,6,0.86,34.3,NEG_03,0.773,3,1,0,1
HUT100051,26,0.577,12,0.87,21.7,NEG_03,0.769,3,1,0,1
HUT100052,1,18.231,8,1.63,35.8,KUR_05,0.96,1,1,0,1
HUT100052,2,18.437,12,1.03,25.5,KUR_05,0.981,1,1,0,1
HUT100052,3,17.297,12,1.54,36.8,KUR_05,0.891,1,1,0,1
HUT100052,4,21.424,9,1.73,31.6,KUR_05,0.931,1,1,0,1
HUT100052,5,16.977,14,0.79,27.7,KUR_05,0.892,1,1,0,1
HUT100052,6,19.8,10,1.22,16.7,KUR_05,0.987,1,1,0,1
HUT100052,7,15.875,12,1.56,28.7,KUR_05,0.921,1,1,0,1
HUT100052,8,11.975,13,1.5,22.1,KUR_05,0.889,1,1,0,1
HUT100052,9,18.619,12,1.28,32.3,KUR_05,0.982,1,1,0,1
HUT100052,10,17.049,13,1.22,25.2,KUR_05,0.973,1,1,0,1
HUT100052,11,17.623,13,1.64,25.6,KUR_05,0.916,1,1,0,1
HUT100052,12,19.602,11,1.09,26.5,KUR_05,0.946,1,1,0,1
HUT100052,13,20.585,11,1.43,26.6,KUR_05,0.967,1,1,0,1
HUT100052,14,20.938,13,1.5,23.7,KUR_05,0.984,1,1,0,1
HUT100052,15,18.246,12,1.23,23.8,KUR_05,0.948,1,1,0,1
HUT100052,16,20.739,11,1.33,34.3,KUR_05,0.969,1,1,0,1
HUT100052,17,16.34,11,1.39,19.4,KUR_05,0.978,1,1,0,1
HUT100052,18,16.999,13,1.14,26.3,KUR_05,0.931,1,1,0,1
HUT100052,19,17.559,13,1.59,26.6,KUR_05,0.985,1,1,0,1
HUT100052,20,19.992,15,1.62,28.6,KUR_05,0.977,1,1,0,1
HUT100052,21,21.236,11,1.78,24.1,KUR_05,0.895,1,1,0,1
HUT100052,22,17.587,14,1.51,35.1,KUR_05,0.937,1,1,0,1
HUT100052,23,14.557,5,1.11,7.6,KUR_05,0.982,1,1,0,1
HUT100052,24,11.881,10,0.89,17.9,KUR_05,0.923,1,1,0,1
HUT100052,25,14.549,13,0.99,26.7,KUR_05,0.988,1,1,0,1
HUT100052,26,13.178,11,1.36,18.5,KUR_05,0.902,1,1,0,1
HUT100053,1,2.31,14,0.9,33.8,MAT_11,0.648,2,1,0,1
HUT100053,2,2.108,12,1.22,48.9,MAT_11,0.657,2,1,0,1
HUT100053,3,2.183,11,0.85,31.0,MAT_11,0.668,2,1,0,1
HUT100053,4,2.147,10,0.77,39.4,MAT_11,0.722,2,1,0,1
HUT100053,5,2.048,13,1.54,55.7,MAT_11,0.696,2,1,0,1
HUT100053,6,2.243,12,1.06,46.0,MAT_11,0.719,2,1,0,1
HUT100053,7,2.309,12,1.46,42.0,MAT_11,0.662,2,1,0,1
HUT100053,8,2.115,13,0.92,44.3,MAT_11,0.676,2,1,0,1
HUT100053,9,2.687,12,1.39,45.3,MAT_11,0.724,2,1,0,1
HUT100053,10,2.281,11,1.15,47.7,MAT_11,0.659,2,1,0,1
HUT100053,11,2.43,10,1.24,60.6,MAT_11,0.722,2,1,0,1
HUT100053,12,2.466,13,1.25,49.8,MAT_11,0.69,2,1,0,1
HUT100053,13,2.096,13,1.22,41.7,MAT_11,0.69,2,1,0,1
HUT100053,14,2.565,13,1.35,39.8,MAT_11,0.719,2,1,0,1
HUT100053,15,1.917,12,1.44,55.0,MAT_11,0.644,2,1,0,1
HUT100053,16,2.089,10,1.17,44.8,MAT_11,0.704,2,1,0,1
HUT100053,17,1.959,14,1.63,40.1,MAT_11,0.651,2,1,0,1
HUT100053,18,1.959,11,1.31,35.5,MAT_11,0.7,2,1,0,1
HUT100053,19,1.912,14,0.95,38.1,MAT_11,0.659,2,1,0,1
HUT100053,20,2.013,13,1.24,44.7,MAT_11,0.666,2,1,0,1
HUT100053,21,2.228,10,1.62,30.3,MAT_11,0.671,2,1,0,1
HUT100053,22,2.243,14,0.9,35.1,MAT_11,0.694,2,1,0,1
HUT100053,23,1.04,3,0.71,22.4,BAT_12,0.036,2,3,1,1
HUT100053,24,0.83,5,0.0,18.3,BAT_12,0.041,4,2,1,1
HUT100053,25,1.945,7,1.0,27.4,BAT_12,0.111,3,2,1,1
HUT100053,26,2.228,8,1.08,59.1,MAT_11,0.711,2,1,0,1
HUT100054,1,0.455,14,1.84,29.5,TRI_11,0.654,3,2,0,1
HUT100054,2,0.429,11,1.83,28.6,TRI_11,0.648,4,1,0,1
HUT100054,3,0.503,13,2.2,23.8,TRI_11,0.683,3,1,0,1
HUT100054,4,0.412,11,2.22,22.8,TRI_11,0.648,4,2,0,1
HUT100054,5,0.486,8,1.86,35.8,TRI_11,0.71,3,1,0,1
HUT100054,6,0.449,13,1.96,29.1,TRI_11,0.699,4,1,0,1
HUT100054,7,0.43,14,2.28,33.6,TRI_11,0.672,3,1,0,1
HUT100054,8,0.485,14,1.78,31.4,TRI_11,0.659,3,1,0,1
HUT100054,9,0.449,12,1.5,40.8,TRI_11,0.669,3,1,0,1
HUT100054,10,0.42,12,2.02,42.6,TRI_11,0.692,3,1,0,1
HUT100054,11,0.43,12,2.56,38.5,TRI_11,0.636,4,1,0,1
HUT100054,12,0.477,10,2.31,36.1,TRI_11,0.676,4,1,0,1
HUT100054,13,0.405,12,2.26,36.4,TRI_11,0.696,3,2,0,1
HUT100054,14,0.412,11,1.99,33.0,TRI_11,0.66,3,2,0,1
HUT100054,15,0.411,14,2.34,29.1,TRI_11,0.645,3,1,0,1
HUT100054,16,0.435,12,2.28,26.6,TRI_11,0.691,3,2,0,1
HUT100054,17,0.519,14,2.06,29.8,TRI_11,0.681,4,1,0,1
HUT100054,18,0.33,12,2.25,22.2,TRI_11,0.692,3,1,0,1
HUT100054,19,0.353,9,1.41,27.5,TRI_11,0.707,4,1,0,1
HUT100054,20,0.295,5,1.62,27.5,TRI_11,0.698,3,1,0,1
HUT100054,21,0.271,4,1.27,6.8,TRI_11,0.687,3,2,0,1
HUT100054,22,0.17,7,1.31,10.4,TRI_11,0.681,3,1,0,1
HUT100054,23,0.189,5,0.97,8.4,TRI_11,0.677,3,1,0,1
HUT100054,24,0.193,1,0.79,18.0,TRI_11,0.709,3,2,0,1
HUT100054,25,0.197,8,1.45,7.6,TRI_11,0.678,3,1,0,1
HUT100054,26,0.251,6,0.96,9.9,TRI_11,0.691,3,2,0,1
HUT100055,1,0.701,9,1.96,17.9,KAN_12,0.923,1,1,0,1
HUT100055,2,0.81,10,2.5,19.5,KAN_12,0.957,1,1,0,1
HUT100055,3,0.662,11,1.88,21.2,KAN_12,0.905,1,1,0,1
HUT100055,4,0.692,9,2.25,23.9,KAN_12,0.902,1,1,0,1
HUT100055,5,0.651,11,2.0,20.2,KAN_12,0.883,1,1,0,1
HUT100055,6,0.612,11,2.62,18.0,KAN_12,0.92,1,1,0,1
HUT100055,7,0.726,6,2.34,21.9,KAN_12,0.925,1,1,0,1
HUT100055,8,0.751,11,1.98,19.1,KAN_12,0.951,1,1,0,1
HUT100055,9,0.562,10,1.83,18.4,KAN_12,0.932,1,1,0,1
HUT100055,10,0.644,14,2.02,23.3,KAN_12,0.914,1,1,0,1
HUT100055,11,0.714,11,1.73,22.0,KAN_12,0.896,1,1,0,1
HUT100055,12,0.719,12,2.01,23.9,KAN_12,0.963,1,1,0,1
HUT100055,13,0.69,9,1.9,20.7,KAN_12,0.952,1,1,0,1
HUT100055,14,0.825,8,1.94,23.5,KAN_12,0.878,1,1,0,1
HUT100055,15,0.754,11,1.6,14.7,KAN_12,0.947,1,1,0,1
HUT100055,16,0.738,7,1.66,15.2,KAN_12,0.9,1,1,0,1
HUT100055,17,0.52,13,1.94,29.0,KAN_12,0.978,1,1,0,1
HUT100055,18,0.593,12,2.08,24.0,KAN_12,0.91,1,1,0,1
HUT100055,19,0.406,12,1.35,9.0,KAN_12,0.915,1,1,0,1
HUT100055,20,0.453,9,1.36,9.7,KAN_12,0.95,1,1,0,1
HUT100055,21,0.435,11,1.16,14.1,KAN_12,0.957,1,1,0,1
HUT100055,22,0.282,12,1.7,7.6,KAN_12,0.909,1,1,0,1
HUT100055,23,0.195,6,1.41,0.6,KAN_12,0.904,1,1,0,1
HUT100055,24,0.14,7,0.77,6.7,KAN_12,0.958,1,1,0,1
HUT100055,25,0.244,13,1.05,12.0,KAN_12,0.967,1,1,0,1
HUT100055,26,0.184,9,0.94,15.0,KAN_12,0.884,1,1,0,1
HUT100056,1,2.48,6,1.65,62.8,NEG_02,0.699,3,1,0,1
HUT100056,2,2.833,3,1.18,44.6,NEG_02,0.703,3,1,0,1
HUT100056,3,1.998,3,1.05,56.1,NEG_02,0.698,3,1,0,1
HUT100056,4,2.771,3,1.05,65.6,NEG_02,0.655,3,1,0,1
HUT100056,5,2.886,4,1.27,59.7,NEG_02,0.69,3,1,0,1
HUT100056,6,2.038,5,1.32,44.6,NEG_02,0.64,3,1,0,1
HUT100056,7,2.514,5,1.78,62.6,NEG_02,0.702,3,1,0,1
HUT100056,8,2.821,5,1.23,56.9,NEG_02,0.671,3,1,0,1
HUT100056,9,2.143,6,1.17,53.2,NEG_02,0.673,3,1,0,1
HUT100056,10,2.006,2,1.05,69.7,NEG_02,0.665,3,1,0,1
HUT100056,11,1.909,1,1.11,78.0,NEG_02,0.698,3,1,0,1
HUT100056,12,3.067,4,1.01,52.4,NEG_02,0.661,3,1,0,1
HUT100056,13,2.516,4,1.41,53.2,NEG_02,0.696,3,1,0,1
HUT100056,14,2.534,3,1.99,64.8,NEG_02,0.638,3,1,0,1
HUT100056,15,1.876,5,1.44,52.5,NEG_02,0.698,3,1,0,1
HUT100056,16,1.843,5,1.02,55.7,NEG_02,0.66,3,1,0,1
HUT100056,17,2.608,4,0.72,42.7,NEG_02,0.7,3,1,0,1
HUT100056,18,2.598,4,1.59,49.8,NEG_02,0.694,3,1,0,1
HUT100056,19,2.307,3,1.29,62.8,NEG_02,0.699,3,1,0,1
HUT100056,20,2.608,5,1.34,69.7,NEG_02,0.637,3,1,0,1
HUT100056,21,2.687,6,1.32,50.9,NEG_02,0.645,3,1,0,1
HUT100056,22,1.924,4,1.41,54.5,NEG_02,0.644,3,1,0,1
HUT100056,23,1.443,2,1.47,35.4,NEG_02,0.679,2,1,0,1
HUT100056,24,1.195,1,0.84,18.7,NEG_02,0.698,3,1,0,1
HUT100056,25,2.138,2,0.78,54.0,NEG_02,0.673,3,1,0,1
HUT100056,26,2.134,4,1.32,52.7,NEG_02,0.625,3,1,0,1
HUT100057,1,0.685,7,1.1,37.9,KUR_12,0.56,3,1,0,1
HUT100057,2,0.776,8,1.03,19.3,KUR_12,0.55,3,1,0,1
HUT100057,3,0.722,10,0.81,31.1,KUR_12,0.594,3,1,0,1
HUT100057,4,0.732,7,0.59,29.2,KUR_12,0.607,3,1,0,1
HUT100057,5,0.572,10,1.08,36.7,KUR_12,0.571,3,1,0,1
HUT100057,6,1.081,7,0.64,44.8,KUR_12,0.605,3,1,0,1
HUT100057,7,0.778,9,0.98,25.6,KUR_12,0.612,3,1,0,1
HUT100057,8,0.89,9,0.86,28.2,KUR_12,0.583,3,1,0,1
HUT100057,9,0.857,9,0.64,40.2,KUR_12,0.574,3,1,0,1
HUT100057,10,0.793,10,1.04,18.8,KUR_12,0.565,4,1,0,1
HUT100057,11,0.729,7,1.05,35.6,KUR_12,0.592,3,1,0,1
HUT100057,12,0.839,9,0.93,34.6,KUR_12,0.57,3,1,0,1
HUT100057,13,0.815,9,0.66,31.7,KUR_12,0.572,3,1,0,1
HUT100057,14,0.811,7,0.54,31.3,KUR_12,0.615,3,1,0,1
HUT100057,15,0.677,5,0.91,29.3,KUR_12,0.585,4,1,0,1
HUT100057,16,0.784,8,0.94,36.9,KUR_12,0.617,3,1,0,1
HUT100057,17,0.844,9,0.96,27.5,KUR_12,0.572,3,1,0,1
HUT100057,18,0.919,8,1.01,41.3,KUR_12,0.553,3,1,0,1
HUT100057,19,0.827,7,0.47,38.9,KUR_12,0.609,3,1,0,1
HUT100057,20,0.689,9,0.71,38.0,KUR_12,0.578,3,1,0,1
HUT100057,21,0.778,8,1.17,42.6,KUR_12,0.613,4,1,0,1
HUT100057,22,0.816,8,0.81,35.9,KUR_12,0.581,3,1,0,1
HUT100057,23,0.631,8,0.75,16.9,KUR_12,0.61,3,1,0,1
HUT100057,24,0.586,5,0.32,17.3,KUR_12,0.556,3,1,0,1
HUT100057,25,0.638,9,0.46,15.2,KUR_12,0.575,3,1,0,1
HUT100057,26,0.654,9,0.66,35.3,KUR_12,0.589,3,1,0,1
HUT100058,1,0.333,8,1.38,69.5,COL_02,0.728,3,1,0,1
HUT100058,2,0.325,6,1.09,66.7,COL_02,0.778,3,1,0,1
HUT100058,3,0.392,8,1.38,64.4,COL_02,0.728,4,2,0,1
HUT100058,4,0.34,8,1.41,65.6,COL_02,0.73,3,2,0,1
HUT100058,5,0.294,8,1.48,56.7,COL_02,0.715,3,1,0,1
HUT100058,6,0.294,9,1.51,62.0,COL_02,0.76,4,1,0,1
HUT100058,7,0.288,6,1.5,69.7,COL_02,0.747,3,1,0,1
HUT100058,8,0.366,9,1.27,72.9,COL_02,0.713,3,1,0,1
HUT100058,9,0.323,7,1.17,56.7,COL_02,0.722,3,1,0,1
HUT100058,10,0.324,8,1.5,83.9,COL_02,0.743,3,1,0,1
HUT100058,11,0.365,8,1.42,67.3,COL_02,0.71,4,1,0,1
HUT100058,12,0.274,8,1.71,62.7,COL_02,0.72,3,2,0,1
HUT100058,13,0.222,7,1.42,53.9,COL_02,0.71,4,1,0,1
HUT100058,14,0.295,7,1.27,63.0,COL_02,0.759,3,1,0,1
HUT100058,15,0.327,6,1.79,61.7,COL_02,0.707,3,2,0,1
HUT100058,16,0.342,8,1.31,60.7,COL_02,0.712,3,2,0,1
HUT100058,17,0.222,10,1.53,61.0,COL_02,0.731,3,1,0,1
HUT100058,18,0.222,4,1.47,50.9,COL_02,0.721,3,1,0,1
HUT100058,19,0.297,7,0.96,63.6,COL_02,0.708,3,1,0,1
HUT100058,20,0.324,8,1.29,54.5,COL_02,0.696,3,1,0,1
HUT100058,21,0.273,6,1.47,66.6,COL_02,0.759,3,1,0,1
HUT100058,22,0.316,8,1.33,74.3,COL_02,0.708,3,1,0,1
HUT100058,23,0.213,6,1.02,49.0,COL_02,0.734,4,1,0,1
HUT100058,24,0.161,7,0.86,29.4,COL_02,0.7,4,1,0,1
HUT100058,25,0.3,7,1.26,57.7,COL_02,0.767,3,2,0,1
HUT100058,26,0.311,6,1.02,71.8,COL_02,0.706,3,1,0,1
HUT100059,1,0.789,11,0.8,57.7,BAT_12,0.296,14,2,0,1
HUT100059,2,0.53,11,1.24,68.8,BAT_12,0.293,13,2,0,1
HUT100059,3,0.788,10,1.18,47.6,BAT_12,0.307,13,3,0,1
HUT100059,4,0.649,10,0.72,57.4,BAT_12,0.304,13,3,0,1
HUT100059,5,0.71,7,0.88,50.7,BAT_12,0.284,13,2,0,1
HUT100059,6,0.565,7,0.96,67.9,BAT_12,0.307,14,2,0,1
HUT100059,7,0.755,10,0.69,34.2,BAT_12,0.301,13,2,0,1
HUT100059,8,0.679,9,0.97,52.4,BAT_12,0.295,11,2,0,1
HUT100059,9,0.734,11,0.92,51.7,BAT_12,0.295,14,3,0,1
HUT100059,10,0.734,8,1.31,44.0,BAT_12,0.314,12,2,0,1
HUT100059,11,0.617,9,1.23,65.5,BAT_12,0.303,13,3,0,1
HUT100059,12,0.69,10,1.14,60.3,BAT_12,0.296,11,2,0,1
HUT100059,13,0.725,6,1.1,46.9,BAT_12,0.313,11,2,0,1
HUT100059,14,0.645,6,1.11,52.4,BAT_12,0.313,14,2,0,1
HUT100059,15,0.593,8,1.2,58.9,BAT_12,0.282,11,2,0,1
HUT100059,16,0.611,10,0.85,54.5,BAT_12,0.307,14,2,0,1
HUT100059,17,0.544,11,0.91,48.8,BAT_12,0.287,12,3,0,1
HUT100059,18,0.664,8,0.93,54.4,BAT_12,0.315,11,3,0,1
HUT100059,19,0.8,8,1.18,46.1,BAT_12,0.306,12,3,0,1
HUT100059,20,0.591,9,0.93,73.4,BAT_12,0.301,14,2,0,1
HUT100059,21,0.514,6,1.18,41.8,BAT_12,0.304,10,3,0,1
HUT100059,22,0.288,5,0.71,10.4,JAF_09,0.099,14,4,1,1
HUT100059,23,0.216,5,0.63,30.9,JAF_09,0.106,16,4,1,1
HUT100059,24,0.194,3,0.33,10.1,JAF_09,0.052,18,4,1,1
HUT100059,25,0.559,9,1.02,58.7,BAT_12,0.316,14,2,0,1
HUT100059,26,0.594,9,0.98,47.5,BAT_12,0.286,13,3,0,1
HUT100060,1,12.178,11,0.79,47.0,MAT_06,0.674,3,1,0,1
HUT100060,2,9.436,10,1.3,31.4,MAT_06,0.73,3,1,0,1
HUT100060,3,9.808,9,0.63,40.2,MAT_06,0.741,3,1,0,1
HUT100060,4,10.582,11,0.79,43.1,MAT_06,0.739,3,1,0,1
HUT100060,5,9.705,7,0.96,29.6,MAT_06,0.721,3,1,0,1
HUT100060,6,9.802,7,0.81,35.7,MAT_06,0.675,3,1,0,1
HUT100060,7,9.66,11,0.88,34.8,MAT_06,0.736,3,1,0,1
HUT100060,8,10.003,10,1.16,32.2,MAT_06,0.73,2,1,0,1
HUT100060,9,7.38,9,0.8,32.1,MAT_06,0.668,3,1,0,1
HUT100060,10,10.567,8,0.62,38.3,MAT_06,0.739,3,1,0,1
HUT100060,11,7.896,10,0.84,40.7,MAT_06,0.727,3,1,0,1
HUT100060,12,10.187,11,0.71,44.6,MAT_06,0.677,3,1,0,1
HUT100060,13,9.785,13,1.19,37.7,MAT_06,0.718,2,1,0,1
HUT100060,14,9.463,9,0.39,31.8,MAT_06,0.688,3,1,0,1
HUT100060,15,7.25,10,0.68,40.0,MAT_06,0.68,3,1,0,1
HUT100060,16,7.906,9,0.81,46.4,MAT_06,0.675,3,1,0,1
HUT100060,17,12.34,9,0.6,33.6,MAT_06,0.662,3,1,0,1
HUT100060,18,8.386,11,0.7,32.0,MAT_06,0.707,3,1,0,1
HUT100060,19,10.016,8,1.16,20.2,MAT_06,0.669,3,1,0,1
HUT100060,20,8.739,10,1.14,40.6,MAT_06,0.676,3,1,0,1
HUT100060,21,11.661,9,0.92,29.5,MAT_06,0.71,2,1,0,1
HUT100060,22,9.336,9,1.04,40.3,MAT_06,0.725,2,1,0,1
HUT100060,23,7.374,6,0.81,26.1,MAT_06,0.705,3,1,0,1
HUT100060,24,3.584,3,0.97,17.1,MAT_06,0.729,3,1,0,1
HUT100060,25,8.7,9,0.99,36.7,MAT_06,0.694,3,1,0,1
HUT100060,26,11.074,9,0.79,32.1,MAT_06,0.71,3,1,0,1
HUT100061,1,13.552,3,1.75,29.6,BAT_07,0.764,2,1,0,1
HUT100061,2,11.786,6,1.85,28.4,BAT_07,0.762,2,1,0,1
HUT100061,3,12.374,7,1.89,34.1,BAT_07,0.746,2,1,0,1
HUT100061,4,12.483,6,1.4,34.3,BAT_07,0.736,3,1,0,1
HUT100061,5,12.155,4,1.76,31.6,BAT_07,0.776,2,2,0,1
HUT100061,6,11.618,5,1.66,31.1,BAT_07,0.724,2,1,0,1
HUT100061,7,12.674,5,1.4,31.9,BAT_07,0.809,2,2,0,1
HUT100061,8,12.107,7,1.56,31.1,BAT_07,0.769,3,1,0,1
HUT100061,9,12.634,5,1.51,37.0,BAT_07,0.732,2,1,0,1
HUT100061,10,12.163,6,1.93,25.4,BAT_07,0.805,2,1,0,1
HUT100061,11,12.059,6,1.55,37.8,BAT_07,0.734,3,2,0,1
HUT100061,12,12.647,7,1.56,33.4,BAT_07,0.796,2,1,0,1
HUT100061,13,12.225,7,1.51,34.1,BAT_07,0.763,3,1,0,1
HUT100061,14,11.639,6,1.81,33.7,BAT_07,0.767,2,1,0,1
HUT100061,15,12.692,8,1.37,33.7,BAT_07,0.733,2,1,0,1
HUT100061,16,11.943,6,1.6,33.2,BAT_07,0.803,2,1,0,1
HUT100061,17,14.319,7,1.72,34.4,BAT_07,0.757,2,1,0,1
HUT100061,18,11.495,7,1.56,31.3,BAT_07,0.794,2,2,0,1
HUT100061,19,11.99,5,1.79,31.6,BAT_07,0.745,2,1,0,1
HUT100061,20,11.979,4,1.52,29.0,BAT_07,0.762,2,1,0,1
HUT100061,21,12.285,7,1.39,32.4,BAT_07,0.79,2,1,0,1
HUT100061,22,12.163,4,1.3,32.2,BAT_07,0.762,3,2,0,1
HUT100061,23,5.385,5,1.78,19.6,BAT_07,0.724,2,1,0,1
HUT100061,24,9.743,3,0.64,20.7,BAT_07,0.773,2,2,0,1
HUT100061,25,10.835,6,1.46,32.8,BAT_07,0.778,2,1,0,1
HUT100061,26,13.68,6,1.69,36.6,BAT_07,0.749,2,1,0,1
HUT100062,1,5.304,4,1.38,56.2,GAL_12,1.0,1,1,0,1
HUT100062,2,6.43,4,1.19,42.5,GAL_12,0.939,1,1,0,1
HUT100062,3,5.371,4,1.12,61.8,GAL_12,0.928,1,1,0,1
HUT100062,4,6.198,1,1.25,38.7,GAL_12,0.96,1,1,0,1
HUT100062,5,6.841,4,0.98,61.8,GAL_12,1.0,1,1,0,1
HUT100062,6,5.778,5,1.61,55.2,GAL_12,0.954,1,1,0,1
HUT100062,7,5.98,4,1.31,52.5,GAL_12,0.965,1,1,0,1
HUT100062,8,5.256,2,1.25,51.8,GAL_12,1.0,1,1,0,1
HUT100062,9,5.236,4,1.38,67.8,GAL_12,0.966,1,1,0,1
HUT100062,10,4.867,4,1.15,49.3,GAL_12,0.919,1,1,0,1
HUT100062,11,5.503,5,1.32,61.3,GAL_12,0.939,2,1,0,1
HUT100062,12,5.002,3,1.1,43.3,GAL_12,1.0,1,1,0,1
HUT100062,13,5.595,5,1.61,43.2,GAL_12,0.982,1,1,0,1
HUT100062,14,6.479,2,1.3,39.5,GAL_12,0.906,1,1,0,1
HUT100062,15,4.675,5,1.24,64.3,GAL_12,0.952,2,1,0,1
HUT100062,16,6.258,6,1.36,60.6,GAL_12,0.904,1,1,0,1
HUT100062,17,6.89,6,1.06,71.2,GAL_12,1.0,2,1,0,1
HUT100062,18,6.369,6,1.68,48.6,GAL_12,0.93,1,1,0,1
HUT100062,19,6.208,3,1.01,52.2,GAL_12,0.977,1,1,0,1
HUT100062,20,4.211,6,1.07,45.8,GAL_12,0.981,1,1,0,1
HUT100062,21,4.743,4,1.02,50.5,GAL_12,0.94,2,1,0,1
HUT100062,22,3.52,5,1.24,42.4,GAL_12,1.0,2,1,0,1
HUT100062,23,3.654,2,1.02,46.2,GAL_12,0.957,1,1,0,1
HUT100062,24,2.803,0,0.81,14.8,GAL_12,1.0,1,1,0,1
HUT100062,25,3.768,3,0.73,19.7,GAL_12,0.935,2,1,0,1
HUT100062,26,3.107,2,0.76,32.9,GAL_12,0.965,1,1,0,1
HUT100063,1,1.573,18,1.31,67.6,GAL_01,0.884,1,1,0,1
HUT100063,2,1.358,16,1.11,81.7,GAL_01,0.866,1,1,0,1
HUT100063,3,1.471,16,1.03,69.8,GAL_01,0.913,1,1,0,1
HUT100063,4,1.273,15,1.23,72.7,GAL_01,0.929,1,1,0,1
HUT100063,5,1.286,15,0.81,94.6,GAL_01,0.891,1,1,0,1
HUT100063,6,1.473,15,1.4,82.3,GAL_01,0.896,1,1,0,1
HUT100063,7,1.561,14,1.56,81.6,GAL_01,0.903,1,1,0,1
HUT100063,8,1.406,16,0.95,54.0,GAL_01,0.849,1,1,0,1
HUT100063,9,1.507,17,1.34,86.8,GAL_01,0.879,1,1,0,1
HUT100063,10,1.221,19,1.15,87.5,GAL_01,0.884,1,1,0,1
HUT100063,11,1.681,16,0.81,94.1,GAL_01,0.865,1,1,0,1
HUT100063,12,1.217,16,1.24,68.6,GAL_01,0.855,1,1,0,1
HUT100063,13,1.505,14,1.38,90.3,GAL_01,0.842,1,1,0,1
HUT100063,14,1.224,17,1.35,49.0,GAL_01,0.885,1,1,0,1
HUT100063,15,1.359,18,1.32,69.7,GAL_01,0.869,1,1,0,1
HUT100063,16,1.778,14,1.11,92.9,GAL_01,0.892,1,1,0,1
HUT100063,17,1.082,17,1.01,90.0,GAL_01,0.911,1,1,0,1
HUT100063,18,1.216,14,1.48,79.5,GAL_01,0.884,1,1,0,1
HUT100063,19,1.267,13,0.88,84.3,GAL_01,0.843,1,1,0,1
HUT100063,20,1.181,14,1.1,87.3,GAL_01,0.917,1,1,0,1
HUT100063,21,1.117,12,1.15,49.6,GAL_01,0.901,1,1,0,1
HUT100063,22,1.232,12,1.23,80.5,GAL_01,0.861,1,1,0,1
HUT100063,23,0.57,7,0.64,34.7,GAL_01,0.868,1,1,0,1
HUT100063,24,0.65,9,0.89,43.1,GAL_01,0.846,1,1,0,1
HUT100063,25,0.857,8,1.0,73.3,GAL_01,0.924,1,1,0,1
HUT100063,26,0.917,8,0.61,32.7,GAL_01,0.915,1,1,0,1
HUT100064,1,1.938,10,1.9,54.4,RAT_02,0.915,1,1,0,1
HUT100064,2,1.815,9,1.87,60.1,RAT_02,0.934,1,1,0,1
HUT100064,3,1.757,7,1.99,56.3,RAT_02,0.931,1,1,0,1
HUT100064,4,1.944,10,1.92,56.7,RAT_02,0.946,1,1,0,1
HUT100064,5,1.866,10,2.24,61.5,RAT_02,0.884,1,1,0,1
HUT100064,6,2.198,8,2.72,66.0,RAT_02,0.937,1,1,0,1
HUT100064,7,1.65,9,2.19,53.2,RAT_02,0.927,1,1,0,1
HUT100064,8,2.24,11,2.57,72.4,RAT_02,0.89,1,1,0,1
HUT100064,9,1.836,10,2.16,72.1,RAT_02,0.879,1,1,0,1
HUT100064,10,1.873,9,2.14,62.9,RAT_02,0.974,1,1,0,1
HUT100064,11,2.003,12,2.34,78.4,RAT_02,0.926,1,1,0,1
HUT100064,12,2.115,10,2.23,60.9,RAT_02,0.968,1,1,0,1
HUT100064,13,1.816,7,2.55,63.5,RAT_02,0.928,1,1,0,1
HUT100064,14,1.866,6,2.18,59.0,RAT_02,0.891,1,1,0,1
HUT100064,15,2.066,10,2.47,57.1,RAT_02,0.948,1,1,0,1
HUT100064,16,1.97,8,2.17,61.8,RAT_02,0.972,1,1,0,1
HUT100064,17,2.067,12,2.38,65.5,RAT_02,0.974,1,1,0,1
HUT100064,18,2.086,9,2.46,65.8,RAT_02,0.936,1,1,0,1
HUT100064,19,1.974,9,2.41,73.1,RAT_02,0.93,1,1,0,1
HUT100064,20,1.958,8,2.29,55.4,RAT_02,0.972,1,1,0,1
HUT100064,21,2.034,9,2.48,63.9,RAT_02,0.972,1,1,0,1
HUT100064,22,1.819,11,2.45,70.1,RAT_02,0.95,1,1,0,1
HUT100064,23,1.221,3,1.93,31.0,RAT_02,0.946,1,1,0,1
HUT100064,24,1.263,6,1.92,31.3,RAT_02,0.933,1,1,0,1
HUT100064,25,1.956,10,2.4,64.0,RAT_02,0.883,1,1,0,1
HUT100064,26,1.951,8,2.28,74.5,RAT_02,0.952,1,1,0,1
HUT100065,1,4.614,9,1.29,42.2,ANU_02,0.53,3,1,0,1
HUT100065,2,3.366,7,0.86,21.4,ANU_02,0.541,3,1,0,1
HUT100065,3,4.773,9,1.28,21.7,ANU_02,0.578,3,1,0,1
HUT100065,4,4.108,9,1.4,27.1,ANU_02,0.534,2,1,0,1
HUT100065,5,4.638,7,1.11,36.9,ANU_02,0.579,2,1,0,1
HUT100065,6,4.214,7,1.06,34.7,ANU_02,0.561,3,1,0,1
HUT100065,7,4.167,10,1.47,31.4,ANU_02,0.547,2,1,0,1
HUT100065,8,4.554,8,1.15,38.2,ANU_02,0.568,3,1,0,1
HUT100065,9,4.34,11,1.34,32.2,ANU_02,0.571,2,1,0,1
HUT100065,10,4.778,5,1.48,37.1,ANU_02,0.535,3,1,0,1
HUT100065,11,4.287,7,1.46,23.7,ANU_02,0.582,2,1,0,1
HUT100065,12,3.971,6,1.12,27.8,ANU_02,0.537,3,1,0,1
HUT100065,13,4.177,7,1.43,30.9,ANU_02,0.554,3,1,0,1
HUT100065,14,4.872,3,1.37,28.6,ANU_02,0.562,2,1,0,1
HUT100065,15,4.163,6,1.46,29.2,ANU_02,0.522,3,1,0,1
HUT100065,16,3.893,6,1.22,37.9,ANU_02,0.527,2,1,0,1
HUT100065,17,3.323,7,1.09,31.3,ANU_02,0.581,2,1,0,1
HUT100065,18,3.953,6,0.95,28.9,ANU_02,0.552,3,1,0,1
HUT100065,19,4.587,8,1.48,32.9,ANU_02,0.575,3,1,0,1
HUT100065,20,3.879,9,0.96,25.5,ANU_02,0.524,3,1,0,1
HUT100065,21,3.861,10,1.56,30.8,ANU_02,0.559,2,1,0,1
HUT100065,22,4.924,4,1.2,29.4,ANU_02,0.559,2,1,0,1
HUT100065,23,3.009,3,1.23,19.9,ANU_02,0.573,3,1,0,1
HUT100065,24,1.81,6,1.01,16.2,ANU_02,0.531,3,1,0,1
HUT100065,25,3.859,5,1.38,23.3,ANU_02,0.532,3,1,0,1
HUT100065,26,5.535,7,1.22,28.4,ANU_02,0.567,2,1,0,1
HUT100066,1,0.26,9,0.93,60.2,JAF_04,0.841,1,1,0,1
HUT100066,2,0.377,8,1.06,51.1,JAF_04,0.892,1,1,0,1
HUT100066,3,0.374,6,1.25,66.5,JAF_04,0.903,2,1,0,1
HUT100066,4,0.347,9,1.25,59.4,JAF_04,0.909,1,1,0,1
HUT100066,5,0.405,9,0.83,47.7,JAF_04,0.874,1,1,0,1
HUT100066,6,0.332,8,1.29,61.9,JAF_04,0.875,1,1,0,1
HUT100066,7,0.245,8,0.62,57.9,JAF_04,0.892,1,1,0,1
HUT100066,8,0.441,7,1.36,65.5,JAF_04,0.884,1,1,0,1
HUT100066,9,0.359,8,1.25,67.0,JAF_04,0.877,2,1,0,1
HUT100066,10,0.343,9,1.02,59.2,JAF_04,0.913,1,1,0,1
HUT100066,11,0.354,9,1.46,74.8,JAF_04,0.848,2,1,0,1
HUT100066,12,0.324,9,1.36,72.7,JAF_04,0.935,1,1,0,1
HUT100066,13,0.306,14,1.25,72.8,JAF_04,0.865,1,1,0,1
HUT100066,14,0.351,9,1.55,71.9,JAF_04,0.885,2,1,0,1
HUT100066,15,0.289,10,1.06,44.5,JAF_04,0.923,1,1,0,1
HUT100066,16,0.356,11,1.46,47.6,JAF_04,0.853,1,1,0,1
HUT100066,17,0.22,7,1.36,58.2,JAF_04,0.879,1,1,0,1
HUT100066,18,0.374,11,1.47,82.5,JAF_04,0.892,1,1,0,1
HUT100066,19,0.34,10,1.3,67.4,JAF_04,0.893,1,1,0,1
HUT100066,20,0.332,9,1.35,64.2,JAF_04,0.912,1,1,0,1
HUT100066,21,0.279,11,1.71,64.1,JAF_04,0.88,1,1,0,1
HUT100066,22,0.254,6,1.06,42.5,ANU_09,0.094,2,3,1,1
HUT100066,23,0.178,5,0.72,27.9,ANU_09,0.059,2,2,1,1
HUT100066,24,0.069,4,0.54,16.8,ANU_09,0.096,2,2,1,1
HUT100066,25,0.211,4,1.09,62.3,ANU_09,0.119,2,2,1,1
HUT100066,26,0.286,9,1.51,70.7,JAF_04,0.865,1,1,0,1
HUT100067,1,3.474,12,0.67,56.6,JAF_03,0.265,7,3,0,1
HUT100067,2,3.026,9,0.67,35.3,JAF_03,0.271,9,3,0,1
HUT100067,3,3.738,9,0.97,54.5,JAF_03,0.283,8,3,0,1
HUT100067,4,3.559,11,0.92,48.7,JAF_03,0.261,9,2,0,1
HUT100067,5,3.399,12,0.63,48.9,JAF_03,0.281,8,3,0,1
HUT100067,6,3.766,10,0.12,45.8,JAF_03,0.261,8,2,0,1
HUT100067,7,3.135,13,0.52,58.5,JAF_03,0.269,7,2,0,1
HUT100067,8,2.883,9,0.79,56.5,JAF_03,0.271,8,2,0,1
HUT100067,9,3.83,11,0.86,59.5,JAF_03,0.262,7,3,0,1
HUT100067,10,2.62,10,0.78,57.6,JAF_03,0.259,7,3,0,1
HUT100067,11,2.419,8,0.67,55.9,JAF_03,0.275,9,2,0,1
HUT100067,12,3.3,10,0.94,61.3,JAF_03,0.255,9,3,0,1
HUT100067,13,3.683,10,0.02,57.7,JAF_03,0.275,9,2,0,1
HUT100067,14,3.322,11,0.64,49.8,JAF_03,0.275,9,2,0,1
HUT100067,15,2.727,11,0.51,43.1,JAF_03,0.253,7,2,0,1
HUT100067,16,2.388,6,0.73,49.0,JAF_03,0.284,7,2,0,1
HUT100067,17,3.296,11,0.76,54.0,JAF_03,0.284,7,2,0,1
HUT100067,18,3.168,7,0.41,42.3,JAF_03,0.275,9,2,0,1
HUT100067,19,3.14,8,0.52,50.9,JAF_03,0.254,7,3,0,1
HUT100067,20,3.161,13,0.06,46.8,JAF_03,0.274,8,3,0,1
HUT100067,21,2.529,6,0.5,47.7,BAT_04,0.096,9,4,1,1
HUT100067,22,1.639,2,0.15,16.3,BAT_04,0.109,7,3,1,1
HUT100067,23,1.128,5,0.53,25.2,BAT_04,0.108,13,3,1,1
HUT100067,24,1.896,10,0.38,28.8,JAF_03,0.269,10,3,0,1
HUT100067,25,2.673,9,0.62,51.5,JAF_03,0.277,9,2,0,1
HUT100067,26,2.762,8,0.38,56.3,JAF_03,0.257,9,2,0,1
HUT100068,1,0.347,12,0.5,61.2,KAN_05,0.951,1,1,0,1
HUT100068,2,0.461,9,0.37,67.7,KAN_05,0.927,1,1,0,1
HUT100068,3,0.398,12,0.16,70.2,KAN_05,0.93,1,1,0,1
HUT100068,4,0.423,10,0.59,73.2,KAN_05,0.95,1,1,0,1
HUT100068,5,0.33,9,0.85,53.2,KAN_05,0.902,1,1,0,1
HUT100068,6,0.458,11,0.49,73.5,KAN_05,0.952,1,1,0,1
HUT100068,7,0.328,11,0.53,64.2,KAN_05,0.864,1,1,0,1
HUT100068,8,0.371,9,0.54,75.2,KAN_05,0.871,1,1,0,1
HUT100068,9,0.456,12,0.64,73.8,KAN_05,0.953,1,1,0,1
HUT100068,10,0.366,11,0.45,87.1,KAN_05,0.964,1,1,0,1
HUT100068,11,0.337,12,0.7,59.7,KAN_05,0.879,1,1,0,1
HUT100068,12,0.341,12,0.45,96.2,KAN_05,0.895,2,1,0,1
HUT100068,13,0.381,11,0.45,62.4,KAN_05,0.888,1,1,0,1
HUT100068,14,0.474,11,0.64,65.6,KAN_05,0.86,1,1,0,1
HUT100068,15,0.396,12,0.47,85.6,KAN_05,0.919,1,1,0,1
HUT100068,16,0.384,13,0.36,72.6,KAN_05,0.873,1,1,0,1
HUT100068,17,0.448,14,0.52,87.0,KAN_05,0.964,1,1,0,1
HUT100068,18,0.441,10,0.31,72.2,KAN_05,0.896,1,1,0,1
HUT100068,19,0.386,10,0.57,56.8,KAN_05,0.879,1,1,0,1
HUT100068,20,0.422,16,0.62,84.2,KAN_05,0.954,1,1,0,1
HUT100068,21,0.34,13,0.29,49.7,KAN_05,0.883,1,1,0,1
HUT100068,22,0.459,13,0.67,53.1,KAN_05,0.873,1,1,0,1
HUT100068,23,0.259,7,0.28,34.9,KAN_05,0.919,1,1,0,1
HUT100068,24,0.234,6,0.36,41.0,KAN_05,0.95,2,1,0,1
HUT100068,25,0.479,10,0.09,58.4,KAN_05,0.865,2,1,0,1
HUT100068,26,0.364,11,0.4,48.2,KAN_05,0.933,1,1,0,1
HUT100069,1,0.561,7,0.65,1.0,GAM_02,0.562,3,1,0,1
HUT100069,2,0.37,7,0.65,0.0,GAM_02,0.558,3,1,0,1
HUT100069,3,0.126,11,0.28,3.6,GAM_02,0.582,3,1,0,1
HUT100069,4,0.198,6,0.51,0.0,GAM_02,0.558,3,1,0,1
HUT100069,5,1.005,9,0.8,15.2,GAM_02,0.58,3,1,0,1
HUT100069,6,0.537,8,0.88,4.2,GAM_02,0.57,3,1,0,1
HUT100069,7,0.433,7,0.82,0.0,GAM_02,0.604,3,1,0,1
HUT100069,8,0.782,8,0.75,8.3,GAM_02,0.557,3,1,0,1
HUT100069,9,0.752,5,0.68,9.4,GAM_02,0.605,3,1,0,1
HUT100069,10,0.327,7,1.01,6.1,GAM_02,0.583,3,1,0,1
HUT100069,11,0.344,6,0.89,6.7,GAM_02,0.574,3,1,0,1
HUT100069,12,0.484,7,0.5,5.3,GAM_02,0.591,3,1,0,1
HUT100069,13,0.476,7,0.76,4.8,GAM_02,0.62,3,1,0,1
HUT100069,14,1.158,4,0.88,0.0,GAM_02,0.554,3,1,0,1
HUT100069,15,0.339,7,0.45,2.5,GAM_02,0.62,3,1,0,1
HUT100069,16,0.281,10,0.67,0.0,GAM_02,0.565,3,1,0,1
HUT100069,17,0.984,6,0.81,13.5,GAM_02,0.583,3,1,0,1
HUT100069,18,0.0,9,0.49,9.1,GAM_02,0.564,2,1,0,1
HUT100069,19,0.807,5,0.69,5.8,GAM_02,0.591,2,1,0,1
HUT100069,20,0.698,8,0.93,0.6,GAM_02,0.577,3,1,0,1
HUT100069,21,0.641,7,0.27,1.9,GAM_02,0.612,3,1,0,1
HUT100069,22,0.276,5,0.58,4.8,GAM_02,0.581,3,1,0,1
HUT100069,23,0.14,4,0.48,0.5,GAM_02,0.596,3,1,0,1
HUT100069,24,0.105,3,0.64,8.3,GAM_02,0.552,3,1,0,1
HUT100069,25,0.197,7,0.62,0.0,GAM_02,0.57,3,1,0,1
HUT100069,26,0.545,5,0.61,5.2,GAM_02,0.565,3,1,0,1
HUT100070,1,2.626,11,0.49,41.7,NEG_08,0.592,3,1,0,1
HUT100070,2,2.18,13,0.78,31.6,NEG_08,0.588,3,2,0,1
HUT100070,3,1.936,11,1.0,25.3,NEG_08,0.558,3,1,0,1
HUT100070,4,2.039,13,1.11,32.2,NEG_08,0.574,3,1,0,1
HUT100070,5,2.195,9,0.79,23.7,NEG_08,0.571,3,2,0,1
HUT100070,6,2.045,8,0.72,31.5,NEG_08,0.574,3,1,0,1
HUT100070,7,2.03,7,0.52,35.1,NEG_08,0.543,3,1,0,1
HUT100070,8,1.98,10,1.12,17.4,NEG_08,0.561,3,2,0,1
HUT100070,9,2.025,9,0.9,26.9,NEG_08,0.573,3,1,0,1
HUT100070,10,1.793,10,0.72,28.3,NEG_08,0.54,3,1,0,1
HUT100070,11,2.081,7,1.14,35.9,NEG_08,0.584,3,1,0,1
HUT100070,12,2.091,9,1.2,31.2,NEG_08,0.594,3,2,0,1
HUT100070,13,2.321,8,0.64,38.9,NEG_08,0.564,3,1,0,1
HUT100070,14,2.389,8,0.81,21.4,NEG_08,0.577,2,1,0,1
HUT100070,15,1.283,6,0.94,21.8,NEG_08,0.561,3,2,0,1
HUT100070,16,2.169,9,1.19,22.3,NEG_08,0.552,2,1,0,1
HUT100070,17,2.532,10,0.96,30.7,NEG_08,0.542,3,1,0,1
HUT100070,18,2.131,10,0.93,35.3,NEG_08,0.544,3,2,0,1
HUT100070,19,1.417,13,0.81,28.3,NEG_08,0.539,3,1,0,1
HUT100070,20,2.465,10,0.8,22.8,NEG_08,0.575,3,2,0,1
HUT100070,21,2.0,10,1.14,19.3,NEG_08,0.548,3,1,0,1
HUT100070,22,2.199,13,0.82,33.4,NEG_08,0.561,3,1,0,1
HUT100070,23,1.066,6,0.62,18.8,NEG_08,0.574,3,1,0,1
HUT100070,24,1.405,6,0.72,15.3,NEG_08,0.561,3,1,0,1
HUT100070,25,2.399,6,0.88,25.9,NEG_08,0.587,3,2,0,1
HUT100070,26,2.261,12,0.68,32.6,NEG_08,0.568,3,1,0,1
HUT100071,1,0.551,5,0.65,42.3,TRI_09,0.712,3,1,0,1
HUT100071,2,0.532,5,0.5,38.4,TRI_09,0.72,3,2,0,1
HUT100071,3,0.531,4,0.64,41.8,TRI_09,0.714,4,1,0,1
HUT100071,4,0.639,5,0.04,59.8,TRI_09,0.742,4,1,0,1
HUT100071,5,0.555,3,0.22,40.6,TRI_09,0.702,3,1,0,1
HUT100071,6,0.416,4,0.46,36.1,TRI_09,0.734,4,1,0,1
HUT100071,7,0.512,5,0.1,53.4,TRI_09,0.749,3,1,0,1
HUT100071,8,0.563,3,0.53,38.4,TRI_09,0.709,3,1,0,1
HUT100071,9,0.57,8,0.57,53.9,TRI_09,0.724,3,1,0,1
HUT100071,10,0.632,7,0.38,49.4,TRI_09,0.727,3,2,0,1
HUT100071,11,0.617,5,0.54,37.0,TRI_09,0.672,4,2,0,1
HUT100071,12,0.466,3,0.6,51.1,TRI_09,0.72,3,2,0,1
HUT100071,13,0.576,3,0.65,37.9,TRI_09,0.729,3,2,0,1
HUT100071,14,0.621,6,0.6,45.4,TRI_09,0.717,3,1,0,1
HUT100071,15,0.475,3,0.65,33.7,TRI_09,0.693,3,2,0,1
HUT100071,16,0.589,8,0.11,49.3,TRI_09,0.698,3,1,0,1
HUT100071,17,0.515,4,0.43,52.8,TRI_09,0.723,3,1,0,1
HUT100071,18,0.54,5,0.35,51.2,TRI_09,0.69,4,1,0,1
HUT100071,19,0.607,4,0.65,41.5,TRI_09,0.745,3,2,0,1
HUT100071,20,0.589,9,0.63,41.4,TRI_09,0.682,3,1,0,1
HUT100071,21,0.522,6,0.08,56.8,TRI_09,0.713,3,1,0,1
HUT100071,22,0.633,9,0.54,44.5,TRI_09,0.738,3,1,0,1
HUT100071,23,0.396,3,0.37,36.2,TRI_09,0.738,3,1,0,1
HUT100071,24,0.256,2,0.24,22.1,TRI_09,0.708,3,2,0,1
HUT100071,25,0.634,3,0.31,51.0,TRI_09,0.699,4,1,0,1
HUT100071,26,0.605,8,0.69,47.2,TRI_09,0.72,3,1,0,1
HUT100072,1,0.576,14,1.43,44.7,GAM_04,0.855,1,1,0,1
HUT100072,2,0.485,14,1.05,67.1,GAM_04,0.946,1,1,0,1
HUT100072,3,0.486,11,1.49,52.5,GAM_04,0.871,1,1,0,1
HUT100072,4,0.558,12,1.55,55.4,GAM_04,0.854,1,1,0,1
HUT100072,5,0.441,11,1.39,65.8,GAM_04,0.92,1,1,0,1
HUT100072,6,0.634,9,1.14,58.6,GAM_04,0.926,1,1,0,1
HUT100072,7,0.495,12,1.12,32.0,GAM_04,0.914,1,1,0,1
HUT100072,8,0.52,11,1.3,49.1,GAM_04,0.862,1,1,0,1
HUT100072,9,0.525,12,1.48,49.3,GAM_04,0.943,1,1,0,1
HUT100072,10,0.584,15,1.44,37.6,GAM_04,0.892,1,1,0,1
HUT100072,11,0.501,12,1.15,41.2,GAM_04,0.92,1,1,0,1
HUT100072,12,0.564,11,1.21,59.8,GAM_04,0.916,1,1,0,1
HUT100072,13,0.548,12,0.98,42.0,GAM_04,0.886,1,1,0,1
HUT100072,14,0.576,12,1.16,50.0,GAM_04,0.858,1,1,0,1
HUT100072,15,0.563,11,1.39,55.7,GAM_04,0.933,1,1,0,1
HUT100072,16,0.569,10,1.66,55.7,GAM_04,0.888,1,1,0,1
HUT100072,17,0.464,12,0.99,47.8,GAM_04,0.914,1,1,0,1
HUT100072,18,0.581,13,1.11,54.6,GAM_04,0.926,1,1,0,1
HUT100072,19,0.606,10,0.69,58.0,GAM_04,0.95,1,1,0,1
HUT100072,20,0.564,14,1.3,56.1,GAM_04,0.883,1,1,0,1
HUT100072,21,0.496,9,1.17,46.3,GAM_04,0.907,1,1,0,1
HUT100072,22,0.723,13,1.09,48.9,GAM_04,0.894,1,1,0,1
HUT100072,23,0.383,11,0.91,39.1,GAM_04,0.881,1,1,0,1
HUT100072,24,0.327,9,0.87,30.3,GAM_04,0.887,1,1,0,1
HUT100072,25,0.502,13,1.3,48.9,GAM_04,0.944,1,1,0,1
HUT100072,26,0.595,11,1.26,54.3,GAM_04,0.919,1,1,0,1
HUT100073,1,0.808,6,1.8,34.6,KUR_09,0.834,1,1,0,1
HUT100073,2,0.734,6,1.48,36.0,KUR_09,0.87,1,1,0,1
HUT100073,3,0.802,10,1.98,28.9,KUR_09,0.916,1,1,0,1
HUT100073,4,0.725,5,2.05,43.4,KUR_09,0.885,1,1,0,1
HUT100073,5,0.567,7,1.78,25.6,KUR_09,0.922,1,1,0,1
HUT100073,6,0.596,7,1.88,38.5,KUR_09,0.843,1,1,0,1
HUT100073,7,0.678,7,2.11,26.8,KUR_09,0.899,1,1,0,1
HUT100073,8,0.589,7,1.82,19.7,KUR_09,0.854,1,1,0,1
HUT100073,9,0.715,8,1.68,30.8,KUR_09,0.855,1,1,0,1
HUT100073,10,0.693,10,1.76,38.2,KUR_09,0.866,1,1,0,1
HUT100073,11,0.836,6,1.99,31.8,KUR_09,0.93,1,1,0,1
HUT100073,12,0.673,6,1.93,30.1,KUR_09,0.875,1,1,0,1
HUT100073,13,0.82,5,2.22,34.4,KUR_09,0.913,1,1,0,1
HUT100073,14,0.7,6,1.73,18.8,KUR_09,0.838,1,1,0,1
HUT100073,15,0.768,7,2.13,42.4,KUR_09,0.843,1,1,0,1
HUT100073,16,0.69,8,1.85,33.5,KUR_09,0.848,1,1,0,1
HUT100073,17,0.794,8,1.71,37.2,KUR_09,0.909,1,1,0,1
HUT100073,18,0.712,5,2.06,33.4,KUR_09,0.881,1,1,0,1
HUT100073,19,0.796,6,1.66,36.0,KUR_09,0.832,1,1,0,1
HUT100073,20,0.728,6,1.94,24.4,KUR_09,0.85,1,1,0,1
HUT100073,21,0.834,7,1.78,31.3,KUR_09,0.925,1,1,0,1
HUT100073,22,0.73,9,1.94,21.6,KUR_09,0.894,2,1,0,1
HUT100073,23,0.39,4,1.92,27.7,KUR_09,0.905,1,1,0,1
HUT100073,24,0.4,6,1.72,11.7,KUR_09,0.836,1,1,0,1
HUT100073,25,0.806,6,1.66,33.9,KUR_09,0.836,1,1,0,1
HUT100073,26,0.622,9,2.14,32.5,KUR_09,0.905,1,1,0,1
HUT100074,1,0.973,6,1.89,35.5,GAM_11,0.621,2,1,0,1
HUT100074,2,1.426,5,1.74,43.8,GAM_11,0.682,2,1,0,1
HUT100074,3,1.385,1,1.48,48.2,GAM_11,0.632,2,1,0,1
HUT100074,4,0.983,3,1.45,40.5,GAM_11,0.685,2,1,0,1
HUT100074,5,0.928,5,1.6,39.7,GAM_11,0.643,2,1,0,1
HUT100074,6,0.924,6,1.73,43.9,GAM_11,0.673,2,1,0,1
HUT100074,7,1.229,5,1.55,58.1,GAM_11,0.639,2,1,0,1
HUT100074,8,1.368,6,1.77,61.2,GAM_11,0.687,2,1,0,1
HUT100074,9,1.427,2,1.69,34.6,GAM_11,0.643,2,1,0,1
HUT100074,10,1.348,3,1.87,43.6,GAM_11,0.629,2,1,0,1
HUT100074,11,1.453,6,1.44,42.9,GAM_11,0.628,2,1,0,1
HUT100074,12,1.276,4,1.57,43.6,GAM_11,0.674,2,1,0,1
HUT100074,13,1.133,3,1.12,37.5,GAM_11,0.692,2,1,0,1
HUT100074,14,1.237,6,1.33,47.1,GAM_11,0.672,2,1,0,1
HUT100074,15,1.212,3,2.12,22.5,GAM_11,0.683,2,1,0,1
HUT100074,16,1.117,4,1.68,44.8,GAM_11,0.621,2,1,0,1
HUT100074,17,1.368,3,1.96,37.0,GAM_11,0.652,2,1,0,1
HUT100074,18,1.382,3,1.67,43.6,GAM_11,0.641,2,1,0,1
HUT100074,19,1.087,5,1.87,25.4,GAM_11,0.66,2,1,0,1
HUT100074,20,1.115,4,1.41,50.3,GAM_11,0.686,2,1,0,1
HUT100074,21,1.462,3,1.7,45.3,GAM_11,0.642,2,1,0,1
HUT100074,22,1.1,5,1.68,30.0,GAM_11,0.641,2,1,0,1
HUT100074,23,0.796,6,1.06,21.2,GAM_11,0.668,2,1,0,1
HUT100074,24,0.618,1,0.9,38.8,GAM_11,0.625,2,1,0,1
HUT100074,25,0.803,3,1.51,41.2,GAM_11,0.654,2,1,0,1
HUT100074,26,1.028,2,1.49,44.9,GAM_11,0.685,2,1,0,1
HUT100075,1,4.219,11,1.56,151.3,GAM_11,0.684,3,1,0,1
HUT100075,2,4.578,11,1.21,153.2,GAM_11,0.74,2,1,0,1
HUT100075,3,4.769,12,1.63,173.9,GAM_11,0.745,2,1,0,1
HUT100075,4,4.405,10,1.45,150.8,GAM_11,0.703,3,1,0,1
HUT100075,5,4.995,8,1.48,162.7,GAM_11,0.734,2,1,0,1
HUT100075,6,4.178,9,1.76,152.8,GAM_11,0.724,3,1,0,1
HUT100075,7,4.736,11,1.43,169.0,GAM_11,0.718,2,1,0,1
HUT100075,8,4.362,11,1.17,160.6,GAM_11,0.68,3,1,0,1
HUT100075,9,4.627,10,1.04,171.9,GAM_11,0.735,3,1,0,1
HUT100075,10,4.359,10,1.32,138.4,GAM_11,0.672,3,1,0,1
HUT100075,11,4.43,11,1.69,177.0,GAM_11,0.694,3,1,0,1
HUT100075,12,4.504,9,1.23,180.1,GAM_11,0.682,2,1,0,1
HUT100075,13,4.197,10,1.38,160.2,GAM_11,0.691,3,1,0,1
HUT100075,14,4.396,11,1.68,145.7,GAM_11,0.747,3,1,0,1
HUT100075,15,4.508,11,1.66,164.8,GAM_11,0.717,2,1,0,1
HUT100075,16,4.617,11,1.48,158.0,GAM_11,0.671,3,1,0,1
HUT100075,17,4.566,13,1.36,127.6,GAM_11,0.694,3,1,0,1
HUT100075,18,4.224,9,1.4,159.8,GAM_11,0.708,2,1,0,1
HUT100075,19,4.763,13,1.45,150.8,GAM_11,0.73,3,1,0,1
HUT100075,20,4.667,9,1.1,145.1,GAM_11,0.699,3,1,0,1
HUT100075,21,4.261,10,1.6,149.9,GAM_11,0.677,3,1,0,1
HUT100075,22,4.683,9,1.07,181.5,GAM_11,0.741,3,1,0,1
HUT100075,23,2.767,7,1.23,93.3,GAM_11,0.74,2,1,0,1
HUT100075,24,2.996,6,0.88,81.2,GAM_11,0.695,3,1,0,1
HUT100075,25,3.715,10,1.23,148.4,GAM_11,0.671,2,1,0,1
HUT100075,26,3.253,10,0.86,142.5,GAM_11,0.707,3,1,0,1
HUT100076,1,1.2,11,1.34,20.4,TRI_08,0.691,3,1,0,1
HUT100076,2,0.868,10,0.89,25.6,TRI_08,0.662,3,1,0,1
HUT100076,3,1.187,12,1.04,25.2,TRI_08,0.655,3,1,0,1
HUT100076,4,1.062,10,1.29,25.2,TRI_08,0.673,3,1,0,1
HUT100076,5,1.171,12,1.27,36.1,TRI_08,0.625,3,1,0,1
HUT100076,6,1.042,12,1.15,34.9,TRI_08,0.692,4,1,0,1
HUT100076,7,1.187,12,0.99,25.6,TRI_08,0.693,3,1,0,1
HUT100076,8,1.084,11,1.18,18.8,TRI_08,0.685,3,1,0,1
HUT100076,9,1.362,12,1.12,20.7,TRI_08,0.665,3,1,0,1
HUT100076,10,1.01,11,1.6,16.4,TRI_08,0.64,3,1,0,1
HUT100076,11,1.206,12,1.14,24.4,TRI_08,0.617,3,1,0,1
HUT100076,12,1.172,12,1.06,19.9,TRI_08,0.653,3,1,0,1
HUT100076,13,1.196,13,1.44,31.8,TRI_08,0.683,3,1,0,1
HUT100076,14,0.947,12,1.3,21.3,TRI_08,0.646,4,1,0,1
HUT100076,15,1.157,11,1.26,41.0,TRI_08,0.652,3,1,0,1
HUT100076,16,1.316,12,1.02,32.0,TRI_08,0.686,3,1,0,1
HUT100076,17,1.223,12,1.34,30.6,TRI_08,0.691,4,1,0,1
HUT100076,18,1.255,13,0.61,20.0,TRI_08,0.649,3,1,0,1
HUT100076,19,1.246,12,1.38,25.1,TRI_08,0.667,3,1,0,1
HUT100076,20,1.033,9,1.19,25.6,TRI_08,0.625,3,1,0,1
HUT100076,21,1.3,12,1.49,27.5,TRI_08,0.627,3,1,0,1
HUT100076,22,0.931,11,1.27,29.1,TRI_08,0.638,3,1,0,1
HUT100076,23,0.774,8,0.87,23.7,TRI_08,0.676,3,1,0,1
HUT100076,24,0.762,8,1.24,13.0,TRI_08,0.632,3,1,0,1
HUT100076,25,0.977,11,1.28,22.4,TRI_08,0.685,3,1,0,1
HUT100076,26,1.09,10,1.31,33.4,TRI_08,0.676,3,1,0,1
HUT100077,1,2.303,13,1.02,67.9,GAM_01,0.64,3,2,0,1
HUT100077,2,1.709,16,1.31,63.1,GAM_01,0.669,3,1,0,1
HUT100077,3,1.807,13,1.51,56.9,GAM_01,0.614,2,2,0,1
HUT100077,4,2.249,13,1.41,78.9,GAM_01,0.635,2,1,0,1
HUT100077,5,2.447,14,1.1,72.6,GAM_01,0.623,3,1,0,1
HUT100077,6,2.085,10,1.09,79.7,GAM_01,0.646,2,2,0,1
HUT100077,7,1.966,12,1.24,69.1,GAM_01,0.681,2,1,0,1
HUT100077,8,2.064,12,1.27,88.1,GAM_01,0.647,2,1,0,1
HUT100077,9,2.452,13,1.27,92.6,GAM_01,0.675,2,2,0,1
HUT100077,10,2.325,13,1.2,44.5,GAM_01,0.655,2,2,0,1
HUT100077,11,2.151,14,1.45,72.2,GAM_01,0.656,3,1,0,1
HUT100077,12,2.608,11,1.18,99.3,GAM_01,0.614,3,1,0,1
HUT100077,13,1.657,12,1.51,78.0,GAM_01,0.645,2,1,0,1
HUT100077,14,1.993,14,1.94,63.4,GAM_01,0.635,3,1,0,1
HUT100077,15,2.154,13,1.5,79.9,GAM_01,0.627,2,1,0,1
HUT100077,16,1.845,12,1.37,69.9,GAM_01,0.631,3,2,0,1
HUT100077,17,2.105,14,1.17,57.1,GAM_01,0.648,2,2,0,1
HUT100077,18,1.475,12,1.18,82.4,GAM_01,0.635,3,1,0,1
HUT100077,19,0.875,13,0.75,20.2,GAM_01,0.64,3,2,0,1
HUT100077,20,1.021,12,0.94,38.1,GAM_01,0.666,3,1,0,1
HUT100077,21,1.567,11,1.12,40.1,GAM_01,0.678,3,2,0,1
HUT100077,22,1.214,13,1.13,37.7,GAM_01,0.679,2,1,0,1
HUT100077,23,0.412,9,0.62,18.3,GAM_01,0.642,3,1,0,1
HUT100077,24,1.117,11,1.01,30.9,GAM_01,0.682,3,1,0,1
HUT100077,25,1.208,11,1.01,65.1,GAM_01,0.65,3,1,0,1
HUT100077,26,1.146,11,1.11,36.1,GAM_01,0.645,2,1,0,1
HUT100078,1,13.594,3,1.47,24.9,KAN_02,0.681,3,1,0,1
HUT100078,2,9.468,6,2.07,25.9,KAN_02,0.722,3,2,0,1
HUT100078,3,8.736,8,1.56,40.6,KAN_02,0.671,3,1,0,1
HUT100078,4,10.777,7,1.87,30.1,KAN_02,0.735,4,1,0,1
HUT100078,5,10.187,5,1.46,29.2,KAN_02,0.725,3,1,0,1
HUT100078,6,11.492,7,1.35,27.5,KAN_02,0.674,3,1,0,1
HUT100078,7,9.618,3,1.56,25.7,KAN_02,0.68,3,2,0,1
HUT100078,8,11.896,4,1.29,22.8,KAN_02,0.709,4,2,0,1
HUT100078,9,10.49,5,2.01,42.3,KAN_02,0.733,4,1,0,1
HUT100078,10,10.832,5,1.58,36.1,KAN_02,0.67,4,2,0,1
HUT100078,11,10.818,3,1.82,33.8,KAN_02,0.669,3,1,0,1
HUT100078,12,11.288,3,1.26,22.3,KAN_02,0.69,3,1,0,1
HUT100078,13,10.584,5,1.54,29.7,KAN_02,0.742,3,1,0,1
HUT100078,14,13.92,3,0.96,26.4,KAN_02,0.687,3,1,0,1
HUT100078,15,12.509,8,1.46,38.0,KAN_02,0.706,4,1,0,1
HUT100078,16,13.513,2,1.79,36.5,KAN_02,0.736,3,2,0,1
HUT100078,17,11.213,6,1.85,24.1,KAN_02,0.712,3,1,0,1
HUT100078,18,11.989,5,1.89,39.1,KAN_02,0.744,3,1,0,1
HUT100078,19,9.646,7,1.73,33.4,KAN_02,0.743,4,1,0,1
HUT100078,20,8.468,6,1.56,32.0,KAN_02,0.681,3,1,0,1
HUT100078,21,7.909,6,1.3,23.2,KAN_02,0.714,3,1,0,1
HUT100078,22,8.493,2,1.08,24.4,KAN_02,0.71,4,1,0,1
HUT100078,23,3.61,2,0.75,15.1,KAN_02,0.691,3,1,0,1
HUT100078,24,4.04,3,0.63,3.1,KAN_02,0.734,4,1,0,1
HUT100078,25,6.473,3,0.63,26.1,KAN_02,0.666,3,1,0,1
HUT100078,26,8.051,2,0.81,13.6,KAN_02,0.703,3,2,0,1
HUT100079,1,3.836,9,1.26,3.6,BAT_07,0.892,2,1,0,1
HUT100079,2,3.623,7,0.79,4.7,BAT_07,0.968,1,1,0,1
HUT100079,3,4.007,9,1.34,5.6,BAT_07,0.878,2,1,0,1
HUT100079,4,3.789,9,1.26,3.8,BAT_07,0.96,2,1,0,1
HUT100079,5,3.392,8,1.32,4.6,BAT_07,0.89,1,1,0,1
HUT100079,6,3.06,7,1.18,6.7,BAT_07,0.889,2,1,0,1
HUT100079,7,4.146,6,0.97,5.5,BAT_07,0.946,2,1,0,1
HUT100079,8,3.248,10,1.14,4.2,BAT_07,0.892,2,1,0,1
HUT100079,9,3.414,10,1.19,4.9,BAT_07,0.881,2,1,0,1
HUT100079,10,3.702,9,1.1,6.0,BAT_07,0.968,2,1,0,1
HUT100079,11,3.282,8,1.1,4.4,BAT_07,0.961,1,1,0,1
HUT100079,12,3.496,11,1.09,4.1,BAT_07,0.95,2,1,0,1
HUT100079,13,3.981,8,1.18,5.3,BAT_07,0.967,1,1,0,1
HUT100079,14,3.234,9,1.38,4.6,BAT_07,0.911,2,1,0,1
HUT100079,15,3.433,7,1.34,7.2,BAT_07,0.961,2,1,0,1
HUT100079,16,4.275,9,1.4,5.4,BAT_07,0.885,2,1,0,1
HUT100079,17,2.884,11,1.4,4.7,BAT_07,0.951,1,1,0,1
HUT100079,18,3.451,9,1.15,6.8,BAT_07,0.954,1,1,0,1
HUT100079,19,3.016,8,0.89,3.5,BAT_07,0.933,2,1,0,1
HUT100079,20,3.268,9,1.34,5.8,BAT_07,0.882,2,1,0,1
HUT100079,21,2.433,5,0.84,3.7,BAT_07,0.907,2,1,0,1
HUT100079,22,2.117,5,1.1,5.7,BAT_07,0.881,2,1,0,1
HUT100079,23,0.97,6,1.08,3.0,BAT_07,0.876,2,1,0,1
HUT100079,24,1.54,4,1.07,1.3,BAT_07,0.862,2,1,0,1
HUT100079,25,2.254,4,0.92,3.2,BAT_07,0.895,2,1,0,1
HUT100079,26,2.048,4,0.61,3.5,BAT_07,0.942,2,1,0,1
HUT100080,1,1.118,10,2.7,63.4,KUR_05,0.28,9,3,0,1
HUT100080,2,1.193,7,2.2,63.9,KUR_05,0.287,8,3,0,1
HUT100080,3,1.158,6,2.18,61.6,KUR_05,0.269,8,3,0,1
HUT100080,4,1.121,10,2.72,76.0,KUR_05,0.268,8,3,0,1
HUT100080,5,1.164,9,2.47,77.1,KUR_05,0.282,8,3,0,1
HUT100080,6,1.239,6,2.19,77.4,KUR_05,0.3,9,4,0,1
HUT100080,7,1.184,8,2.71,58.9,KUR_05,0.289,8,3,0,1
HUT100080,8,1.26,6,2.86,61.5,KUR_05,0.294,8,3,0,1
HUT100080,9,1.186,2,2.59,70.1,KUR_05,0.285,9,3,0,1
HUT100080,10,1.056,6,2.41,59.8,KUR_05,0.277,9,3,0,1
HUT100080,11,1.176,3,2.56,88.3,KUR_05,0.278,9,3,0,1
HUT100080,12,1.282,11,2.48,56.5,KUR_05,0.299,7,3,0,1
HUT100080,13,1.216,7,2.33,73.6,KUR_05,0.293,7,3,0,1
HUT100080,14,1.077,8,2.36,69.1,KUR_05,0.292,8,3,0,1
HUT100080,15,1.143,9,2.12,73.2,KUR_05,0.269,9,3,0,1
HUT100080,16,1.203,7,2.44,64.1,KUR_05,0.274,8,3,0,1
HUT100080,17,1.154,7,2.4,68.6,KUR_05,0.282,9,3,0,1
HUT100080,18,1.179,9,2.11,64.8,KUR_05,0.267,7,3,0,1
HUT100080,19,1.105,6,2.77,72.2,KUR_05,0.292,8,3,0,1
HUT100080,20,1.131,7,3.01,78.8,KUR_05,0.3,9,3,0,1
HUT100080,21,1.213,8,2.36,75.9,KUR_05,0.276,8,4,0,1
HUT100080,22,1.198,9,2.38,66.3,KUR_05,0.278,9,3,0,1
HUT100080,23,0.793,5,1.92,42.3,KUR_05,0.293,9,3,0,1
HUT100080,24,0.589,7,1.87,28.1,KUR_05,0.282,8,3,0,1
HUT100080,25,1.026,6,2.15,62.3,KUR_05,0.291,8,3,0,1
HUT100080,26,0.876,10,2.17,51.3,KUR_05,0.281,10,3,0,1
HUT100081,1,0.437,18,1.15,29.2,MAT_08,0.788,3,1,0,1
HUT100081,2,0.551,14,1.38,46.0,MAT_08,0.715,3,1,0,1
HUT100081,3,0.484,13,1.26,31.3,MAT_08,0.757,3,2,0,1
HUT100081,4,0.464,14,1.47,47.2,MAT_08,0.757,4,1,0,1
HUT100081,5,0.355,13,1.32,25.9,MAT_08,0.773,3,1,0,1
HUT100081,6,0.482,13,1.3,39.2,MAT_08,0.784,4,1,0,1
HUT100081,7,0.403,15,1.57,34.4,MAT_08,0.743,3,1,0,1
HUT100081,8,0.528,14,1.55,49.3,MAT_08,0.788,3,1,0,1
HUT100081,9,0.475,11,1.6,27.9,MAT_08,0.748,3,2,0,1
HUT100081,10,0.503,14,1.29,44.5,MAT_08,0.791,3,2,0,1
HUT100081,11,0.376,15,1.7,53.5,MAT_08,0.707,3,1,0,1
HUT100081,12,0.476,14,1.42,26.4,MAT_08,0.792,3,2,0,1
HUT100081,13,0.499,16,1.69,44.0,MAT_08,0.713,3,1,0,1
HUT100081,14,0.407,15,1.26,36.9,MAT_08,0.726,3,1,0,1
HUT100081,15,0.499,12,1.57,46.3,MAT_08,0.762,3,2,0,1
HUT100081,16,0.431,15,1.28,30.4,MAT_08,0.711,3,1,0,1
HUT100081,17,0.383,13,1.82,41.6,MAT_08,0.792,3,1,0,1
HUT100081,18,0.478,16,1.4,41.8,MAT_08,0.707,3,1,0,1
HUT100081,19,0.494,13,1.47,26.6,MAT_08,0.793,3,1,0,1
HUT100081,20,0.378,13,1.7,40.9,MAT_08,0.758,3,1,0,1
HUT100081,21,0.451,16,1.31,33.4,MAT_08,0.754,3,2,0,1
HUT100081,22,0.481,13,1.14,34.6,MAT_08,0.779,4,1,0,1
HUT100081,23,0.286,10,1.51,12.4,MAT_08,0.778,3,1,0,1
HUT100081,24,0.35,8,1.22,27.3,MAT_08,0.756,4,1,0,1
HUT100081,25,0.516,13,1.78,40.1,MAT_08,0.708,3,1,0,1
HUT100081,26,0.429,15,1.57,32.5,MAT_08,0.715,4,1,0,1
HUT100082,1,2.638,10,1.93,38.4,TRI_01,0.658,4,1,0,1
HUT100082,2,2.612,7,1.64,48.6,TRI_01,0.655,3,1,0,1
HUT100082,3,2.931,9,1.63,54.7,TRI_01,0.588,3,1,0,1
HUT100082,4,2.526,9,1.6,54.3,TRI_01,0.63,3,1,0,1
HUT100082,5,2.51,5,1.52,51.6,TRI_01,0.658,4,1,0,1
HUT100082,6,2.53,5,1.6,45.8,TRI_01,0.589,3,1,0,1
HUT100082,7,2.218,7,1.94,48.4,TRI_01,0.628,3,1,0,1
HUT100082,8,2.516,9,1.39,52.9,TRI_01,0.597,3,1,0,1
HUT100082,9,2.935,8,1.32,33.8,TRI_01,0.654,3,1,0,1
HUT100082,10,2.365,7,1.8,34.1,TRI_01,0.599,3,1,0,1
HUT100082,11,2.743,8,1.79,50.9,TRI_01,0.599,3,1,0,1
HUT100082,12,2.869,6,1.99,25.3,TRI_01,0.618,3,1,0,1
HUT100082,13,2.894,8,2.31,55.5,TRI_01,0.61,3,1,0,1
HUT100082,14,2.545,7,1.56,48.5,TRI_01,0.66,3,1,0,1
HUT100082,15,2.911,7,1.8,68.8,TRI_01,0.634,3,1,0,1
HUT100082,16,3.117,10,1.59,44.4,TRI_01,0.614,3,1,0,1
HUT100082,17,2.565,9,1.83,44.4,TRI_01,0.63,3,1,0,1
HUT100082,18,2.388,11,1.75,56.7,TRI_01,0.591,3,1,0,1
HUT100082,19,2.666,9,1.77,42.2,TRI_01,0.618,4,1,0,1
HUT100082,20,3.112,7,1.85,48.2,TRI_01,0.659,4,1,0,1
HUT100082,21,2.492,7,1.75,49.3,TRI_01,0.598,3,1,0,1
HUT100082,22,2.999,8,1.95,43.0,TRI_01,0.64,3,1,0,1
HUT100082,23,2.029,5,0.37,41.3,TRI_01,0.593,3,1,0,1
HUT100082,24,2.116,4,1.21,32.0,TRI_01,0.613,3,1,0,1
HUT100082,25,2.811,9,1.8,39.8,TRI_01,0.602,3,1,0,1
HUT100082,26,2.024,10,1.54,55.3,TRI_01,0.643,3,1,0,1
HUT100083,1,0.768,13,1.62,37.8,KAN_01,0.986,2,1,0,1
HUT100083,2,0.887,15,1.39,32.5,KAN_01,0.949,1,1,0,1
HUT100083,3,0.793,12,1.5,38.0,KAN_01,0.983,1,1,0,1
HUT100083,4,0.675,15,1.39,31.8,KAN_01,0.974,1,1,0,1
HUT100083,5,0.766,16,1.59,41.3,KAN_01,0.925,2,1,0,1
HUT100083,6,0.872,12,1.88,28.6,KAN_01,0.946,2,1,0,1
HUT100083,7,0.594,14,1.92,47.9,KAN_01,0.995,1,1,0,1
HUT100083,8,0.893,15,1.37,53.8,KAN_01,0.993,2,1,0,1
HUT100083,9,0.866,17,1.31,39.5,KAN_01,0.944,2,1,0,1
HUT100083,10,0.826,13,1.8,35.2,KAN_01,0.972,1,1,0,1
HUT100083,11,0.859,14,1.77,35.3,KAN_01,0.913,2,1,0,1
HUT100083,12,0.573,13,1.42,34.8,KAN_01,1.0,2,1,0,1
HUT100083,13,1.038,13,1.67,43.4,KAN_01,0.979,2,1,0,1
HUT100083,14,1.02,14,1.69,39.7,KAN_01,0.981,2,1,0,1
HUT100083,15,0.844,15,1.59,35.9,KAN_01,1.0,1,1,0,1
HUT100083,16,0.82,12,1.69,57.5,KAN_01,0.944,1,1,0,1
HUT100083,17,0.695,15,1.64,34.7,KAN_01,0.952,1,1,0,1
HUT100083,18,0.826,15,1.33,43.4,KAN_01,0.944,2,1,0,1
HUT100083,19,0.675,14,1.61,43.4,KAN_01,0.932,1,1,0,1
HUT100083,20,0.54,16,1.57,37.3,KAN_01,1.0,1,1,0,1
HUT100083,21,0.803,15,1.8,37.3,KAN_01,0.955,1,1,0,1
HUT100083,22,0.181,10,1.14,23.3,COL_12,0.031,2,2,1,1
HUT100083,23,0.298,6,1.06,3.5,COL_12,0.08,2,3,1,1
HUT100083,24,0.268,10,0.17,12.3,COL_12,0.068,2,2,1,1
HUT100083,25,0.627,13,1.21,23.0,KAN_01,1.0,2,1,0,1
HUT100083,26,0.725,15,1.18,39.3,KAN_01,0.975,2,1,0,1
HUT100084,1,2.108,8,1.17,9.6,GAL_03,0.71,3,1,0,1
HUT100084,2,1.647,13,0.78,14.3,GAL_03,0.673,3,1,0,1
HUT100084,3,1.191,11,1.13,14.1,GAL_03,0.7,4,1,0,1
HUT100084,4,0.275,10,0.58,0.0,GAL_03,0.686,3,1,0,1
HUT100084,5,0.104,12,1.08,12.0,GAL_03,0.707,3,1,0,1
HUT100084,6,1.118,10,0.4,10.1,GAL_03,0.707,3,1,0,1
HUT100084,7,0.256,10,0.91,0.0,GAL_03,0.654,3,1,0,1
HUT100084,8,1.479,11,1.18,6.7,GAL_03,0.691,3,1,0,1
HUT100084,9,0.093,8,0.65,5.5,GAL_03,0.73,3,1,0,1
HUT100084,10,2.01,7,0.89,6.7,GAL_03,0.729,3,1,0,1
HUT100084,11,1.044,10,1.12,3.8,GAL_03,0.661,3,1,0,1
HUT100084,12,0.269,10,0.88,6.3,GAL_03,0.694,3,1,0,1
HUT100084,13,0.873,10,1.14,1.9,GAL_03,0.679,3,1,0,1
HUT100084,14,1.572,13,0.95,10.4,GAL_03,0.687,3,1,0,1
HUT100084,15,1.102,12,0.58,2.3,GAL_03,0.689,3,1,0,1
HUT100084,16,0.941,11,0.71,3.7,GAL_03,0.688,3,1,0,1
HUT100084,17,0.803,11,0.38,6.9,GAL_03,0.704,3,1,0,1
HUT100084,18,2.428,11,0.56,25.8,GAL_03,0.698,3,1,0,1
HUT100084,19,0.615,10,0.72,22.3,GAL_03,0.655,3,1,0,1
HUT100084,20,1.402,12,0.97,0.6,GAL_03,0.72,3,1,0,1
HUT100084,21,0.186,9,0.93,9.4,GAL_03,0.659,3,1,0,1
HUT100084,22,0.752,12,0.92,16.6,GAL_03,0.678,3,1,0,1
HUT100084,23,0.777,6,0.47,0.0,GAL_03,0.691,3,1,0,1
HUT100084,24,0.999,9,0.68,7.3,GAL_03,0.704,3,1,0,1
HUT100084,25,0.737,10,0.49,17.0,GAL_03,0.655,3,1,0,1
HUT100084,26,0.506,9,0.33,16.5,GAL_03,0.652,3,1,0,1
HUT100085,1,5.793,11,1.54,35.0,JAF_06,0.647,2,1,0,1
HUT100085,2,5.333,7,1.39,73.3,JAF_06,0.653,2,1,0,1
HUT100085,3,5.678,8,1.09,53.1,JAF_06,0.662,2,1,0,1
HUT100085,4,6.106,7,1.3,42.8,JAF_06,0.674,3,1,0,1
HUT100085,5,6.099,7,1.42,53.6,JAF_06,0.656,3,2,0,1
HUT100085,6,6.35,8,0.94,56.8,JAF_06,0.65,3,1,0,1
HUT100085,7,7.736,10,1.03,58.5,JAF_06,0.694,2,1,0,1
HUT100085,8,6.372,7,0.99,41.5,JAF_06,0.694,2,2,0,1
HUT100085,9,7.131,9,0.92,47.4,JAF_06,0.675,3,1,0,1
HUT100085,10,6.308,7,1.02,60.7,JAF_06,0.643,3,1,0,1
HUT100085,11,5.124,8,1.29,47.4,JAF_06,0.643,3,2,0,1
HUT100085,12,5.494,8,0.87,60.3,JAF_06,0.644,2,1,0,1
HUT100085,13,5.056,9,1.3,49.2,JAF_06,0.653,3,1,0,1
HUT100085,14,7.049,10,1.17,59.0,JAF_06,0.681,3,1,0,1
HUT100085,15,6.124,10,1.32,55.9,JAF_06,0.673,3,1,0,1
HUT100085,16,5.765,8,1.08,44.7,JAF_06,0.649,2,1,0,1
HUT100085,17,7.071,8,1.18,50.1,JAF_06,0.639,3,1,0,1
HUT100085,18,7.212,7,1.5,44.4,JAF_06,0.691,2,1,0,1
HUT100085,19,5.678,10,1.01,74.5,JAF_06,0.654,2,1,0,1
HUT100085,20,5.845,11,1.22,60.4,JAF_06,0.685,3,2,0,1
HUT100085,21,5.23,8,1.41,57.1,JAF_06,0.704,3,1,0,1
HUT100085,22,5.517,10,1.32,49.0,JAF_06,0.673,3,2,0,1
HUT100085,23,3.516,7,1.11,36.2,JAF_06,0.693,2,1,0,1
HUT100085,24,3.746,7,0.81,41.8,JAF_06,0.677,3,1,0,1
HUT100085,25,7.427,9,1.15,57.4,JAF_06,0.695,2,1,0,1
HUT100085,26,5.768,10,1.02,56.3,JAF_06,0.647,3,1,0,1
HUT100086,1,1.047,13,0.84,64.0,KAN_03,0.534,2,1,0,1
HUT100086,2,1.116,10,0.72,75.4,KAN_03,0.538,3,1,0,1
HUT100086,3,1.117,9,0.98,44.0,KAN_03,0.572,3,1,0,1
HUT100086,4,1.045,14,0.64,93.0,KAN_03,0.541,3,1,0,1
HUT100086,5,1.075,14,0.98,67.0,KAN_03,0.546,2,1,0,1
HUT100086,6,1.037,12,0.65,102.0,KAN_03,0.534,3,1,0,1
HUT100086,7,1.131,11,0.71,73.2,KAN_03,0.567,2,1,0,1
HUT100086,8,1.288,13,0.86,68.7,KAN_03,0.558,3,1,0,1
HUT100086,9,1.075,13,1.3,71.7,KAN_03,0.561,2,1,0,1
HUT100086,10,0.883,14,0.94,55.4,KAN_03,0.56,3,1,0,1
HUT100086,11,0.931,13,0.9,64.3,KAN_03,0.541,2,1,0,1
HUT100086,12,0.853,13,1.05,66.4,KAN_03,0.56,2,1,0,1
HUT100086,13,0.996,13,0.95,66.0,KAN_03,0.558,2,1,0,1
HUT100086,14,0.93,12,0.78,83.7,KAN_03,0.529,2,1,0,1
HUT100086,15,0.876,12,1.04,76.9,KAN_03,0.526,2,1,0,1
HUT100086,16,0.865,8,0.89,72.1,KAN_03,0.569,2,1,0,1
HUT100086,17,1.093,10,0.74,63.5,KAN_03,0.574,2,1,0,1
HUT100086,18,0.917,12,0.54,73.8,KAN_03,0.566,2,1,0,1
HUT100086,19,1.01,12,0.87,83.4,KAN_03,0.55,2,1,0,1
HUT100086,20,0.907,13,0.56,89.0,KAN_03,0.551,2,1,0,1
HUT100086,21,1.063,9,0.72,80.2,KAN_03,0.535,3,1,0,1
HUT100086,22,1.226,10,0.73,56.1,KAN_03,0.576,3,1,0,1
HUT100086,23,0.461,11,0.65,39.6,KAN_03,0.585,2,1,0,1
HUT100086,24,0.594,8,0.66,47.9,KAN_03,0.586,2,1,0,1
HUT100086,25,1.017,12,0.39,70.7,KAN_03,0.527,2,1,0,1
HUT100086,26,0.887,9,0.55,83.1,KAN_03,0.544,2,1,0,1
HUT100087,1,3.329,7,1.44,10.9,ANU_08,0.749,3,1,0,1
HUT100087,2,3.499,6,1.4,4.3,ANU_08,0.747,3,1,0,1
HUT100087,3,4.757,4,1.24,7.0,ANU_08,0.801,3,1,0,1
HUT100087,4,4.97,3,1.36,8.7,ANU_08,0.793,3,1,0,1
HUT100087,5,2.355,6,1.3,7.2,ANU_08,0.764,3,2,0,1
HUT100087,6,2.228,5,1.39,8.0,ANU_08,0.763,3,1,0,1
HUT100087,7,3.927,6,1.38,0.0,ANU_08,0.745,3,1,0,1
HUT100087,8,2.394,5,1.52,11.0,ANU_08,0.8,3,2,0,1
HUT100087,9,3.922,5,1.77,3.2,ANU_08,0.793,3,1,0,1
HUT100087,10,2.535,5,1.34,2.3,ANU_08,0.766,3,1,0,1
HUT100087,11,2.71,5,1.51,2.4,ANU_08,0.724,3,1,0,1
HUT100087,12,3.22,6,1.18,0.3,ANU_08,0.726,3,1,0,1
HUT100087,13,1.016,6,1.6,3.3,ANU_08,0.743,3,1,0,1
HUT100087,14,2.904,7,1.59,0.0,ANU_08,0.79,3,2,0,1
HUT100087,15,1.048,7,1.13,10.5,ANU_08,0.806,3,1,0,1
HUT100087,16,1.465,3,1.18,0.0,ANU_08,0.762,3,1,0,1
HUT100087,17,2.03,6,1.34,8.0,ANU_08,0.761,3,1,0,1
HUT100087,18,0.0,6,1.44,0.0,ANU_08,0.752,3,1,0,1
HUT100087,19,3.939,5,1.59,0.0,ANU_08,0.724,3,2,0,1
HUT100087,20,4.183,4,1.73,0.0,ANU_08,0.731,2,1,0,1
HUT100087,21,2.94,5,1.59,3.5,ANU_08,0.735,3,1,0,1
HUT100087,22,1.69,5,0.92,4.1,ANU_08,0.757,3,1,0,1
HUT100087,23,2.008,3,1.35,0.0,ANU_08,0.806,3,1,0,1
HUT100087,24,0.0,2,1.26,5.5,ANU_08,0.766,3,1,0,1
HUT100087,25,2.858,7,1.05,17.0,ANU_08,0.718,3,2,0,1
HUT100087,26,4.341,6,1.55,5.9,ANU_08,0.782,3,1,0,1
HUT100088,1,5.664,9,1.53,12.5,RAT_12,0.683,2,1,0,1
HUT100088,2,5.243,8,1.55,11.6,RAT_12,0.67,3,1,0,1
HUT100088,3,5.681,12,1.53,15.3,RAT_12,0.674,3,1,0,1
HUT100088,4,4.823,10,1.07,18.1,RAT_12,0.674,3,1,0,1
HUT100088,5,4.706,8,1.34,13.2,RAT_12,0.656,3,1,0,1
HUT100088,6,5.229,7,1.23,13.6,RAT_12,0.632,3,1,0,1
HUT100088,7,5.619,7,1.29,12.2,RAT_12,0.665,2,1,0,1
HUT100088,8,5.073,7,1.45,11.2,RAT_12,0.657,3,1,0,1
HUT100088,9,5.849,10,1.42,11.4,RAT_12,0.676,3,1,0,1
HUT100088,10,6.347,9,1.23,15.5,RAT_12,0.637,3,1,0,1
HUT100088,11,6.184,10,1.31,13.9,RAT_12,0.669,3,1,0,1
HUT100088,12,5.604,10,1.49,10.6,RAT_12,0.658,3,1,0,1
HUT100088,13,5.644,11,1.73,15.9,RAT_12,0.672,2,1,0,1
HUT100088,14,5.64,7,1.58,9.8,RAT_12,0.67,3,1,0,1
HUT100088,15,5.595,9,1.4,10.7,RAT_12,0.696,3,1,0,1
HUT100088,16,5.976,5,1.3,11.5,RAT_12,0.686,3,1,0,1
HUT100088,17,5.817,10,0.93,13.6,RAT_12,0.65,3,1,0,1
HUT100088,18,6.307,10,1.64,16.1,RAT_12,0.62,3,1,0,1
HUT100088,19,3.227,9,0.95,9.7,RAT_12,0.66,3,1,0,1
HUT100088,20,3.741,9,0.39,7.6,RAT_12,0.652,2,1,0,1
HUT100088,21,2.66,10,0.72,7.3,RAT_12,0.633,2,1,0,1
HUT100088,22,3.185,9,1.07,9.1,RAT_12,0.622,3,1,0,1
HUT100088,23,1.926,6,0.49,4.1,RAT_12,0.642,3,1,0,1
HUT100088,24,2.115,4,0.81,8.5,RAT_12,0.648,3,1,0,1
HUT100088,25,1.869,9,0.53,6.3,RAT_12,0.693,3,1,0,1
HUT100088,26,3.263,12,1.25,7.8,RAT_12,0.668,2,1,0,1
HUT100089,1,9.168,16,1.79,54.6,JAF_11,0.327,6,2,0,1
HUT100089,2,10.309,17,1.49,62.9,JAF_11,0.311,6,2,0,1
HUT100089,3,10.724,16,1.42,80.3,JAF_11,0.309,6,3,0,1
HUT100089,4,11.233,18,1.38,52.8,JAF_11,0.337,6,2,0,1
HUT100089,5,11.808,16,1.16,66.6,JAF_11,0.308,6,2,0,1
HUT100089,6,8.97,17,1.42,56.1,JAF_11,0.329,7,2,0,1
HUT100089,7,12.261,17,1.29,65.2,JAF_11,0.307,6,3,0,1
HUT100089,8,12.683,18,1.27,60.1,JAF_11,0.324,7,3,0,1
HUT100089,9,12.041,16,1.13,59.2,JAF_11,0.325,7,2,0,1
HUT100089,10,10.738,21,1.97,83.7,JAF_11,0.312,7,3,0,1
HUT100089,11,12.604,18,1.82,72.9,JAF_11,0.331,7,2,0,1
HUT100089,12,11.531,16,1.29,75.4,JAF_11,0.336,7,2,0,1
HUT100089,13,9.258,17,1.03,67.6,JAF_11,0.321,7,2,0,1
HUT100089,14,11.174,16,1.21,61.1,JAF_11,0.344,6,2,0,1
HUT100089,15,7.816,18,1.34,56.2,JAF_11,0.323,7,2,0,1
HUT100089,16,11.215,18,1.52,57.8,JAF_11,0.312,6,2,0,1
HUT100089,17,13.065,18,1.41,52.6,JAF_11,0.32,6,2,0,1
HUT100089,18,12.874,16,1.56,69.2,JAF_11,0.326,5,2,0,1
HUT100089,19,11.405,19,1.51,57.3,JAF_11,0.317,7,2,0,1
HUT100089,20,10.798,20,1.54,62.0,JAF_11,0.329,7,2,0,1
HUT100089,21,12.799,19,1.55,72.8,JAF_11,0.316,7,2,0,1
HUT100089,22,11.405,19,1.61,75.6,JAF_11,0.323,7,2,0,1
HUT100089,23,7.496,13,1.18,43.2,JAF_11,0.339,7,3,0,1
HUT100089,24,7.197,15,0.75,25.7,JAF_11,0.322,6,3,0,1
HUT100089,25,9.094,18,1.83,49.9,JAF_11,0.342,5,3,0,1
HUT100089,26,8.588,19,1.16,62.4,JAF_11,0.315,6,2,0,1
HUT100090,1,0.517,10,1.7,55.2,RAT_01,0.876,1,1,0,1
HUT100090,2,0.548,10,0.8,57.6,RAT_01,0.942,1,1,0,1
HUT100090,3,0.544,9,1.42,38.2,RAT_01,0.92,1,1,0,1
HUT100090,4,0.54,10,1.38,57.5,RAT_01,0.904,1,1,0,1
HUT100090,5,0.58,11,1.59,53.4,RAT_01,0.91,1,1,0,1
HUT100090,6,0.518,10,1.53,73.4,RAT_01,0.967,1,1,0,1
HUT100090,7,0.635,9,1.3,47.2,RAT_01,0.903,1,1,0,1
HUT100090,8,0.664,9,1.44,37.3,RAT_01,0.934,1,1,0,1
HUT100090,9,0.416,12,1.39,44.8,RAT_01,0.917,1,1,0,1
HUT100090,10,0.6,12,1.42,65.0,RAT_01,0.935,1,1,0,1
HUT100090,11,0.67,9,1.19,77.2,RAT_01,0.909,1,1,0,1
HUT100090,12,0.447,9,0.96,45.6,RAT_01,0.964,1,1,0,1
HUT100090,13,0.523,10,1.39,59.6,RAT_01,0.965,1,1,0,1
HUT100090,14,0.447,9,1.13,56.1,RAT_01,0.968,1,1,0,1
HUT100090,15,0.616,6,1.45,71.6,RAT_01,0.926,1,1,0,1
HUT100090,16,0.517,10,1.7,53.9,RAT_01,0.979,1,1,0,1
HUT100090,17,0.536,7,1.06,51.0,RAT_01,0.96,1,1,0,1
HUT100090,18,0.595,8,1.66,43.1,RAT_01,0.935,1,1,0,1
HUT100090,19,0.647,7,1.57,57.0,RAT_01,0.97,1,1,0,1
HUT100090,20,0.558,9,1.39,46.5,RAT_01,0.899,1,1,0,1
HUT100090,21,0.544,8,1.71,70.5,RAT_01,0.878,1,1,0,1
HUT100090,22,0.471,8,0.98,68.3,RAT_01,0.968,1,1,0,1
HUT100090,23,0.341,6,1.03,40.9,RAT_01,0.934,1,1,0,1
HUT100090,24,0.272,6,1.15,44.1,RAT_01,0.877,1,1,0,1
HUT100090,25,0.563,9,1.21,51.4,RAT_01,0.906,1,1,0,1
HUT100090,26,0.547,10,1.29,76.2,RAT_01,0.916,1,1,0,1
HUT100091,1,1.662,12,1.59,24.9,GAL_10,0.646,3,1,0,1
HUT100091,2,1.577,13,1.48,32.2,GAL_10,0.699,3,1,0,1
HUT100091,3,1.685,7,1.53,36.3,GAL_10,0.719,3,1,0,1
HUT100091,4,1.585,7,1.26,21.3,GAL_10,0.69,3,1,0,1
HUT100091,5,1.847,11,1.48,22.3,GAL_10,0.684,3,1,0,1
HUT100091,6,1.844,10,1.55,29.9,GAL_10,0.67,3,1,0,1
HUT100091,7,1.439,12,1.15,17.3,GAL_10,0.707,3,1,0,1
HUT100091,8,1.96,10,1.56,22.0,GAL_10,0.699,3,1,0,1
HUT100091,9,1.725,9,1.37,18.8,GAL_10,0.67,4,1,0,1
HUT100091,10,1.994,13,1.47,29.9,GAL_10,0.698,3,2,0,1
HUT100091,11,1.895,13,1.67,30.9,GAL_10,0.709,3,1,0,1
HUT100091,12,2.048,9,1.76,23.2,GAL_10,0.707,3,2,0,1
HUT100091,13,1.825,7,1.23,21.3,GAL_10,0.703,3,1,0,1
HUT100091,14,1.863,12,1.52,29.5,GAL_10,0.672,4,1,0,1
HUT100091,15,1.747,10,1.6,26.3,GAL_10,0.689,3,1,0,1
HUT100091,16,2.11,9,1.88,23.5,GAL_10,0.674,3,1,0,1
HUT100091,17,1.784,13,1.68,28.3,GAL_10,0.718,3,1,0,1
HUT100091,18,1.646,10,1.64,28.3,GAL_10,0.651,4,1,0,1
HUT100091,19,1.083,10,0.91,12.5,GAL_10,0.647,3,1,0,1
HUT100091,20,0.785,9,1.2,15.6,GAL_10,0.707,3,1,0,1
HUT100091,21,1.11,11,1.34,8.6,GAL_10,0.718,4,1,0,1
HUT100091,22,0.773,12,0.84,6.0,GAL_10,0.674,3,2,0,1
HUT100091,23,0.551,6,0.68,12.6,GAL_10,0.675,3,1,0,1
HUT100091,24,0.563,9,0.55,5.9,GAL_10,0.647,3,1,0,1
HUT100091,25,1.185,10,0.96,8.1,GAL_10,0.652,3,1,0,1
HUT100091,26,1.168,10,1.16,8.9,GAL_10,0.713,3,1,0,1
HUT100092,1,0.459,9,0.95,7.4,NEG_03,0.772,3,1,0,1
HUT100092,2,0.515,5,0.73,6.4,NEG_03,0.724,3,1,0,1
HUT100092,3,0.539,6,0.99,4.9,NEG_03,0.736,4,1,0,1
HUT100092,4,0.497,5,0.78,4.3,NEG_03,0.721,4,1,0,1
HUT100092,5,0.559,8,0.52,5.3,NEG_03,0.739,3,1,0,1
HUT100092,6,0.595,8,0.67,5.3,NEG_03,0.788,3,1,0,1
HUT100092,7,0.588,4,0.9,6.0,NEG_03,0.773,4,1,0,1
HUT100092,8,0.634,4,0.74,4.6,NEG_03,0.733,3,1,0,1
HUT100092,9,0.563,4,0.82,3.9,NEG_03,0.778,3,1,0,1
HUT100092,10,0.475,7,1.38,5.0,NEG_03,0.733,3,1,0,1
HUT100092,11,0.452,5,0.42,5.6,NEG_03,0.781,4,1,0,1
HUT100092,12,0.49,7,1.02,6.2,NEG_03,0.717,4,1,0,1
HUT100092,13,0.607,8,0.61,5.9,NEG_03,0.799,3,1,0,1
HUT100092,14,0.54,7,1.07,4.5,NEG_03,0.715,4,1,0,1
HUT100092,15,0.546,5,0.88,5.4,NEG_03,0.753,3,1,0,1
HUT100092,16,0.576,6,0.82,5.3,NEG_03,0.772,3,1,0,1
HUT100092,17,0.653,9,0.84,6.1,NEG_03,0.789,3,1,0,1
HUT100092,18,0.576,7,0.58,5.9,NEG_03,0.771,3,1,0,1
HUT100092,19,0.263,6,0.53,1.4,NEG_03,0.784,3,1,0,1
HUT100092,20,0.284,9,0.52,3.0,NEG_03,0.754,3,1,0,1
HUT100092,21,0.266,7,0.62,1.7,NEG_03,0.761,3,1,0,1
HUT100092,22,0.289,8,0.85,3.5,NEG_03,0.744,3,1,0,1
HUT100092,23,0.128,3,0.94,2.5,NEG_03,0.758,4,1,0,1
HUT100092,24,0.224,7,0.07,2.5,NEG_03,0.796,4,1,0,1
HUT100092,25,0.29,9,0.73,2.1,NEG_03,0.762,3,1,0,1
HUT100092,26,0.238,8,0.52,2.8,NEG_03,0.801,4,1,0,1
HUT100093,1,0.451,9,0.81,17.3,BAT_09,0.87,1,1,0,1
HUT100093,2,0.408,14,1.31,18.0,BAT_09,0.948,1,1,0,1
HUT100093,3,0.41,12,1.27,17.1,BAT_09,0.938,2,1,0,1
HUT100093,4,0.445,14,1.07,13.6,BAT_09,0.955,2,1,0,1
HUT100093,5,0.391,11,1.47,20.0,BAT_09,0.885,1,1,0,1
HUT100093,6,0.523,13,1.48,17.7,BAT_09,0.903,2,1,0,1
HUT100093,7,0.586,14,1.27,17.4,BAT_09,0.903,2,1,0,1
HUT100093,8,0.513,13,1.29,20.3,BAT_09,0.905,2,1,0,1
HUT100093,9,0.496,12,1.46,14.1,BAT_09,0.893,2,1,0,1
HUT100093,10,0.42,11,1.19,13.0,BAT_09,0.939,2,1,0,1
HUT100093,11,0.464,13,1.29,15.9,BAT_09,0.866,1,1,0,1
HUT100093,12,0.338,10,1.39,21.5,BAT_09,0.958,1,1,0,1
HUT100093,13,0.442,13,1.28,15.0,BAT_09,0.87,2,1,0,1
HUT100093,14,0.445,12,0.86,17.2,BAT_09,0.938,2,1,0,1
HUT100093,15,0.552,12,1.12,10.1,BAT_09,0.939,2,1,0,1
HUT100093,16,0.375,14,0.89,21.5,BAT_09,0.883,2,1,0,1
HUT100093,17,0.449,15,1.5,13.0,BAT_09,0.93,1,1,0,1
HUT100093,18,0.434,12,1.24,25.1,BAT_09,0.881,2,1,0,1
HUT100093,19,0.22,12,0.8,13.4,BAT_09,0.893,2,1,0,1
HUT100093,20,0.231,13,0.81,10.7,BAT_09,0.929,2,1,0,1
HUT100093,21,0.158,14,0.88,13.2,BAT_09,0.943,1,1,0,1
HUT100093,22,0.302,14,0.93,9.3,BAT_09,0.872,1,1,0,1
HUT100093,23,0.22,9,0.56,8.4,BAT_09,0.879,1,1,0,1
HUT100093,24,0.244,10,0.59,5.8,BAT_09,0.968,1,1,0,1
HUT100093,25,0.216,11,1.12,9.9,BAT_09,0.861,1,1,0,1
HUT100093,26,0.269,14,0.75,11.1,BAT_09,0.941,1,1,0,1
HUT100094,1,1.925,5,1.66,53.7,ANU_06,0.892,1,1,0,1
HUT100094,2,1.924,4,1.48,49.4,ANU_06,0.93,1,1,0,1
HUT100094,3,1.785,4,1.56,44.4,ANU_06,0.866,1,1,0,1
HUT100094,4,1.549,3,1.54,49.9,ANU_06,0.953,1,1,0,1
HUT100094,5,2.012,4,1.8,55.5,ANU_06,0.885,1,1,0,1
HUT100094,6,1.62,4,1.44,58.2,ANU_06,0.95,1,1,0,1
HUT100094,7,1.824,1,1.25,32.7,ANU_06,0.89,1,1,0,1
HUT100094,8,1.43,6,1.39,43.2,ANU_06,0.962,1,1,0,1
HUT100094,9,1.559,3,1.29,44.8,ANU_06,0.934,1,1,0,1
HUT100094,10,1.734,4,1.18,43.6,ANU_06,0.916,1,1,0,1
HUT100094,11,1.766,3,1.42,29.6,ANU_06,0.934,1,1,0,1
HUT100094,12,1.721,5,2.14,36.8,ANU_06,0.951,1,1,0,1
HUT100094,13,1.927,4,1.25,35.7,ANU_06,0.97,1,1,0,1
HUT100094,14,1.729,3,1.52,40.0,ANU_06,0.896,1,1,0,1
HUT100094,15,1.568,2,1.38,54.5,ANU_06,0.913,1,1,0,1
HUT100094,16,1.899,3,1.83,52.7,ANU_06,0.954,1,1,0,1
HUT100094,17,2.127,7,1.29,40.0,ANU_06,0.915,1,1,0,1
HUT100094,18,1.708,5,1.2,33.7,ANU_06,0.883,1,1,0,1
HUT100094,19,1.325,2,1.41,33.4,ANU_06,0.913,1,1,0,1
HUT100094,20,1.177,3,0.86,27.4,ANU_06,0.94,1,1,0,1
HUT100094,21,0.513,1,0.98,23.1,ANU_06,0.933,1,1,0,1
HUT100094,22,0.916,2,0.73,18.5,ANU_06,0.882,1,1,0,1
HUT100094,23,0.479,2,0.36,8.7,ANU_06,0.962,1,1,0,1
HUT100094,24,0.641,2,0.54,14.2,ANU_06,0.897,1,1,0,1
HUT100094,25,1.013,3,1.19,26.8,ANU_06,0.887,1,1,0,1
HUT100094,26,0.862,1,0.68,30.1,ANU_06,0.97,1,1,0,1
HUT100095,1,4.188,9,2.05,52.4,KAN_03,0.891,1,1,0,1
HUT100095,2,5.113,8,1.44,56.9,KAN_03,0.909,1,1,0,1
HUT100095,3,3.564,8,1.25,55.1,KAN_03,0.899,1,1,0,1
HUT100095,4,5.067,7,1.71,59.2,KAN_03,0.894,1,1,0,1
HUT100095,5,4.651,8,1.81,50.7,KAN_03,0.973,1,1,0,1
HUT100095,6,3.706,8,1.74,60.1,KAN_03,0.91,1,1,0,1
HUT100095,7,4.074,6,1.72,42.7,KAN_03,0.927,2,1,0,1
HUT100095,8,4.74,5,2.02,46.7,KAN_03,0.891,1,1,0,1
HUT100095,9,4.112,8,2.01,36.8,KAN_03,0.946,1,1,0,1
HUT100095,10,4.937,8,1.5,42.3,KAN_03,0.941,2,1,0,1
HUT100095,11,5.158,6,1.33,45.8,KAN_03,0.919,1,1,0,1
HUT100095,12,4.815,5,1.76,39.1,KAN_03,0.934,1,1,0,1
HUT100095,13,4.417,7,1.44,59.9,KAN_03,0.948,2,1,0,1
HUT100095,14,3.991,11,1.65,53.5,KAN_03,0.942,1,1,0,1
HUT100095,15,4.724,6,1.68,42.0,KAN_03,0.932,1,1,0,1
HUT100095,16,4.84,7,1.53,54.7,KAN_03,0.924,1,1,0,1
HUT100095,17,5.423,9,1.63,47.2,KAN_03,0.908,1,1,0,1
HUT100095,18,5.275,7,1.65,43.6,KAN_03,0.975,1,1,0,1
HUT100095,19,4.28,8,2.02,56.9,KAN_03,0.988,1,1,0,1
HUT100095,20,4.79,9,1.51,44.4,KAN_03,0.952,1,1,0,1
HUT100095,21,4.042,8,1.79,21.5,KAN_03,0.9,1,1,0,1
HUT100095,22,4.26,8,1.92,45.6,KAN_03,0.936,1,1,0,1
HUT100095,23,2.328,9,1.48,36.0,KAN_03,0.956,1,1,0,1
HUT100095,24,2.837,6,0.94,27.9,KAN_03,0.936,1,1,0,1
HUT100095,25,4.658,7,1.48,54.9,KAN_03,0.961,1,1,0,1
HUT100095,26,3.569,7,1.77,35.9,KAN_03,0.898,1,1,0,1
HUT100096,1,0.438,2,1.24,30.1,NEG_04,0.894,2,1,0,1
HUT100096,2,0.405,3,1.07,42.6,NEG_04,0.929,1,1,0,1
HUT100096,3,0.422,0,1.52,32.5,NEG_04,0.92,1,1,0,1
HUT100096,4,0.424,1,1.11,47.2,NEG_04,0.912,1,1,0,1
HUT100096,5,0.412,0,1.45,34.9,NEG_04,0.927,1,1,0,1
HUT100096,6,0.466,0,1.49,33.1,NEG_04,0.872,1,1,0,1
HUT100096,7,0.303,0,1.24,28.1,NEG_04,0.903,1,1,0,1
HUT100096,8,0.407,0,1.26,31.7,NEG_04,0.854,1,1,0,1
HUT100096,9,0.375,2,1.11,29.9,NEG_04,0.917,1,1,0,1
HUT100096,10,0.465,1,1.24,34.5,NEG_04,0.855,1,1,0,1
HUT100096,11,0.457,1,1.29,39.7,NEG_04,0.912,1,1,0,1
HUT100096,12,0.384,1,1.35,33.0,NEG_04,0.88,2,1,0,1
HUT100096,13,0.376,2,1.42,36.2,NEG_04,0.893,1,1,0,1
HUT100096,14,0.34,0,1.46,36.9,NEG_04,0.916,1,1,0,1
HUT100096,15,0.435,0,1.16,36.0,NEG_04,0.863,1,1,0,1
HUT100096,16,0.41,0,1.25,18.2,NEG_04,0.895,1,1,0,1
HUT100096,17,0.357,3,1.26,29.6,NEG_04,0.896,1,1,0,1
HUT100096,18,0.368,4,1.44,39.5,NEG_04,0.92,1,1,0,1
HUT100096,19,0.34,3,1.5,32.1,NEG_04,0.926,1,1,0,1
HUT100096,20,0.35,0,0.99,38.7,NEG_04,0.868,1,1,0,1
HUT100096,21,0.374,5,1.03,27.1,NEG_04,0.907,1,1,0,1
HUT100096,22,0.429,1,1.16,29.0,NEG_04,0.873,1,1,0,1
HUT100096,23,0.299,0,1.21,25.1,NEG_04,0.9,1,1,0,1
HUT100096,24,0.254,3,0.58,23.9,NEG_04,0.93,1,1,0,1
HUT100096,25,0.406,2,1.37,26.0,NEG_04,0.928,1,1,0,1
HUT100096,26,0.307,2,1.36,31.9,NEG_04,0.903,1,1,0,1
HUT100097,1,6.043,10,1.06,24.8,NEG_03,0.565,2,1,0,1
HUT100097,2,5.505,10,1.15,28.2,NEG_03,0.584,2,1,0,1
HUT100097,3,6.199,8,1.09,30.9,NEG_03,0.596,2,1,0,1
HUT100097,4,5.927,7,1.15,33.1,NEG_03,0.565,2,1,0,1
HUT100097,5,4.935,10,1.33,27.0,NEG_03,0.573,2,1,0,1
HUT100097,6,6.501,10,1.72,37.7,NEG_03,0.583,2,2,0,1
HUT100097,7,6.084,10,1.4,30.2,NEG_03,0.62,2,2,0,1
HUT100097,8,5.411,10,1.02,23.2,NEG_03,0.587,2,2,0,1
HUT100097,9,6.055,9,1.08,26.4,NEG_03,0.609,2,1,0,1
HUT100097,10,6.859,9,1.56,31.0,NEG_03,0.615,2,1,0,1
HUT100097,11,6.026,9,1.11,31.1,NEG_03,0.579,2,1,0,1
HUT100097,12,5.901,12,1.13,29.8,NEG_03,0.612,2,1,0,1
HUT100097,13,5.862,7,1.37,21.2,NEG_03,0.625,2,1,0,1
HUT100097,14,5.819,11,1.51,32.5,NEG_03,0.561,2,1,0,1
HUT100097,15,5.856,11,1.04,33.6,NEG_03,0.615,2,1,0,1
HUT100097,16,6.672,6,0.97,26.4,NEG_03,0.587,2,1,0,1
HUT100097,17,4.94,8,1.54,33.8,NEG_03,0.617,2,1,0,1
HUT100097,18,6.475,9,1.33,35.5,NEG_03,0.616,2,1,0,1
HUT100097,19,3.77,11,0.76,12.3,NEG_03,0.585,2,1,0,1
HUT100097,20,4.703,6,0.97,18.2,NEG_03,0.588,2,2,0,1
HUT100097,21,2.947,10,1.3,16.2,NEG_03,0.593,2,1,0,1
HUT100097,22,2.745,9,1.1,13.1,NEG_03,0.622,2,1,0,1
HUT100097,23,2.591,5,0.28,10.8,NEG_03,0.562,2,1,0,1
HUT100097,24,1.61,7,0.9,11.2,NEG_03,0.59,2,2,0,1
HUT100097,25,4.383,9,0.71,19.4,NEG_03,0.576,2,1,0,1
HUT100097,26,2.176,10,0.57,17.1,NEG_03,0.564,2,1,0,1
HUT100098,1,0.183,6,1.19,17.8,BAT_02,0.233,12,3,0,1
HUT100098,2,0.028,5,1.08,14.3,BAT_02,0.233,14,3,0,1
HUT100098,3,0.133,6,1.41,15.0,BAT_02,0.23,11,3,0,1
HUT100098,4,0.138,8,1.29,7.0,BAT_02,0.236,11,2,0,1
HUT100098,5,0.094,8,1.28,0.0,BAT_02,0.257,12,3,0,1
HUT100098,6,0.193,7,1.11,0.0,BAT_02,0.231,13,3,0,1
HUT100098,7,0.033,5,1.15,0.0,BAT_02,0.247,11,2,0,1
HUT100098,8,0.055,7,1.16,3.0,BAT_02,0.238,14,3,0,1
HUT100098,9,0.159,7,0.87,10.1,BAT_02,0.251,11,2,0,1
HUT100098,10,0.202,6,1.4,4.2,BAT_02,0.254,12,2,0,1
HUT100098,11,0.195,6,1.02,25.5,BAT_02,0.23,12,2,0,1
HUT100098,12,0.064,5,0.95,27.9,BAT_02,0.25,10,2,0,1
HUT100098,13,0.026,8,0.95,5.7,BAT_02,0.253,13,2,0,1
HUT100098,14,0.02,6,1.33,17.8,BAT_02,0.251,14,2,0,1
HUT100098,15,0.165,3,1.36,12.0,BAT_02,0.238,10,2,0,1
HUT100098,16,0.149,6,1.5,15.0,BAT_02,0.247,11,2,0,1
HUT100098,17,0.108,6,1.22,2.6,BAT_02,0.253,12,2,0,1
HUT100098,18,0.125,5,1.45,4.9,BAT_02,0.242,14,2,0,1
HUT100098,19,0.182,5,1.06,6.7,BAT_02,0.232,14,2,0,1
HUT100098,20,0.172,7,0.89,7.9,BAT_02,0.229,12,2,0,1
HUT100098,21,0.035,6,1.29,16.4,BAT_02,0.247,13,3,0,1
HUT100098,22,0.144,6,0.72,1.0,BAT_02,0.239,13,2,0,1
HUT100098,23,0.109,8,1.0,27.2,BAT_02,0.242,11,2,0,1
HUT100098,24,0.04,3,1.04,19.1,BAT_02,0.253,14,3,0,1
HUT100098,25,0.077,8,1.33,6.3,BAT_02,0.245,12,2,0,1
HUT100098,26,0.089,7,0.87,6.6,BAT_02,0.242,14,3,0,1
HUT100099,1,1.735,7,1.18,38.4,RAT_04,0.654,3,1,0,1
HUT100099,2,1.777,7,1.3,32.3,RAT_04,0.685,3,1,0,1
HUT100099,3,1.53,7,1.48,29.5,RAT_04,0.668,2,1,0,1
HUT100099,4,1.535,7,1.73,25.9,RAT_04,0.702,2,1,0,1
HUT100099,5,1.503,5,1.4,37.3,RAT_04,0.689,3,1,0,1
HUT100099,6,1.096,7,1.17,28.4,RAT_04,0.682,3,2,0,1
HUT100099,7,1.195,5,0.82,38.4,RAT_04,0.657,2,1,0,1
HUT100099,8,1.661,6,1.23,35.1,RAT_04,0.646,2,1,0,1
HUT100099,9,1.466,5,1.66,44.1,RAT_04,0.673,3,1,0,1
HUT100099,10,1.578,10,1.4,34.4,RAT_04,0.679,2,1,0,1
HUT100099,11,1.518,7,1.48,35.4,RAT_04,0.662,2,2,0,1
HUT100099,12,1.592,6,1.42,31.5,RAT_04,0.663,2,2,0,1
HUT100099,13,1.478,5,1.54,25.3,RAT_04,0.666,2,1,0,1
HUT100099,14,1.538,5,1.32,22.9,RAT_04,0.695,2,1,0,1
HUT100099,15,1.523,5,1.16,43.0,RAT_04,0.633,2,2,0,1
HUT100099,16,1.293,7,1.53,28.7,RAT_04,0.659,3,2,0,1
HUT100099,17,1.743,7,1.27,30.7,RAT_04,0.642,2,1,0,1
HUT100099,18,1.584,8,1.78,36.9,RAT_04,0.667,2,1,0,1
HUT100099,19,1.701,6,1.51,40.1,RAT_04,0.636,3,1,0,1
HUT100099,20,1.463,10,1.34,44.3,RAT_04,0.68,3,1,0,1
HUT100099,21,1.607,8,1.57,44.0,RAT_04,0.674,3,2,0,1
HUT100099,22,1.603,5,1.05,32.1,RAT_04,0.638,2,2,0,1
HUT100099,23,1.296,6,1.02,6.7,RAT_04,0.696,2,1,0,1
HUT100099,24,0.665,4,0.74,30.0,RAT_04,0.657,2,2,0,1
HUT100099,25,1.476,6,1.34,30.8,RAT_04,0.682,3,1,0,1
HUT100099,26,1.501,10,1.44,43.1,RAT_04,0.662,2,1,0,1
HUT100100,1,0.34,4,1.62,48.9,KAN_11,0.6,3,1,0,1
HUT100100,2,0.215,3,1.13,67.3,KAN_11,0.634,3,2,0,1
HUT100100,3,0.316,3,1.48,51.7,KAN_11,0.6,3,2,0,1
HUT100100,4,0.36,1,1.55,40.5,KAN_11,0.632,3,1,0,1
HUT100100,5,0.316,4,1.49,59.4,KAN_11,0.576,3,2,0,1
HUT100100,6,0.388,3,1.79,46.8,KAN_11,0.583,2,1,0,1
HUT100100,7,0.372,6,1.76,49.1,KAN_11,0.61,3,2,0,1
HUT100100,8,0.396,2,1.64,66.5,KAN_11,0.611,3,1,0,1
HUT100100,9,0.291,2,1.54,45.9,KAN_11,0.607,3,1,0,1
HUT100100,10,0.4,4,1.5,47.4,KAN_11,0.585,3,1,0,1
HUT100100,11,0.377,4,1.59,43.0,KAN_11,0.587,3,1,0,1
HUT100100,12,0.292,3,1.45,43.9,KAN_11,0.603,3,1,0,1
HUT100100,13,0.37,5,1.06,23.4,KAN_11,0.581,3,1,0,1
HUT100100,14,0.389,3,1.76,51.4,KAN_11,0.619,3,1,0,1
HUT100100,15,0.376,3,1.7,47.5,KAN_11,0.636,3,1,0,1
HUT100100,16,0.349,2,2.05,62.7,KAN_11,0.644,3,1,0,1
HUT100100,17,0.288,5,1.96,43.1,KAN_11,0.612,3,2,0,1
HUT100100,18,0.307,0,1.72,41.7,KAN_11,0.63,3,2,0,1
HUT100100,19,0.213,2,1.43,21.5,KAN_11,0.586,3,1,0,1
HUT100100,20,0.224,0,1.25,12.7,KAN_11,0.581,3,1,0,1
HUT100100,21,0.216,3,1.21,36.9,KAN_11,0.606,3,1,0,1
HUT100100,22,0.166,4,1.19,31.5,KAN_11,0.577,3,1,0,1
HUT100100,23,0.104,0,0.94,19.0,KAN_11,0.645,3,1,0,1
HUT100100,24,0.058,0,0.66,20.6,KAN_11,0.608,3,1,0,1
HUT100100,25,0.152,4,1.03,29.0,KAN_11,0.63,3,1,0,1
HUT100100,26,0.195,4,1.05,11.6,KAN_11,0.601,3,2,0,1
HUT100101,1,12.097,15,1.25,24.4,KAN_11,0.646,2,1,0,1
HUT100101,2,11.298,15,1.34,24.2,KAN_11,0.669,3,1,0,1
HUT100101,3,9.5,10,1.21,24.5,KAN_11,0.612,3,1,0,1
HUT100101,4,8.274,12,1.63,23.4,KAN_11,0.665,2,1,0,1
HUT100101,5,13.013,13,0.9,23.9,KAN_11,0.634,3,1,0,1
HUT100101,6,11.068,11,1.35,25.1,KAN_11,0.656,3,1,0,1
HUT100101,7,11.138,13,1.34,20.0,KAN_11,0.612,3,1,0,1
HUT100101,8,11.96,14,1.34,20.9,KAN_11,0.652,2,1,0,1
HUT100101,9,14.322,12,1.08,15.0,KAN_11,0.651,2,1,0,1
HUT100101,10,11.694,12,1.27,17.7,KAN_11,0.638,3,1,0,1
HUT100101,11,13.15,9,1.41,22.9,KAN_11,0.66,3,1,0,1
HUT100101,12,10.398,13,1.16,19.3,KAN_11,0.675,2,1,0,1
HUT100101,13,10.692,15,1.61,21.7,KAN_11,0.651,2,1,0,1
HUT100101,14,11.714,15,1.32,15.5,KAN_11,0.659,2,1,0,1
HUT100101,15,9.132,13,1.7,19.5,KAN_11,0.667,3,1,0,1
HUT100101,16,8.489,12,1.19,22.2,KAN_11,0.683,2,1,0,1
HUT100101,17,9.744,12,1.15,21.5,KAN_11,0.661,3,1,0,1
HUT100101,18,11.494,9,1.42,24.0,KAN_11,0.631,3,1,0,1
HUT100101,19,11.488,12,1.12,26.5,KAN_11,0.686,3,1,0,1
HUT100101,20,13.896,11,0.87,26.3,KAN_11,0.654,3,1,0,1
HUT100101,21,9.681,10,1.54,18.2,KAN_11,0.66,3,1,0,1
HUT100101,22,10.315,11,1.51,23.0,KAN_11,0.614,2,1,0,1
HUT100101,23,1.545,4,0.43,6.9,GAL_05,0.075,3,2,1,1
HUT100101,24,2.845,8,0.81,0.0,GAL_05,0.041,3,2,1,1
HUT100101,25,3.606,7,0.61,17.0,GAL_05,0.042,4,2,1,1
HUT100101,26,11.593,13,1.36,19.0,KAN_11,0.675,3,1,0,1
HUT100102,1,14.944,9,0.88,85.1,RAT_09,0.971,1,1,0,1
HUT100102,2,19.311,7,1.2,74.0,RAT_09,0.912,1,1,0,1
HUT100102,3,15.974,9,0.53,73.0,RAT_09,0.879,1,1,0,1
HUT100102,4,18.934,7,1.52,74.1,RAT_09,0.925,2,1,0,1
HUT100102,5,14.751,7,1.58,99.2,RAT_09,0.93,1,1,0,1
HUT100102,6,18.7,5,1.16,86.5,RAT_09,0.95,1,1,0,1
HUT100102,7,16.875,8,1.1,81.6,RAT_09,0.895,1,1,0,1
HUT100102,8,18.762,6,1.37,89.5,RAT_09,0.978,2,1,0,1
HUT100102,9,14.945,5,1.51,56.1,RAT_09,0.942,2,1,0,1
HUT100102,10,17.857,6,1.12,79.2,RAT_09,0.945,1,1,0,1
HUT100102,11,17.095,10,1.33,83.7,RAT_09,0.938,2,1,0,1
HUT100102,12,18.062,5,1.14,86.5,RAT_09,0.885,1,1,0,1
HUT100102,13,16.935,4,1.24,63.3,RAT_09,0.932,1,1,0,1
HUT100102,14,15.67,8,1.27,55.4,RAT_09,0.973,1,1,0,1
HUT100102,15,17.924,8,1.3,97.5,RAT_09,0.973,1,1,0,1
HUT100102,16,18.027,5,0.92,75.8,RAT_09,0.947,1,1,0,1
HUT100102,17,16.311,6,1.34,80.8,RAT_09,0.908,2,1,0,1
HUT100102,18,12.813,6,1.31,39.1,RAT_09,0.941,1,1,0,1
HUT100102,19,19.179,3,0.86,63.2,RAT_09,0.951,1,1,0,1
HUT100102,20,15.319,9,1.14,70.4,RAT_09,0.927,1,1,0,1
HUT100102,21,18.448,8,1.2,78.6,RAT_09,0.878,2,1,0,1
HUT100102,22,16.171,8,1.24,92.3,RAT_09,0.954,1,1,0,1
HUT100102,23,11.993,2,0.9,59.2,RAT_09,0.93,2,1,0,1
HUT100102,24,11.062,5,1.07,54.8,RAT_09,0.926,2,1,0,1
HUT100102,25,17.251,12,1.3,73.5,RAT_09,0.907,2,1,0,1
HUT100102,26,13.529,5,1.15,70.6,RAT_09,0.931,2,1,0,1
HUT100103,1,5.555,12,1.15,4.6,BAT_09,0.906,2,1,0,1
HUT100103,2,6.091,11,0.97,3.3,BAT_09,1.0,2,1,0,1
HUT100103,3,8.172,9,1.52,2.9,BAT_09,0.901,2,1,0,1
HUT100103,4,6.145,13,0.95,4.2,BAT_09,0.96,1,1,0,1
HUT100103,5,7.315,8,1.38,3.0,BAT_09,0.995,1,1,0,1
HUT100103,6,6.289,7,1.13,3.5,BAT_09,0.936,2,1,0,1
HUT100103,7,6.742,10,1.31,4.2,BAT_09,0.953,1,1,0,1
HUT100103,8,5.95,8,0.89,3.6,BAT_09,0.984,2,1,0,1
HUT100103,9,5.585,7,0.81,3.5,BAT_09,0.918,1,1,0,1
HUT100103,10,6.541,10,1.23,4.3,BAT_09,0.935,1,1,0,1
HUT100103,11,6.399,8,0.78,4.7,BAT_09,0.924,1,1,0,1
HUT100103,12,5.71,9,0.62,4.5,BAT_09,0.998,1,1,0,1
HUT100103,13,5.084,8,0.96,3.2,BAT_09,0.955,2,1,0,1
HUT100103,14,6.792,8,1.22,4.5,BAT_09,0.939,2,1,0,1
HUT100103,15,5.925,7,1.59,4.0,BAT_09,1.0,2,1,0,1
HUT100103,16,6.025,10,1.5,3.6,BAT_09,0.929,1,1,0,1
HUT100103,17,6.1,7,1.24,4.0,BAT_09,1.0,1,1,0,1
HUT100103,18,6.255,8,1.19,3.8,BAT_09,0.943,1,1,0,1
HUT100103,19,4.885,8,0.75,4.9,BAT_09,0.953,1,1,0,1
HUT100103,20,5.93,8,0.98,2.4,BAT_09,0.9,1,1,0,1
HUT100103,21,5.083,6,0.97,2.9,BAT_09,0.921,1,1,0,1
HUT100103,22,5.737,7,1.44,2.4,BAT_09,0.982,2,1,0,1
HUT100103,23,4.119,3,0.55,1.5,BAT_09,0.906,1,1,0,1
HUT100103,24,1.402,5,0.72,1.4,BAT_09,0.995,1,1,0,1
HUT100103,25,4.358,6,0.62,2.7,BAT_09,0.919,2,1,0,1
HUT100103,26,4.37,3,0.86,1.7,BAT_09,1.0,1,1,0,1
HUT100104,1,0.452,7,0.9,43.8,TRI_03,0.689,3,1,0,1
HUT100104,2,0.449,9,0.75,68.0,TRI_03,0.693,2,1,0,1
HUT100104,3,0.455,10,0.77,43.0,TRI_03,0.746,3,1,0,1
HUT100104,4,0.521,8,0.54,42.9,TRI_03,0.704,2,1,0,1
HUT100104,5,0.446,4,1.09,79.1,TRI_03,0.735,3,1,0,1
HUT100104,6,0.548,8,1.11,74.2,TRI_03,0.731,3,1,0,1
HUT100104,7,0.508,7,0.98,71.2,TRI_03,0.76,3,1,0,1
HUT100104,8,0.489,8,0.91,58.0,TRI_03,0.731,2,1,0,1
HUT100104,9,0.518,6,1.24,75.4,TRI_03,0.705,2,1,0,1
HUT100104,10,0.485,7,1.04,60.5,TRI_03,0.683,3,1,0,1
HUT100104,11,0.438,7,1.03,64.0,TRI_03,0.692,3,1,0,1
HUT100104,12,0.445,6,1.07,67.7,TRI_03,0.753,2,1,0,1
HUT100104,13,0.494,5,1.11,67.7,TRI_03,0.712,3,1,0,1
HUT100104,14,0.474,4,1.17,85.2,TRI_03,0.719,2,1,0,1
HUT100104,15,0.46,8,1.14,65.2,TRI_03,0.748,2,1,0,1
HUT100104,16,0.517,8,1.1,78.9,TRI_03,0.755,2,1,0,1
HUT100104,17,0.446,6,1.12,74.1,TRI_03,0.722,3,1,0,1
HUT100104,18,0.471,6,0.7,64.3,TRI_03,0.711,2,1,0,1
HUT100104,19,0.508,3,1.06,56.9,TRI_03,0.727,2,1,0,1
HUT100104,20,0.426,5,0.97,60.8,TRI_03,0.687,2,1,0,1
HUT100104,21,0.497,8,0.99,76.0,TRI_03,0.73,2,1,0,1
HUT100104,22,0.513,5,0.95,63.4,TRI_03,0.736,2,1,0,1
HUT100104,23,0.355,8,0.86,47.5,TRI_03,0.731,2,1,0,1
HUT100104,24,0.339,5,0.65,47.9,TRI_03,0.735,2,1,0,1
HUT100104,25,0.498,8,1.55,58.7,TRI_03,0.733,2,1,0,1
HUT100104,26,0.477,9,0.9,44.9,TRI_03,0.702,2,1,0,1
HUT100105,1,0.39,13,1.65,16.2,JAF_08,0.773,3,1,0,1
HUT100105,2,0.376,15,0.99,14.6,JAF_08,0.737,4,1,0,1
HUT100105,3,0.432,12,1.26,5.0,JAF_08,0.779,3,1,0,1
HUT100105,4,0.37,15,1.29,10.8,JAF_08,0.796,3,1,0,1
HUT100105,5,0.458,14,1.15,6.8,JAF_08,0.742,4,1,0,1
HUT100105,6,0.36,16,1.35,9.5,JAF_08,0.775,3,1,0,1
HUT100105,7,0.172,13,1.43,5.7,JAF_08,0.774,3,1,0,1
HUT100105,8,0.585,13,1.65,15.0,JAF_08,0.743,3,1,0,1
HUT100105,9,0.188,14,1.23,9.8,JAF_08,0.728,4,1,0,1
HUT100105,10,0.235,13,1.51,28.2,JAF_08,0.749,3,1,0,1
HUT100105,11,0.213,14,1.4,21.8,JAF_08,0.765,4,1,0,1
HUT100105,12,0.352,15,1.51,11.3,JAF_08,0.785,3,1,0,1
HUT100105,13,0.331,15,1.3,0.0,JAF_08,0.712,3,1,0,1
HUT100105,14,0.236,11,1.32,9.9,JAF_08,0.759,3,1,0,1
HUT100105,15,0.353,16,1.17,24.1,JAF_08,0.774,3,1,0,1
HUT100105,16,0.538,13,1.42,10.6,JAF_08,0.732,3,1,0,1
HUT100105,17,0.345,13,1.54,14.8,JAF_08,0.771,3,1,0,1
HUT100105,18,0.08,14,1.42,0.0,JAF_08,0.772,3,1,0,1
HUT100105,19,0.162,13,1.3,5.4,JAF_08,0.773,4,1,0,1
HUT100105,20,0.563,17,1.43,9.2,JAF_08,0.799,3,1,0,1
HUT100105,21,0.207,14,1.76,7.4,JAF_08,0.746,3,1,0,1
HUT100105,22,0.306,10,1.22,8.7,JAF_08,0.721,3,1,0,1
HUT100105,23,0.012,9,0.94,13.1,JAF_08,0.79,3,1,0,1
HUT100105,24,0.375,10,1.09,11.9,JAF_08,0.739,4,1,0,1
HUT100105,25,0.314,11,1.45,15.9,JAF_08,0.712,3,1,0,1
HUT100105,26,0.347,14,1.41,6.1,JAF_08,0.743,3,1,0,1
HUT100106,1,3.827,7,1.57,46.4,TRI_04,0.7,3,1,0,1
HUT100106,2,3.226,5,1.57,44.1,TRI_04,0.682,2,1,0,1
HUT100106,3,3.338,6,1.78,33.8,TRI_04,0.685,3,1,0,1
HUT100106,4,3.301,7,1.6,36.9,TRI_04,0.669,3,1,0,1
HUT100106,5,2.986,7,1.96,47.8,TRI_04,0.695,3,1,0,1
HUT100106,6,2.869,8,2.24,60.6,TRI_04,0.705,3,1,0,1
HUT100106,7,2.94,8,1.96,58.6,TRI_04,0.645,2,1,0,1
HUT100106,8,3.227,9,1.85,51.8,TRI_04,0.687,3,1,0,1
HUT100106,9,3.023,5,1.8,45.7,TRI_04,0.645,2,1,0,1
HUT100106,10,3.632,11,1.64,52.6,TRI_04,0.647,2,1,0,1
HUT100106,11,3.378,9,1.97,47.3,TRI_04,0.712,2,1,0,1
HUT100106,12,3.089,9,1.34,32.6,TRI_04,0.691,2,1,0,1
HUT100106,13,3.481,7,2.22,38.4,TRI_04,0.687,3,1,0,1
HUT100106,14,3.519,7,2.32,44.1,TRI_04,0.717,2,1,0,1
HUT100106,15,4.109,8,1.93,27.4,TRI_04,0.667,2,1,0,1
HUT100106,16,3.235,7,2.06,42.4,TRI_04,0.642,2,1,0,1
HUT100106,17,3.472,7,1.81,49.6,TRI_04,0.691,2,1,0,1
HUT100106,18,3.14,9,2.21,33.2,TRI_04,0.649,3,1,0,1
HUT100106,19,1.011,6,1.28,34.6,TRI_04,0.687,2,1,0,1
HUT100106,20,1.833,8,0.98,31.2,TRI_04,0.696,3,1,0,1
HUT100106,21,1.939,8,1.69,32.5,TRI_04,0.692,2,1,0,1
HUT100106,22,2.086,9,1.18,26.2,TRI_04,0.656,3,1,0,1
HUT100106,23,0.754,5,1.35,18.6,TRI_04,0.646,3,1,0,1
HUT100106,24,1.913,6,1.16,24.6,TRI_04,0.715,2,1,0,1
HUT100106,25,1.167,7,1.09,47.1,TRI_04,0.701,2,1,0,1
HUT100106,26,1.289,8,1.33,30.2,TRI_04,0.652,3,1,0,1
HUT100107,1,5.03,14,0.9,42.7,JAF_05,0.724,4,1,0,1
HUT100107,2,5.199,17,1.09,46.0,JAF_05,0.764,3,1,0,1
HUT100107,3,5.587,16,0.7,31.1,JAF_05,0.729,3,1,0,1
HUT100107,4,4.602,16,0.68,32.0,JAF_05,0.732,3,1,0,1
HUT100107,5,5.636,13,1.32,46.0,JAF_05,0.711,3,1,0,1
HUT100107,6,4.388,16,1.09,36.1,JAF_05,0.738,3,1,0,1
HUT100107,7,4.676,17,0.95,55.0,JAF_05,0.719,3,1,0,1
HUT100107,8,6.629,17,0.83,35.2,JAF_05,0.782,3,1,0,1
HUT100107,9,7.312,16,1.27,35.2,JAF_05,0.711,3,1,0,1
HUT100107,10,4.942,13,0.62,36.2,JAF_05,0.792,4,1,0,1
HUT100107,11,4.739,18,0.93,40.9,JAF_05,0.714,3,1,0,1
HUT100107,12,6.073,14,0.6,50.4,JAF_05,0.785,4,1,0,1
HUT100107,13,6.166,12,1.01,50.2,JAF_05,0.798,3,1,0,1
HUT100107,14,5.692,13,1.24,39.2,JAF_05,0.73,3,1,0,1
HUT100107,15,5.782,13,1.27,46.2,JAF_05,0.786,3,1,0,1
HUT100107,16,5.704,15,0.98,44.4,JAF_05,0.742,3,1,0,1
HUT100107,17,6.32,14,0.54,36.6,JAF_05,0.721,3,1,0,1
HUT100107,18,5.837,16,1.04,48.8,JAF_05,0.739,4,1,0,1
HUT100107,19,5.308,13,0.84,34.5,JAF_05,0.723,4,1,0,1
HUT100107,20,6.2,13,1.01,46.7,JAF_05,0.792,3,1,0,1
HUT100107,21,2.706,6,0.68,29.8,ANU_06,0.097,5,2,1,1
HUT100107,22,2.944,10,0.13,32.4,ANU_06,0.041,3,2,1,1
HUT100107,23,1.665,6,0.46,0.0,ANU_06,0.068,4,2,1,1
HUT100107,24,1.587,7,0.87,20.4,ANU_06,0.034,4,3,1,1
HUT100107,25,5.551,16,0.72,33.9,JAF_05,0.76,3,1,0,1
HUT100107,26,5.626,16,0.86,21.5,JAF_05,0.754,3,1,0,1
HUT100108,1,2.628,8,1.33,70.0,TRI_05,0.528,2,1,0,1
HUT100108,2,4.24,8,1.06,58.3,TRI_05,0.574,2,1,0,1
HUT100108,3,4.213,8,1.37,59.9,TRI_05,0.579,2,1,0,1
HUT100108,4,4.003,9,1.62,73.9,TRI_05,0.567,2,1,0,1
HUT100108,5,4.357,12,1.63,69.8,TRI_05,0.581,3,1,0,1
HUT100108,6,2.893,8,1.14,62.4,TRI_05,0.517,2,1,0,1
HUT100108,7,4.452,9,1.4,95.3,TRI_05,0.534,3,1,0,1
HUT100108,8,4.011,8,1.2,58.3,TRI_05,0.553,2,1,0,1
HUT100108,9,3.579,9,1.34,58.6,TRI_05,0.564,3,1,0,1
HUT100108,10,4.468,9,0.8,80.2,TRI_05,0.551,2,1,0,1
HUT100108,11,4.632,9,1.05,75.6,TRI_05,0.55,3,1,0,1
HUT100108,12,3.687,10,1.17,88.4,TRI_05,0.562,3,1,0,1
HUT100108,13,4.285,11,1.18,58.9,TRI_05,0.543,2,1,0,1
HUT100108,14,3.519,9,1.17,69.1,TRI_05,0.582,2,1,0,1
HUT100108,15,4.035,7,1.28,78.3,TRI_05,0.566,3,1,0,1
HUT100108,16,4.248,9,1.32,74.7,TRI_05,0.546,3,1,0,1
HUT100108,17,4.254,10,1.29,69.1,TRI_05,0.56,2,1,0,1
HUT100108,18,5.028,8,1.28,77.2,TRI_05,0.578,2,1,0,1
HUT100108,19,4.033,10,1.1,64.3,TRI_05,0.539,3,1,0,1
HUT100108,20,4.424,11,1.35,68.3,TRI_05,0.53,2,1,0,1
HUT100108,21,4.224,10,1.11,79.0,TRI_05,0.537,3,1,0,1
HUT100108,22,4.003,8,1.38,83.9,TRI_05,0.518,2,1,0,1
HUT100108,23,2.353,7,1.03,43.8,TRI_05,0.562,2,1,0,1
HUT100108,24,2.64,6,0.87,33.3,TRI_05,0.521,2,1,0,1
HUT100108,25,4.946,6,1.39,68.2,TRI_05,0.518,2,1,0,1
HUT100108,26,3.532,8,0.76,97.4,TRI_05,0.539,3,1,0,1
HUT100109,1,2.933,9,1.47,65.3,NEG_03,0.635,2,1,0,1
HUT100109,2,2.941,9,1.49,34.3,NEG_03,0.586,3,1,0,1
HUT100109,3,3.484,11,1.39,51.5,NEG_03,0.573,2,1,0,1
HUT100109,4,3.748,8,0.93,58.2,NEG_03,0.572,2,1,0,1
HUT100109,5,2.44,8,1.46,52.0,NEG_03,0.57,2,1,0,1
HUT100109,6,3.607,7,1.46,56.7,NEG_03,0.583,2,1,0,1
HUT100109,7,3.186,8,1.45,53.0,NEG_03,0.612,3,1,0,1
HUT100109,8,4.139,6,1.69,35.5,NEG_03,0.635,3,1,0,1
HUT100109,9,3.692,4,1.38,33.3,NEG_03,0.636,3,1,0,1
HUT100109,10,2.869,8,1.54,61.5,NEG_03,0.641,2,1,0,1
HUT100109,11,2.574,9,1.51,49.3,NEG_03,0.639,3,1,0,1
HUT100109,12,2.874,5,1.35,40.6,NEG_03,0.608,2,1,0,1
HUT100109,13,3.35,7,1.55,38.8,NEG_03,0.622,2,1,0,1
HUT100109,14,3.431,6,2.0,54.1,NEG_03,0.6,3,1,0,1
HUT100109,15,3.764,6,1.31,31.8,NEG_03,0.634,3,1,0,1
HUT100109,16,3.248,9,1.3,52.8,NEG_03,0.604,2,1,0,1
HUT100109,17,3.303,6,1.76,34.5,NEG_03,0.605,2,1,0,1
HUT100109,18,3.547,11,1.84,41.8,NEG_03,0.569,2,1,0,1
HUT100109,19,3.791,7,1.42,48.3,NEG_03,0.596,2,1,0,1
HUT100109,20,3.056,6,1.7,51.8,NEG_03,0.622,2,1,0,1
HUT100109,21,3.444,7,1.02,35.8,NEG_03,0.59,2,1,0,1
HUT100109,22,2.86,2,1.22,49.6,NEG_03,0.616,3,1,0,1
HUT100109,23,1.384,2,0.88,34.3,NEG_03,0.608,2,1,0,1
HUT100109,24,1.208,5,0.59,17.8,NEG_03,0.578,2,1,0,1
HUT100109,25,1.779,3,0.84,38.6,NEG_03,0.612,2,1,0,1
HUT100109,26,2.379,2,0.95,27.3,NEG_03,0.62,3,1,0,1
HUT100110,1,0.115,8,0.78,12.9,RAT_10,0.577,2,2,0,1
HUT100110,2,0.151,2,0.79,32.7,RAT_10,0.581,3,2,0,1
HUT100110,3,0.513,2,1.04,26.2,RAT_10,0.594,3,2,0,1
HUT100110,4,0.648,7,0.79,14.0,RAT_10,0.545,3,1,0,1
HUT100110,5,0.421,5,0.86,5.3,RAT_10,0.559,3,1,0,1
HUT100110,6,0.469,7,0.83,13.4,RAT_10,0.589,3,2,0,1
HUT100110,7,0.027,3,0.69,15.5,RAT_10,0.562,3,2,0,1
HUT100110,8,1.065,5,0.63,0.0,RAT_10,0.569,3,2,0,1
HUT100110,9,0.447,5,1.06,30.9,RAT_10,0.596,3,1,0,1
HUT100110,10,0.468,8,1.0,7.3,RAT_10,0.587,3,2,0,1
HUT100110,11,0.457,9,0.79,9.3,RAT_10,0.573,3,1,0,1
HUT100110,12,0.315,5,0.98,26.7,RAT_10,0.581,3,2,0,1
HUT100110,13,0.501,5,1.08,22.9,RAT_10,0.534,3,1,0,1
HUT100110,14,0.294,7,1.0,9.2,RAT_10,0.552,3,1,0,1
HUT100110,15,0.288,3,1.25,25.0,RAT_10,0.559,3,1,0,1
HUT100110,16,0.757,7,1.19,32.2,RAT_10,0.532,3,1,0,1
HUT100110,17,0.328,6,1.11,21.4,RAT_10,0.586,3,2,0,1
HUT100110,18,0.808,7,0.62,12.1,RAT_10,0.567,3,1,0,1
HUT100110,19,0.278,4,1.28,13.5,RAT_10,0.549,3,2,0,1
HUT100110,20,0.015,9,0.55,13.4,RAT_10,0.576,3,2,0,1
HUT100110,21,0.437,6,1.04,0.0,RAT_10,0.597,3,1,0,1
HUT100110,22,0.447,8,1.01,0.9,RAT_10,0.569,2,1,0,1
HUT100110,23,0.358,3,0.83,18.6,RAT_10,0.54,3,2,0,1
HUT100110,24,0.362,3,0.27,0.0,RAT_10,0.533,3,2,0,1
HUT100110,25,1.114,7,0.83,25.0,RAT_10,0.584,3,1,0,1
HUT100110,26,0.472,6,0.74,22.4,RAT_10,0.547,3,2,0,1
HUT100111,1,5.412,7,1.33,57.0,GAL_09,0.602,3,1,0,1
HUT100111,2,3.861,6,1.14,60.7,GAL_09,0.574,3,1,0,1
HUT100111,3,4.25,4,1.3,72.0,GAL_09,0.566,3,1,0,1
HUT100111,4,4.786,7,1.6,54.6,GAL_09,0.555,3,1,0,1
HUT100111,5,4.259,5,0.82,48.9,GAL_09,0.609,3,1,0,1
HUT100111,6,3.661,8,1.69,55.0,GAL_09,0.571,3,1,0,1
HUT100111,7,5.91,8,1.41,47.3,GAL_09,0.609,3,1,0,1
HUT100111,8,5.012,9,1.67,37.5,GAL_09,0.56,3,1,0,1
HUT100111,9,6.452,5,1.16,63.6,GAL_09,0.604,3,1,0,1
HUT100111,10,5.803,9,1.58,53.6,GAL_09,0.59,3,1,0,1
HUT100111,11,5.389,6,1.55,63.7,GAL_09,0.592,3,1,0,1
HUT100111,12,5.449,6,0.85,55.5,GAL_09,0.572,3,1,0,1
HUT100111,13,5.635,4,1.34,31.4,GAL_09,0.55,4,1,0,1
HUT100111,14,5.036,7,1.2,50.5,GAL_09,0.579,3,1,0,1
HUT100111,15,4.867,6,1.46,52.6,GAL_09,0.569,3,1,0,1
HUT100111,16,4.247,7,1.27,58.8,GAL_09,0.614,4,1,0,1
HUT100111,17,4.871,5,1.27,49.3,GAL_09,0.55,3,1,0,1
HUT100111,18,5.585,7,1.21,61.1,GAL_09,0.583,3,1,0,1
HUT100111,19,4.913,3,1.14,58.5,GAL_09,0.568,3,1,0,1
HUT100111,20,5.8,6,0.64,56.1,GAL_09,0.597,3,1,0,1
HUT100111,21,4.868,9,1.3,57.6,GAL_09,0.569,3,1,0,1
HUT100111,22,4.525,8,1.22,72.2,GAL_09,0.617,4,1,0,1
HUT100111,23,4.142,5,1.16,24.4,GAL_09,0.579,3,1,0,1
HUT100111,24,2.486,6,1.06,41.0,GAL_09,0.59,3,1,0,1
HUT100111,25,4.674,6,0.87,56.0,GAL_09,0.552,4,1,0,1
HUT100111,26,4.942,6,1.35,44.0,GAL_09,0.586,3,1,0,1
HUT100112,1,0.793,9,1.59,47.5,RAT_02,0.991,1,1,0,1
HUT100112,2,0.964,6,1.44,23.3,RAT_02,0.922,1,1,0,1
HUT100112,3,1.208,10,1.32,45.6,RAT_02,0.949,1,1,0,1
HUT100112,4,0.874,6,1.32,38.6,RAT_02,0.929,1,1,0,1
HUT100112,5,1.043,7,1.43,40.0,RAT_02,0.981,1,1,0,1
HUT100112,6,0.673,10,1.63,47.0,RAT_02,0.967,1,1,0,1
HUT100112,7,1.152,10,1.62,32.8,RAT_02,1.0,1,1,0,1
HUT100112,8,0.819,7,1.48,42.9,RAT_02,0.894,1,1,0,1
HUT100112,9,1.004,10,1.51,35.9,RAT_02,0.94,1,1,0,1
HUT100112,10,1.18,7,1.74,37.8,RAT_02,0.958,1,1,0,1
HUT100112,11,1.047,5,1.51,32.3,RAT_02,1.0,1,1,0,1
HUT100112,12,1.049,8,1.69,37.7,RAT_02,0.922,1,1,0,1
HUT100112,13,0.897,7,1.6,41.5,RAT_02,0.911,1,1,0,1
HUT100112,14,0.84,6,1.91,38.3,RAT_02,0.931,1,1,0,1
HUT100112,15,1.078,9,1.75,50.9,RAT_02,0.947,1,1,0,1
HUT100112,16,0.927,7,1.38,35.7,RAT_02,0.9,1,1,0,1
HUT100112,17,0.88,6,1.38,37.9,RAT_02,0.994,1,1,0,1
HUT100112,18,0.952,7,1.49,38.7,RAT_02,0.952,1,1,0,1
HUT100112,19,0.944,6,1.84,50.8,RAT_02,0.932,1,1,0,1
HUT100112,20,1.058,5,1.58,46.7,RAT_02,0.946,1,1,0,1
HUT100112,21,1.098,11,1.36,40.5,RAT_02,0.951,1,1,0,1
HUT100112,22,1.021,9,1.7,41.1,RAT_02,0.973,1,1,0,1
HUT100112,23,0.567,2,1.47,20.7,RAT_02,0.895,1,1,0,1
HUT100112,24,0.814,5,1.04,31.8,RAT_02,0.991,1,1,0,1
HUT100112,25,0.78,6,1.27,48.6,RAT_02,0.995,1,1,0,1
HUT100112,26,1.005,2,1.57,38.7,RAT_02,0.997,1,1,0,1
HUT100113,1,7.996,12,0.59,63.5,COL_10,0.941,1,1,0,1
HUT100113,2,10.509,15,0.75,55.4,COL_10,0.962,1,1,0,1
HUT100113,3,8.695,16,0.78,50.6,COL_10,0.931,1,1,0,1
HUT100113,4,12.347,16,0.48,71.8,COL_10,0.986,1,1,0,1
HUT100113,5,10.886,16,0.6,66.5,COL_10,1.0,1,1,0,1
HUT100113,6,9.49,14,0.71,75.4,COL_10,0.925,1,1,0,1
HUT100113,7,8.894,18,0.62,73.1,COL_10,0.909,1,1,0,1
HUT100113,8,10.669,17,0.81,61.9,COL_10,0.965,1,1,0,1
HUT100113,9,10.924,19,0.81,93.5,COL_10,0.978,1,1,0,1
HUT100113,10,7.614,18,0.55,62.3,COL_10,0.995,1,1,0,1
HUT100113,11,9.307,18,0.53,76.5,COL_10,0.929,1,1,0,1
HUT100113,12,10.845,17,0.56,46.0,COL_10,1.0,1,1,0,1
HUT100113,13,9.876,15,0.59,40.8,COL_10,0.93,1,1,0,1
HUT100113,14,10.779,17,0.43,67.4,COL_10,0.924,1,1,0,1
HUT100113,15,9.455,15,1.05,88.6,COL_10,0.917,1,1,0,1
HUT100113,16,8.483,16,0.66,77.5,COL_10,0.919,1,1,0,1
HUT100113,17,9.876,15,0.65,79.0,COL_10,0.932,1,1,0,1
HUT100113,18,7.968,17,0.75,80.9,COL_10,0.91,1,1,0,1
HUT100113,19,10.13,15,0.75,69.9,COL_10,0.952,1,1,0,1
HUT100113,20,9.77,16,0.76,51.2,COL_10,0.935,1,1,0,1
HUT100113,21,10.357,16,0.94,52.1,COL_10,0.94,1,1,0,1
HUT100113,22,6.747,14,0.59,45.0,COL_10,0.957,1,1,0,1
HUT100113,23,3.45,7,0.45,19.8,COL_10,0.928,1,1,0,1
HUT100113,24,2.122,5,0.3,6.2,COL_10,0.933,1,1,0,1
HUT100113,25,5.667,11,0.51,30.0,COL_10,0.977,1,1,0,1
HUT100113,26,4.388,9,0.36,21.8,COL_10,0.969,1,1,0,1
HUT100114,1,1.033,14,1.25,34.7,GAM_01,0.963,1,1,0,1
HUT100114,2,1.076,15,0.63,45.5,GAM_01,0.942,1,1,0,1
HUT100114,3,1.139,16,1.25,34.5,GAM_01,0.924,1,1,0,1
HUT100114,4,1.197,14,0.9,38.2,GAM_01,1.0,1,1,0,1
HUT100114,5,1.08,13,1.09,34.2,GAM_01,1.0,1,1,0,1
HUT100114,6,1.013,15,0.89,39.7,GAM_01,0.923,1,1,0,1
HUT100114,7,1.212,16,0.77,35.8,GAM_01,0.938,1,1,0,1
HUT100114,8,1.096,16,1.04,36.5,GAM_01,0.928,1,1,0,1
HUT100114,9,1.312,13,1.1,29.8,GAM_01,0.938,1,1,0,1
HUT100114,10,1.242,16,1.07,31.4,GAM_01,1.0,1,1,0,1
HUT100114,11,0.908,14,0.78,25.1,GAM_01,0.953,1,1,0,1
HUT100114,12,1.186,15,1.09,45.3,GAM_01,0.938,1,1,0,1
HUT100114,13,1.227,14,1.11,32.3,GAM_01,0.998,1,1,0,1
HUT100114,14,1.201,14,0.91,32.3,GAM_01,0.928,1,1,0,1
HUT100114,15,1.009,13,1.02,39.9,GAM_01,0.931,1,1,0,1
HUT100114,16,0.959,15,1.45,38.3,GAM_01,0.952,1,1,0,1
HUT100114,17,1.18,16,0.74,37.6,GAM_01,0.911,1,1,0,1
HUT100114,18,1.122,15,0.81,32.2,GAM_01,0.911,1,1,0,1
HUT100114,19,1.042,16,1.13,36.4,GAM_01,0.937,1,1,0,1
HUT100114,20,1.118,13,1.16,39.0,GAM_01,0.927,1,1,0,1
HUT100114,21,1.345,13,0.93,40.1,GAM_01,0.914,1,1,0,1
HUT100114,22,1.165,15,0.98,24.6,GAM_01,0.917,1,1,0,1
HUT100114,23,0.641,8,0.72,10.9,GAM_01,0.939,1,1,0,1
HUT100114,24,0.689,12,0.73,17.7,GAM_01,1.0,1,1,0,1
HUT100114,25,0.951,17,1.36,31.7,GAM_01,1.0,1,1,0,1
HUT100114,26,1.404,17,1.24,43.0,GAM_01,1.0,1,1,0,1
HUT100115,1,0.358,8,1.17,9.7,GAM_09,0.69,3,2,0,1
HUT100115,2,0.463,4,1.14,28.0,GAM_09,0.702,3,1,0,1
HUT100115,3,0.419,8,0.95,31.5,GAM_09,0.653,2,1,0,1
HUT100115,4,0.25,5,1.24,3.8,GAM_09,0.641,2,1,0,1
HUT100115,5,0.235,8,0.96,23.1,GAM_09,0.689,3,2,0,1
HUT100115,6,0.112,8,1.45,31.7,GAM_09,0.703,3,1,0,1
HUT100115,7,0.243,10,1.2,26.1,GAM_09,0.655,3,1,0,1
HUT100115,8,0.48,7,0.98,32.4,GAM_09,0.694,3,1,0,1
HUT100115,9,0.605,6,1.1,0.0,GAM_09,0.68,3,1,0,1
HUT100115,10,0.609,9,0.86,18.9,GAM_09,0.659,2,1,0,1
HUT100115,11,0.357,5,1.1,13.5,GAM_09,0.705,3,2,0,1
HUT100115,12,0.296,10,1.46,24.0,GAM_09,0.668,3,1,0,1
HUT100115,13,0.516,8,1.16,0.0,GAM_09,0.71,3,1,0,1
HUT100115,14,0.499,7,1.1,19.2,GAM_09,0.706,3,1,0,1
HUT100115,15,0.639,5,1.06,28.9,GAM_09,0.696,3,1,0,1
HUT100115,16,0.287,6,1.3,14.3,GAM_09,0.677,3,2,0,1
HUT100115,17,0.114,5,0.9,8.6,GAM_09,0.642,3,1,0,1
HUT100115,18,0.274,6,1.12,7.2,GAM_09,0.661,3,1,0,1
HUT100115,19,0.4,6,1.07,20.4,GAM_09,0.657,3,2,0,1
HUT100115,20,0.371,3,1.23,12.0,GAM_09,0.67,3,1,0,1
HUT100115,21,0.319,6,1.19,13.8,GAM_09,0.673,3,2,0,1
HUT100115,22,0.148,8,1.18,20.6,GAM_09,0.717,3,1,0,1
HUT100115,23,0.211,3,1.1,0.0,GAM_09,0.669,2,2,0,1
HUT100115,24,0.0,8,0.57,0.0,GAM_09,0.687,2,2,0,1
HUT100115,25,0.0,7,0.89,8.0,GAM_09,0.695,3,2,0,1
HUT100115,26,0.252,6,0.84,15.7,GAM_09,0.66,3,2,0,1
HUT100116,1,2.382,10,1.5,0.0,RAT_10,0.676,3,1,0,1
HUT100116,2,4.728,7,1.72,0.0,RAT_10,0.648,4,1,0,1
HUT100116,3,1.324,9,1.58,11.5,RAT_10,0.671,3,1,0,1
HUT100116,4,1.936,9,1.69,2.9,RAT_10,0.647,3,1,0,1
HUT100116,5,2.31,8,1.62,12.8,RAT_10,0.72,3,1,0,1
HUT100116,6,2.761,10,1.67,5.0,RAT_10,0.662,3,1,0,1
HUT100116,7,1.116,10,1.42,5.5,RAT_10,0.674,3,1,0,1
HUT100116,8,4.422,12,1.54,9.2,RAT_10,0.689,3,1,0,1
HUT100116,9,1.895,8,1.84,12.5,RAT_10,0.69,4,2,0,1
HUT100116,10,1.991,6,1.67,0.0,RAT_10,0.719,4,2,0,1
HUT100116,11,2.535,9,1.27,12.0,RAT_10,0.693,3,1,0,1
HUT100116,12,3.376,8,1.57,0.0,RAT_10,0.698,4,1,0,1
HUT100116,13,4.172,9,1.64,11.3,RAT_10,0.676,3,1,0,1
HUT100116,14,3.113,6,1.63,23.8,RAT_10,0.71,3,1,0,1
HUT100116,15,3.419,8,1.79,7.3,RAT_10,0.652,3,1,0,1
HUT100116,16,0.503,9,1.62,10.5,RAT_10,0.712,4,2,0,1
HUT100116,17,3.801,10,1.92,3.9,RAT_10,0.679,3,1,0,1
HUT100116,18,2.91,9,1.21,6.1,RAT_10,0.68,3,1,0,1
HUT100116,19,3.29,10,2.05,17.0,RAT_10,0.698,3,2,0,1
HUT100116,20,1.621,8,1.27,5.5,RAT_10,0.724,3,1,0,1
HUT100116,21,2.786,9,1.58,7.2,RAT_10,0.722,3,2,0,1
HUT100116,22,2.496,9,1.68,9.0,RAT_10,0.685,3,1,0,1
HUT100116,23,0.143,6,1.15,0.0,RAT_10,0.711,3,1,0,1
HUT100116,24,0.78,9,1.29,1.6,RAT_10,0.72,4,1,0,1
HUT100116,25,0.987,9,1.71,0.4,RAT_10,0.704,3,1,0,1
HUT100116,26,3.12,9,1.68,14.7,RAT_10,0.725,3,1,0,1
HUT100117,1,0.427,7,0.61,19.4,KUR_09,0.644,3,1,0,1
HUT100117,2,0.432,11,0.97,27.1,KUR_09,0.714,4,1,0,1
HUT100117,3,0.525,8,0.34,22.9,KUR_09,0.646,3,2,0,1
HUT100117,4,0.403,9,0.75,25.8,KUR_09,0.68,3,2,0,1
HUT100117,5,0.471,10,0.28,19.6,KUR_09,0.648,3,2,0,1
HUT100117,6,0.445,11,0.93,25.7,KUR_09,0.642,4,1,0,1
HUT100117,7,0.514,7,0.71,24.1,KUR_09,0.661,4,2,0,1
HUT100117,8,0.439,11,0.49,23.7,KUR_09,0.681,3,1,0,1
HUT100117,9,0.467,9,0.59,23.2,KUR_09,0.71,3,1,0,1
HUT100117,10,0.487,12,0.72,19.0,KUR_09,0.704,3,1,0,1
HUT100117,11,0.625,8,0.84,21.3,KUR_09,0.681,3,1,0,1
HUT100117,12,0.498,10,0.54,20.4,KUR_09,0.635,3,2,0,1
HUT100117,13,0.613,8,0.4,26.6,KUR_09,0.71,3,1,0,1
HUT100117,14,0.501,13,0.33,19.7,KUR_09,0.701,4,1,0,1
HUT100117,15,0.482,9,0.8,26.0,KUR_09,0.702,4,1,0,1
HUT100117,16,0.578,8,0.82,23.6,KUR_09,0.677,4,1,0,1
HUT100117,17,0.551,8,0.68,23.4,KUR_09,0.698,4,1,0,1
HUT100117,18,0.587,9,0.03,25.5,KUR_09,0.653,3,2,0,1
HUT100117,19,0.479,8,0.86,27.7,KUR_09,0.692,3,2,0,1
HUT100117,20,0.553,11,0.98,21.4,KUR_09,0.677,3,1,0,1
HUT100117,21,0.625,8,0.6,21.4,KUR_09,0.711,4,1,0,1
HUT100117,22,0.286,4,0.44,8.9,GAL_05,0.102,5,3,1,1
HUT100117,23,0.238,5,0.23,4.7,GAL_05,0.082,3,3,1,1
HUT100117,24,0.196,5,0.18,9.8,GAL_05,0.082,3,3,1,1
HUT100117,25,0.405,9,0.54,21.8,KUR_09,0.669,3,1,0,1
HUT100117,26,0.445,11,0.47,13.0,KUR_09,0.667,4,1,0,1
HUT100118,1,4.089,6,0.94,43.4,KAN_10,0.703,2,1,0,1
HUT100118,2,3.603,5,1.56,41.8,KAN_10,0.745,2,1,0,1
HUT100118,3,5.199,7,0.9,41.4,KAN_10,0.729,2,1,0,1
HUT100118,4,4.632,6,1.1,40.2,KAN_10,0.747,2,1,0,1
HUT100118,5,4.48,5,1.38,45.0,KAN_10,0.74,2,2,0,1
HUT100118,6,3.981,9,1.34,45.8,KAN_10,0.726,2,1,0,1
HUT100118,7,3.538,5,1.29,39.8,KAN_10,0.736,2,1,0,1
HUT100118,8,4.856,7,0.76,40.4,KAN_10,0.708,2,1,0,1
HUT100118,9,5.599,5,0.78,47.8,KAN_10,0.733,3,1,0,1
HUT100118,10,5.816,7,1.1,39.8,KAN_10,0.708,2,1,0,1
HUT100118,11,4.224,6,0.62,44.7,KAN_10,0.758,2,1,0,1
HUT100118,12,5.135,2,1.21,37.2,KAN_10,0.714,2,2,0,1
HUT100118,13,3.709,9,0.86,50.7,KAN_10,0.771,3,1,0,1
HUT100118,14,4.536,9,0.86,43.0,KAN_10,0.768,2,1,0,1
HUT100118,15,4.218,4,1.07,37.2,KAN_10,0.723,2,2,0,1
HUT100118,16,4.769,8,0.89,36.9,KAN_10,0.734,3,1,0,1
HUT100118,17,5.391,8,0.93,21.6,KAN_10,0.693,2,1,0,1
HUT100118,18,5.372,6,0.92,42.3,KAN_10,0.765,2,1,0,1
HUT100118,19,4.99,9,1.33,49.4,KAN_10,0.7,2,1,0,1
HUT100118,20,4.31,7,1.12,44.1,KAN_10,0.701,2,1,0,1
HUT100118,21,3.695,5,1.04,44.6,KAN_10,0.718,2,1,0,1
HUT100118,22,3.913,7,0.98,26.6,KAN_10,0.719,3,2,0,1
HUT100118,23,1.962,3,0.53,20.3,KAN_10,0.718,2,1,0,1
HUT100118,24,1.389,1,0.26,11.5,KAN_10,0.771,2,1,0,1
HUT100118,25,1.689,2,1.01,8.6,KAN_10,0.728,2,1,0,1
HUT100118,26,2.726,5,0.91,14.6,KAN_10,0.747,2,1,0,1
HUT100119,1,0.418,7,0.28,46.9,TRI_12,1.0,1,1,0,1
HUT100119,2,0.443,7,0.32,56.7,TRI_12,0.915,1,1,0,1
HUT100119,3,0.402,8,0.6,45.7,TRI_12,0.958,1,1,0,1
HUT100119,4,0.437,10,0.7,52.1,TRI_12,0.995,1,1,0,1
HUT100119,5,0.367,7,0.32,59.2,TRI_12,0.979,1,1,0,1
HUT100119,6,0.405,8,0.24,60.1,TRI_12,1.0,1,1,0,1
HUT100119,7,0.452,7,0.33,23.0,TRI_12,0.95,1,1,0,1
HUT100119,8,0.525,11,0.66,49.8,TRI_12,0.908,1,1,0,1
HUT100119,9,0.371,8,0.51,51.3,TRI_12,0.913,1,1,0,1
HUT100119,10,0.459,9,0.23,48.1,TRI_12,0.924,1,1,0,1
HUT100119,11,0.427,6,0.4,49.2,TRI_12,0.97,1,1,0,1
HUT100119,12,0.537,8,0.33,60.9,TRI_12,0.927,1,1,0,1
HUT100119,13,0.472,8,0.51,42.4,TRI_12,0.909,1,1,0,1
HUT100119,14,0.47,9,0.0,69.5,TRI_12,0.91,1,1,0,1
HUT100119,15,0.442,9,0.56,44.5,TRI_12,0.964,1,1,0,1
HUT100119,16,0.405,9,0.42,58.8,TRI_12,0.984,1,1,0,1
HUT100119,17,0.453,11,0.22,25.6,TRI_12,0.953,1,1,0,1
HUT100119,18,0.44,8,0.4,51.3,TRI_12,0.919,1,1,0,1
HUT100119,19,0.361,8,0.65,64.2,TRI_12,0.968,1,1,0,1
HUT100119,20,0.433,8,0.82,48.0,TRI_12,1.0,1,1,0,1
HUT100119,21,0.478,11,0.29,40.5,TRI_12,0.921,1,1,0,1
HUT100119,22,0.511,7,0.43,55.5,TRI_12,0.994,1,1,0,1
HUT100119,23,0.292,6,0.32,9.3,TRI_12,0.988,1,1,0,1
HUT100119,24,0.301,6,0.46,32.3,TRI_12,0.916,1,1,0,1
HUT100119,25,0.47,7,0.07,58.1,TRI_12,1.0,1,1,0,1
HUT100119,26,0.441,6,0.33,32.3,TRI_12,0.94,1,1,0,1
HUT100120,1,0.798,3,1.49,58.0,ANU_10,0.785,3,1,0,1
HUT100120,2,0.751,3,1.52,50.9,ANU_10,0.788,2,1,0,1
HUT100120,3,0.739,4,1.95,52.4,ANU_10,0.744,3,1,0,1
HUT100120,4,0.711,4,1.76,54.9,ANU_10,0.786,3,1,0,1
HUT100120,5,0.718,5,1.39,59.1,ANU_10,0.732,2,1,0,1
HUT100120,6,0.758,5,1.8,46.2,ANU_10,0.77,3,1,0,1
HUT100120,7,0.774,6,1.55,58.8,ANU_10,0.732,3,1,0,1
HUT100120,8,0.722,7,1.56,50.9,ANU_10,0.733,3,1,0,1
HUT100120,9,0.826,4,1.39,63.0,ANU_10,0.791,3,1,0,1
HUT100120,10,0.687,5,1.65,51.3,ANU_10,0.761,3,1,0,1
HUT100120,11,0.803,5,1.22,56.7,ANU_10,0.807,3,1,0,1
HUT100120,12,0.709,5,1.77,55.8,ANU_10,0.754,3,1,0,1
HUT100120,13,0.704,6,1.77,53.8,ANU_10,0.808,2,1,0,1
HUT100120,14,0.737,4,1.43,54.9,ANU_10,0.78,2,1,0,1
HUT100120,15,0.807,5,1.67,49.0,ANU_10,0.767,3,1,0,1
HUT100120,16,0.705,3,1.79,54.6,ANU_10,0.744,2,1,0,1
HUT100120,17,0.818,6,1.51,55.4,ANU_10,0.795,2,1,0,1
HUT100120,18,0.798,8,1.44,58.2,ANU_10,0.79,2,1,0,1
HUT100120,19,0.75,7,1.52,56.1,ANU_10,0.799,2,1,0,1
HUT100120,20,0.787,7,1.52,55.9,ANU_10,0.808,2,1,0,1
HUT100120,21,0.871,5,1.65,49.6,ANU_10,0.761,2,1,0,1
HUT100120,22,0.79,8,1.37,43.1,ANU_10,0.822,2,1,0,1
HUT100120,23,0.487,4,1.3,33.2,ANU_10,0.76,3,1,0,1
HUT100120,24,0.467,7,1.34,31.7,ANU_10,0.762,2,1,0,1
HUT100120,25,0.825,5,1.48,64.9,ANU_10,0.752,3,1,0,1
HUT100120,26,0.728,5,1.27,51.5,ANU_10,0.744,3,1,0,1
HUT100121,1,4.387,11,0.91,85.2,KUR_04,0.677,3,1,0,1
HUT100121,2,3.619,15,1.18,80.5,KUR_04,0.617,3,1,0,1
HUT100121,3,4.41,14,1.38,84.2,KUR_04,0.668,3,1,0,1
HUT100121,4,3.761,11,0.84,81.6,KUR_04,0.638,3,1,0,1
HUT100121,5,4.29,12,1.13,68.3,KUR_04,0.628,3,1,0,1
HUT100121,6,4.592,13,1.37,51.7,KUR_04,0.623,3,1,0,1
HUT100121,7,4.223,9,1.2,51.9,KUR_04,0.664,3,1,0,1
HUT100121,8,3.536,12,1.35,77.5,KUR_04,0.676,3,1,0,1
HUT100121,9,4.873,9,0.83,72.4,KUR_04,0.602,3,1,0,1
HUT100121,10,3.482,15,1.23,94.2,KUR_04,0.626,3,1,0,1
HUT100121,11,4.762,13,1.1,65.8,KUR_04,0.619,3,1,0,1
HUT100121,12,4.83,10,0.81,56.1,KUR_04,0.675,2,1,0,1
HUT100121,13,5.208,14,1.18,89.9,KUR_04,0.66,2,1,0,1
HUT100121,14,4.038,14,1.42,87.3,KUR_04,0.665,2,1,0,1
HUT100121,15,3.976,14,1.11,76.0,KUR_04,0.678,3,1,0,1
HUT100121,16,5.007,9,1.17,86.1,KUR_04,0.629,3,1,0,1
HUT100121,17,4.171,12,0.97,86.0,KUR_04,0.609,3,1,0,1
HUT100121,18,4.18,12,1.07,67.2,KUR_04,0.665,3,1,0,1
HUT100121,19,5.264,11,1.47,70.2,KUR_04,0.674,3,1,0,1
HUT100121,20,4.616,12,1.3,82.0,KUR_04,0.662,3,1,0,1
HUT100121,21,4.821,12,1.1,77.3,KUR_04,0.642,3,1,0,1
HUT100121,22,5.303,14,1.17,81.9,KUR_04,0.604,3,1,0,1
HUT100121,23,2.819,10,0.72,53.2,KUR_04,0.659,3,1,0,1
HUT100121,24,3.324,9,0.9,49.5,KUR_04,0.634,3,1,0,1
HUT100121,25,4.227,12,1.02,79.5,KUR_04,0.622,3,1,0,1
HUT100121,26,5.096,10,1.01,78.3,KUR_04,0.61,3,1,0,1
HUT100122,1,1.966,12,0.19,60.3,NEG_04,0.762,2,1,0,1
HUT100122,2,2.648,14,0.54,61.8,NEG_04,0.707,3,1,0,1
HUT100122,3,2.047,13,0.49,58.2,NEG_04,0.72,3,1,0,1
HUT100122,4,2.099,10,0.9,59.1,NEG_04,0.778,3,1,0,1
HUT100122,5,2.239,10,0.64,46.1,NEG_04,0.755,2,1,0,1
HUT100122,6,2.022,13,0.11,64.6,NEG_04,0.734,3,1,0,1
HUT100122,7,1.938,12,0.24,61.7,NEG_04,0.706,3,1,0,1
HUT100122,8,2.025,12,0.71,44.7,NEG_04,0.696,3,1,0,1
HUT100122,9,1.974,13,0.57,71.1,NEG_04,0.712,3,1,0,1
HUT100122,10,2.33,13,0.48,58.4,NEG_04,0.738,2,1,0,1
HUT100122,11,2.435,14,0.67,51.1,NEG_04,0.779,2,1,0,1
HUT100122,12,2.027,11,0.6,50.5,NEG_04,0.784,3,1,0,1
HUT100122,13,1.941,10,0.71,52.4,NEG_04,0.778,2,1,0,1
HUT100122,14,1.995,7,0.6,63.7,NEG_04,0.751,2,1,0,1
HUT100122,15,2.156,11,0.55,36.3,NEG_04,0.76,2,1,0,1
HUT100122,16,2.239,12,0.59,43.1,NEG_04,0.708,3,1,0,1
HUT100122,17,2.373,9,0.58,61.7,NEG_04,0.757,2,1,0,1
HUT100122,18,2.198,10,0.98,40.5,NEG_04,0.743,3,1,0,1
HUT100122,19,1.73,9,0.66,41.8,NEG_04,0.762,2,1,0,1
HUT100122,20,1.25,10,0.86,56.6,NEG_04,0.715,2,1,0,1
HUT100122,21,1.375,9,0.41,42.2,NEG_04,0.72,3,1,0,1
HUT100122,22,0.761,4,0.59,38.1,NEG_04,0.696,2,1,0,1
HUT100122,23,0.32,4,0.37,2.5,NEG_04,0.729,3,1,0,1
HUT100122,24,0.453,4,0.7,22.5,NEG_04,0.749,3,1,0,1
HUT100122,25,0.4,8,0.0,28.7,NEG_04,0.712,2,1,0,1
HUT100122,26,0.93,6,0.46,26.6,NEG_04,0.752,3,1,0,1
HUT100123,1,2.269,3,1.37,57.4,KAN_07,0.67,2,1,0,1
HUT100123,2,3.322,4,1.33,43.0,KAN_07,0.621,2,1,0,1
HUT100123,3,2.226,5,0.99,62.1,KAN_07,0.652,2,1,0,1
HUT100123,4,1.717,2,1.16,37.4,KAN_07,0.641,3,1,0,1
HUT100123,5,2.146,6,0.94,53.2,KAN_07,0.68,2,1,0,1
HUT100123,6,2.646,7,0.73,51.3,KAN_07,0.681,2,1,0,1
HUT100123,7,2.671,3,1.28,53.9,KAN_07,0.664,2,1,0,1
HUT100123,8,2.488,5,1.11,51.2,KAN_07,0.673,2,1,0,1
HUT100123,9,2.07,4,1.0,61.4,KAN_07,0.664,3,1,0,1
HUT100123,10,2.129,8,0.94,57.6,KAN_07,0.651,2,1,0,1
HUT100123,11,2.544,5,1.55,42.9,KAN_07,0.65,2,1,0,1
HUT100123,12,2.767,7,0.78,42.8,KAN_07,0.669,2,1,0,1
HUT100123,13,2.406,4,1.08,50.6,KAN_07,0.69,3,1,0,1
HUT100123,14,2.574,4,1.17,32.3,KAN_07,0.66,2,1,0,1
HUT100123,15,2.597,6,1.58,60.6,KAN_07,0.65,3,1,0,1
HUT100123,16,2.638,4,1.11,36.1,KAN_07,0.69,2,1,0,1
HUT100123,17,3.24,6,1.45,51.5,KAN_07,0.678,2,1,0,1
HUT100123,18,2.605,9,1.07,39.4,KAN_07,0.629,3,1,0,1
HUT100123,19,1.455,6,0.56,25.7,KAN_07,0.623,3,1,0,1
HUT100123,20,0.783,3,0.57,25.9,KAN_07,0.671,3,1,0,1
HUT100123,21,1.256,4,0.98,28.2,KAN_07,0.653,3,1,0,1
HUT100123,22,1.101,5,0.68,30.8,KAN_07,0.626,2,1,0,1
HUT100123,23,1.216,2,0.62,14.7,KAN_07,0.629,2,1,0,1
HUT100123,24,0.944,4,0.19,41.1,KAN_07,0.655,2,1,0,1
HUT100123,25,1.322,7,0.74,25.7,KAN_07,0.66,2,1,0,1
HUT100123,26,1.647,5,1.07,24.3,KAN_07,0.642,2,1,0,1
HUT100124,1,0.896,5,2.34,75.7,TRI_01,0.621,2,1,0,1
HUT100124,2,0.815,8,2.24,81.8,TRI_01,0.624,2,1,0,1
HUT100124,3,0.776,10,2.31,73.8,TRI_01,0.631,2,1,0,1
HUT100124,4,0.907,8,2.44,59.3,TRI_01,0.578,2,1,0,1
HUT100124,5,0.877,7,1.95,62.5,TRI_01,0.641,2,1,0,1
HUT100124,6,0.88,5,2.32,65.7,TRI_01,0.581,2,1,0,1
HUT100124,7,0.875,6,2.4,68.7,TRI_01,0.587,2,1,0,1
HUT100124,8,1.03,7,2.15,71.7,TRI_01,0.578,2,1,0,1
HUT100124,9,0.763,10,2.03,68.9,TRI_01,0.627,3,1,0,1
HUT100124,10,0.829,5,2.22,70.9,TRI_01,0.579,2,1,0,1
HUT100124,11,0.857,8,2.09,69.8,TRI_01,0.584,2,1,0,1
HUT100124,12,0.849,7,2.33,71.6,TRI_01,0.58,2,1,0,1
HUT100124,13,0.784,7,2.3,69.6,TRI_01,0.614,3,1,0,1
HUT100124,14,0.954,6,2.05,65.3,TRI_01,0.646,2,1,0,1
HUT100124,15,0.901,7,2.63,72.9,TRI_01,0.589,2,1,0,1
HUT100124,16,0.863,9,2.06,74.4,TRI_01,0.634,2,1,0,1
HUT100124,17,0.883,5,2.33,68.5,TRI_01,0.618,2,1,0,1
HUT100124,18,0.813,7,2.28,70.0,TRI_01,0.598,3,1,0,1
HUT100124,19,0.853,8,2.26,86.2,TRI_01,0.593,2,1,0,1
HUT100124,20,0.88,8,2.19,75.8,TRI_01,0.617,2,1,0,1
HUT100124,21,0.903,7,1.92,61.4,TRI_01,0.595,2,1,0,1
HUT100124,22,0.778,9,2.12,63.2,TRI_01,0.599,2,1,0,1
HUT100124,23,0.539,4,2.09,55.2,TRI_01,0.65,2,1,0,1
HUT100124,24,0.521,8,1.65,52.6,TRI_01,0.604,2,1,0,1
HUT100124,25,0.9,6,2.49,78.3,TRI_01,0.598,2,1,0,1
HUT100124,26,0.879,7,1.77,63.9,TRI_01,0.65,2,1,0,1
HUT100125,1,2.149,12,1.4,82.5,BAT_07,0.564,3,1,0,1
HUT100125,2,1.786,6,1.58,58.1,BAT_07,0.609,3,1,0,1
HUT100125,3,2.089,8,1.44,73.5,BAT_07,0.593,3,1,0,1
HUT100125,4,1.997,9,1.62,41.8,BAT_07,0.575,3,1,0,1
HUT100125,5,1.827,7,1.68,40.5,BAT_07,0.607,3,1,0,1
HUT100125,6,1.896,9,1.62,69.6,BAT_07,0.585,2,1,0,1
HUT100125,7,1.722,10,1.63,62.0,BAT_07,0.575,3,1,0,1
HUT100125,8,2.411,6,1.02,72.9,BAT_07,0.583,2,1,0,1
HUT100125,9,1.61,7,1.39,58.7,BAT_07,0.555,2,1,0,1
HUT100125,10,1.912,6,1.61,43.9,BAT_07,0.582,3,1,0,1
HUT100125,11,2.253,10,1.51,68.4,BAT_07,0.552,3,1,0,1
HUT100125,12,2.198,11,1.4,72.4,BAT_07,0.565,2,1,0,1
HUT100125,13,1.895,9,1.22,62.4,BAT_07,0.605,3,1,0,1
HUT100125,14,1.672,12,1.71,67.8,BAT_07,0.597,2,1,0,1
HUT100125,15,2.258,10,1.42,63.8,BAT_07,0.563,3,1,0,1
HUT100125,16,1.732,10,1.54,71.2,BAT_07,0.559,3,1,0,1
HUT100125,17,2.104,8,1.71,74.3,BAT_07,0.563,3,1,0,1
HUT100125,18,2.125,9,1.69,52.2,BAT_07,0.61,2,1,0,1
HUT100125,19,1.909,13,1.42,63.7,BAT_07,0.558,3,1,0,1
HUT100125,20,1.628,13,1.16,59.9,BAT_07,0.552,2,1,0,1
HUT100125,21,1.874,11,1.39,82.7,BAT_07,0.607,3,1,0,1
HUT100125,22,1.671,10,1.71,87.7,BAT_07,0.564,3,1,0,1
HUT100125,23,1.119,8,1.22,61.3,BAT_07,0.572,3,1,0,1
HUT100125,24,1.35,7,0.85,32.2,BAT_07,0.569,3,1,0,1
HUT100125,25,2.092,11,1.65,47.9,BAT_07,0.601,2,1,0,1
HUT100125,26,1.754,10,1.53,72.5,BAT_07,0.61,2,1,0,1
HUT100126,1,1.562,8,1.6,35.9,BAT_01,0.588,3,1,0,1
HUT100126,2,1.241,6,1.66,41.3,BAT_01,0.539,3,1,0,1
HUT100126,3,1.485,7,1.68,32.3,BAT_01,0.56,3,1,0,1
HUT100126,4,1.654,6,1.9,36.7,BAT_01,0.565,3,1,0,1
HUT100126,5,1.427,9,1.73,33.6,BAT_01,0.549,3,1,0,1
HUT100126,6,1.411,9,1.75,34.8,BAT_01,0.582,2,1,0,1
HUT100126,7,1.314,8,1.69,33.8,BAT_01,0.563,2,1,0,1
HUT100126,8,1.355,6,1.84,38.7,BAT_01,0.568,3,1,0,1
HUT100126,9,1.661,8,1.71,28.2,BAT_01,0.545,3,1,0,1
HUT100126,10,1.664,6,1.5,32.3,BAT_01,0.566,3,1,0,1
HUT100126,11,1.76,9,1.58,51.0,BAT_01,0.563,3,1,0,1
HUT100126,12,1.641,9,1.61,38.5,BAT_01,0.554,3,1,0,1
HUT100126,13,1.592,9,1.78,36.0,BAT_01,0.577,3,1,0,1
HUT100126,14,1.834,8,1.91,36.9,BAT_01,0.553,3,1,0,1
HUT100126,15,1.221,10,1.77,35.4,BAT_01,0.588,3,1,0,1
HUT100126,16,1.667,7,1.59,41.8,BAT_01,0.559,3,1,0,1
HUT100126,17,1.392,7,1.94,50.8,BAT_01,0.574,3,1,0,1
HUT100126,18,0.983,8,1.69,41.6,BAT_01,0.563,3,1,0,1
HUT100126,19,1.354,12,1.47,46.2,BAT_01,0.556,3,1,0,1
HUT100126,20,1.616,6,1.86,41.4,BAT_01,0.587,3,1,0,1
HUT100126,21,1.308,10,1.96,33.4,BAT_01,0.579,3,1,0,1
HUT100126,22,1.118,8,1.53,43.2,BAT_01,0.57,3,1,0,1
HUT100126,23,0.963,6,1.57,27.9,BAT_01,0.549,3,1,0,1
HUT100126,24,0.54,4,1.42,37.0,BAT_01,0.551,2,1,0,1
HUT100126,25,1.619,8,1.91,34.3,BAT_01,0.539,3,1,0,1
HUT100126,26,1.486,10,1.16,49.2,BAT_01,0.553,3,1,0,1
HUT100127,1,0.574,9,1.18,56.9,BAT_04,0.758,2,1,0,1
HUT100127,2,0.487,6,1.54,53.4,BAT_04,0.746,3,2,0,1
HUT100127,3,0.444,8,0.9,48.3,BAT_04,0.692,3,2,0,1
HUT100127,4,0.448,5,0.63,35.8,BAT_04,0.728,2,1,0,1
HUT100127,5,0.356,6,0.89,40.7,BAT_04,0.695,2,2,0,1
HUT100127,6,0.32,4,1.45,55.8,BAT_04,0.741,3,2,0,1
HUT100127,7,0.477,6,1.2,52.6,BAT_04,0.738,3,2,0,1
HUT100127,8,0.507,9,1.61,52.0,BAT_04,0.697,2,2,0,1
HUT100127,9,0.503,7,0.99,54.6,BAT_04,0.722,3,2,0,1
HUT100127,10,0.607,6,1.12,62.6,BAT_04,0.745,3,1,0,1
HUT100127,11,0.469,8,1.0,54.8,BAT_04,0.692,3,1,0,1
HUT100127,12,0.571,8,1.48,44.9,BAT_04,0.718,2,2,0,1
HUT100127,13,0.487,2,1.76,51.8,BAT_04,0.744,3,2,0,1
HUT100127,14,0.491,1,0.99,55.7,BAT_04,0.691,3,2,0,1
HUT100127,15,0.462,2,1.35,41.7,BAT_04,0.694,3,1,0,1
HUT100127,16,0.512,8,1.08,61.3,BAT_04,0.72,3,1,0,1
HUT100127,17,0.477,7,0.92,42.1,BAT_04,0.695,3,1,0,1
HUT100127,18,0.543,8,1.31,48.4,BAT_04,0.723,3,1,0,1
HUT100127,19,0.209,7,0.71,28.7,BAT_04,0.751,3,1,0,1
HUT100127,20,0.289,8,0.55,21.8,BAT_04,0.698,2,1,0,1
HUT100127,21,0.246,8,0.9,27.9,BAT_04,0.765,3,1,0,1
HUT100127,22,0.262,9,0.9,24.5,BAT_04,0.713,3,1,0,1
HUT100127,23,0.173,1,0.78,15.3,BAT_04,0.71,3,1,0,1
HUT100127,24,0.153,4,0.63,21.9,BAT_04,0.74,3,1,0,1
HUT100127,25,0.302,8,0.84,32.9,BAT_04,0.725,2,1,0,1
HUT100127,26,0.257,8,0.75,20.7,BAT_04,0.746,2,2,0,1
HUT100128,1,0.41,15,1.56,38.6,JAF_02,0.948,1,1,0,1
HUT100128,2,0.536,14,1.77,34.1,JAF_02,0.969,1,1,0,1
HUT100128,3,0.348,15,1.55,32.6,JAF_02,0.904,1,1,0,1
HUT100128,4,0.617,15,1.24,36.5,JAF_02,0.946,1,1,0,1
HUT100128,5,0.498,15,1.53,30.0,JAF_02,0.984,1,1,0,1
HUT100128,6,0.542,17,1.35,42.4,JAF_02,0.986,1,1,0,1
HUT100128,7,0.539,17,1.25,35.5,JAF_02,0.957,1,1,0,1
HUT100128,8,0.38,13,1.19,39.5,JAF_02,0.899,1,1,0,1
HUT100128,9,0.515,17,1.09,50.8,JAF_02,0.99,1,1,0,1
HUT100128,10,0.444,15,2.04,25.5,JAF_02,0.903,1,1,0,1
HUT100128,11,0.477,15,1.79,36.9,JAF_02,0.992,1,1,0,1
HUT100128,12,0.517,14,1.41,38.6,JAF_02,0.915,1,1,0,1
HUT100128,13,0.436,13,1.73,30.5,JAF_02,0.923,1,1,0,1
HUT100128,14,0.522,14,1.5,28.9,JAF_02,0.986,1,1,0,1
HUT100128,15,0.468,17,1.42,34.0,JAF_02,0.959,1,1,0,1
HUT100128,16,0.527,14,1.09,27.5,JAF_02,0.943,1,1,0,1
HUT100128,17,0.492,13,0.99,37.9,JAF_02,0.949,1,1,0,1
HUT100128,18,0.385,11,1.47,40.9,JAF_02,0.919,1,1,0,1
HUT100128,19,0.385,16,1.63,33.1,JAF_02,0.93,1,1,0,1
HUT100128,20,0.518,15,1.24,30.3,JAF_02,0.98,1,1,0,1
HUT100128,21,0.38,11,0.93,27.5,JAF_02,0.916,1,1,0,1
HUT100128,22,0.39,12,1.28,38.6,JAF_02,0.903,1,1,0,1
HUT100128,23,0.284,6,0.73,29.3,JAF_02,0.923,1,1,0,1
HUT100128,24,0.102,5,0.62,4.5,JAF_02,0.989,1,1,0,1
HUT100128,25,0.379,9,0.75,20.7,JAF_02,0.967,1,1,0,1
HUT100128,26,0.304,10,0.87,22.8,JAF_02,0.914,1,1,0,1
HUT100129,1,0.48,8,1.07,3.9,GAM_01,0.643,2,1,0,1
HUT100129,2,0.366,9,1.47,4.6,GAM_01,0.667,2,1,0,1
HUT100129,3,0.366,6,1.27,4.3,GAM_01,0.654,2,1,0,1
HUT100129,4,0.606,8,1.03,4.2,GAM_01,0.662,2,1,0,1
HUT100129,5,0.141,7,1.23,0.0,GAM_01,0.614,2,1,0,1
HUT100129,6,0.575,8,1.21,5.8,GAM_01,0.64,2,1,0,1
HUT100129,7,0.62,11,1.37,4.8,GAM_01,0.613,2,1,0,1
HUT100129,8,0.355,10,0.85,5.6,GAM_01,0.648,2,1,0,1
HUT100129,9,0.262,10,1.26,3.5,GAM_01,0.676,2,1,0,1
HUT100129,10,0.108,8,1.06,4.7,GAM_01,0.651,2,1,0,1
HUT100129,11,0.797,7,1.25,6.9,GAM_01,0.656,2,1,0,1
HUT100129,12,0.534,7,1.69,0.8,GAM_01,0.614,2,1,0,1
HUT100129,13,0.0,9,1.24,6.3,GAM_01,0.68,3,1,0,1
HUT100129,14,0.656,6,0.96,7.5,GAM_01,0.659,3,1,0,1
HUT100129,15,0.482,7,1.13,6.0,GAM_01,0.684,2,1,0,1
HUT100129,16,0.429,10,1.07,4.2,GAM_01,0.623,2,1,0,1
HUT100129,17,0.528,7,1.47,3.0,GAM_01,0.666,2,1,0,1
HUT100129,18,0.084,8,1.42,6.2,GAM_01,0.688,2,1,0,1
HUT100129,19,0.024,9,0.89,5.3,GAM_01,0.683,2,1,0,1
HUT100129,20,0.2,5,1.04,0.3,GAM_01,0.631,2,1,0,1
HUT100129,21,0.385,9,1.44,2.7,GAM_01,0.685,2,1,0,1
HUT100129,22,0.676,7,1.21,9.4,GAM_01,0.658,2,1,0,1
HUT100129,23,0.121,8,0.92,6.6,GAM_01,0.656,2,1,0,1
HUT100129,24,0.11,5,1.02,4.6,GAM_01,0.628,2,1,0,1
HUT100129,25,0.57,8,1.0,4.7,GAM_01,0.651,2,1,0,1
HUT100129,26,0.881,12,0.93,13.0,GAM_01,0.645,2,1,0,1
HUT100130,1,0.868,15,1.48,91.7,KAN_06,0.926,1,1,0,1
HUT100130,2,0.92,14,1.52,62.2,KAN_06,0.994,1,1,0,1
HUT100130,3,0.818,16,1.59,92.5,KAN_06,0.975,2,1,0,1
HUT100130,4,1.028,15,1.9,93.5,KAN_06,0.905,1,1,0,1
HUT100130,5,0.789,15,1.27,107.1,KAN_06,0.952,1,1,0,1
HUT100130,6,0.864,17,1.57,106.9,KAN_06,0.902,1,1,0,1
HUT100130,7,0.922,13,2.04,62.4,KAN_06,0.975,2,1,0,1
HUT100130,8,0.892,18,1.61,104.5,KAN_06,0.926,2,1,0,1
HUT100130,9,0.84,15,1.95,75.3,KAN_06,0.954,2,1,0,1
HUT100130,10,0.801,16,1.82,81.6,KAN_06,0.986,2,1,0,1
HUT100130,11,0.899,16,1.56,98.8,KAN_06,0.934,1,1,0,1
HUT100130,12,0.824,14,1.52,106.7,KAN_06,0.999,1,1,0,1
HUT100130,13,1.046,17,1.99,66.8,KAN_06,0.965,1,1,0,1
HUT100130,14,1.121,12,1.77,66.0,KAN_06,0.896,2,1,0,1
HUT100130,15,1.008,15,1.93,95.8,KAN_06,0.909,1,1,0,1
HUT100130,16,1.023,14,2.2,97.8,KAN_06,0.997,2,1,0,1
HUT100130,17,0.84,14,1.34,91.5,KAN_06,0.903,2,1,0,1
HUT100130,18,0.778,13,1.62,78.5,KAN_06,0.945,1,1,0,1
HUT100130,19,1.031,17,1.92,80.0,KAN_06,0.997,2,1,0,1
HUT100130,20,0.753,14,1.75,101.8,KAN_06,0.939,1,1,0,1
HUT100130,21,1.174,17,2.17,93.5,KAN_06,0.975,1,1,0,1
HUT100130,22,0.723,16,1.86,73.5,KAN_06,0.931,1,1,0,1
HUT100130,23,0.592,11,1.18,53.0,KAN_06,0.962,1,1,0,1
HUT100130,24,0.703,12,1.21,52.5,KAN_06,0.9,1,1,0,1
HUT100130,25,0.924,18,1.74,91.4,KAN_06,0.979,1,1,0,1
HUT100130,26,0.945,13,2.04,71.1,KAN_06,0.906,2,1,0,1
HUT100131,1,4.956,5,1.34,22.4,KUR_02,0.351,8,3,0,1
HUT100131,2,4.205,8,0.96,25.2,KUR_02,0.348,8,2,0,1
HUT100131,3,4.933,6,1.1,23.9,KUR_02,0.344,8,2,0,1
HUT100131,4,3.641,11,0.72,23.9,KUR_02,0.323,11,2,0,1
HUT100131,5,3.303,7,0.77,21.2,KUR_02,0.317,8,3,0,1
HUT100131,6,3.824,7,0.99,19.8,KUR_02,0.349,10,2,0,1
HUT100131,7,3.682,8,0.59,27.3,KUR_02,0.317,9,3,0,1
HUT100131,8,4.324,8,1.06,25.2,KUR_02,0.351,8,3,0,1
HUT100131,9,3.533,8,1.15,19.1,KUR_02,0.341,10,3,0,1
HUT100131,10,4.634,8,0.83,28.1,KUR_02,0.344,10,3,0,1
HUT100131,11,3.331,3,1.08,19.1,KUR_02,0.323,9,2,0,1
HUT100131,12,3.987,8,1.24,26.8,KUR_02,0.328,9,2,0,1
HUT100131,13,3.546,6,1.29,21.5,KUR_02,0.346,8,2,0,1
HUT100131,14,4.049,7,1.14,19.4,KUR_02,0.322,9,2,0,1
HUT100131,15,4.376,6,1.6,15.8,KUR_02,0.314,8,2,0,1
HUT100131,16,4.199,7,1.4,31.6,KUR_02,0.323,10,3,0,1
HUT100131,17,4.055,10,1.22,15.4,KUR_02,0.342,8,2,0,1
HUT100131,18,4.883,9,1.06,24.1,KUR_02,0.346,9,2,0,1
HUT100131,19,4.241,8,1.19,23.3,KUR_02,0.35,8,2,0,1
HUT100131,20,4.289,10,0.94,29.4,KUR_02,0.344,8,3,0,1
HUT100131,21,4.809,5,0.63,29.9,KUR_02,0.341,8,3,0,1
HUT100131,22,5.068,4,0.58,12.8,KUR_02,0.32,9,3,0,1
HUT100131,23,2.378,3,0.97,9.7,KUR_02,0.327,10,3,0,1
HUT100131,24,3.272,5,0.93,6.2,KUR_02,0.321,10,2,0,1
HUT100131,25,4.255,7,1.25,23.0,KUR_02,0.347,8,2,0,1
HUT100131,26,4.007,5,1.34,15.9,KUR_02,0.325,10,2,0,1
HUT100132,1,0.365,18,1.46,52.8,GAM_09,0.56,3,1,0,1
HUT100132,2,0.393,15,1.73,43.4,GAM_09,0.582,2,1,0,1
HUT100132,3,0.317,13,1.46,42.8,GAM_09,0.549,3,1,0,1
HUT100132,4,0.369,16,1.58,59.0,GAM_09,0.586,3,1,0,1
HUT100132,5,0.368,16,1.51,44.3,GAM_09,0.581,3,1,0,1
HUT100132,6,0.384,14,1.37,48.1,GAM_09,0.587,3,1,0,1
HUT100132,7,0.311,13,1.0,50.5,GAM_09,0.562,3,1,0,1
HUT100132,8,0.336,15,1.25,45.8,GAM_09,0.561,3,1,0,1
HUT100132,9,0.33,14,1.36,38.4,GAM_09,0.585,3,1,0,1
HUT100132,10,0.371,16,1.39,22.1,GAM_09,0.577,3,1,0,1
HUT100132,11,0.365,12,0.99,45.5,GAM_09,0.545,3,1,0,1
HUT100132,12,0.334,14,1.25,38.8,GAM_09,0.577,3,1,0,1
HUT100132,13,0.25,16,1.4,44.4,GAM_09,0.597,2,1,0,1
HUT100132,14,0.324,15,1.42,44.5,GAM_09,0.602,3,1,0,1
HUT100132,15,0.345,12,1.5,52.6,GAM_09,0.579,3,1,0,1
HUT100132,16,0.316,12,1.28,45.6,GAM_09,0.568,3,1,0,1
HUT100132,17,0.263,15,1.8,37.5,GAM_09,0.56,3,1,0,1
HUT100132,18,0.34,16,1.28,48.5,GAM_09,0.539,3,1,0,1
HUT100132,19,0.351,18,1.06,50.1,GAM_09,0.556,3,1,0,1
HUT100132,20,0.355,13,1.07,37.0,GAM_09,0.58,2,1,0,1
HUT100132,21,0.368,16,1.3,42.9,GAM_09,0.556,2,1,0,1
HUT100132,22,0.415,14,1.72,51.8,GAM_09,0.589,3,1,0,1
HUT100132,23,0.208,12,0.68,29.1,GAM_09,0.572,3,1,0,1
HUT100132,24,0.193,9,0.98,36.6,GAM_09,0.547,3,1,0,1
HUT100132,25,0.295,13,1.79,45.7,GAM_09,0.576,2,1,0,1
HUT100132,26,0.324,16,1.22,42.3,GAM_09,0.604,3,1,0,1
HUT100133,1,1.228,8,1.0,34.5,KUR_06,0.791,2,1,0,1
HUT100133,2,1.086,9,0.95,57.2,KUR_06,0.749,3,1,0,1
HUT100133,3,1.01,8,0.66,56.3,KUR_06,0.728,3,1,0,1
HUT100133,4,0.899,12,1.15,49.9,KUR_06,0.769,2,1,0,1
HUT100133,5,1.227,10,0.61,50.6,KUR_06,0.789,3,1,0,1
HUT100133,6,0.932,7,1.12,56.6,KUR_06,0.743,2,1,0,1
HUT100133,7,1.09,11,0.91,69.5,KUR_06,0.718,3,1,0,1
HUT100133,8,1.338,10,0.86,58.1,KUR_06,0.761,2,1,0,1
HUT100133,9,0.823,10,0.55,62.5,KUR_06,0.733,3,1,0,1
HUT100133,10,0.978,8,0.48,62.1,KUR_06,0.74,3,1,0,1
HUT100133,11,1.128,9,0.49,60.8,KUR_06,0.772,3,1,0,1
HUT100133,12,0.984,12,0.87,51.8,KUR_06,0.765,3,1,0,1
HUT100133,13,0.995,9,0.66,46.6,KUR_06,0.74,2,1,0,1
HUT100133,14,1.005,7,0.74,56.9,KUR_06,0.765,3,1,0,1
HUT100133,15,1.058,6,0.97,35.1,KUR_06,0.786,2,1,0,1
HUT100133,16,1.118,8,0.96,67.2,KUR_06,0.783,3,1,0,1
HUT100133,17,1.166,9,1.21,65.8,KUR_06,0.755,3,1,0,1
HUT100133,18,0.906,10,0.52,42.3,KUR_06,0.766,3,1,0,1
HUT100133,19,1.247,9,0.74,42.6,KUR_06,0.767,2,1,0,1
HUT100133,20,0.913,10,0.77,46.5,KUR_06,0.763,3,1,0,1
HUT100133,21,0.9,7,0.95,62.9,KUR_06,0.762,2,1,0,1
HUT100133,22,0.584,10,0.88,41.3,KUR_06,0.797,3,1,0,1
HUT100133,23,0.393,2,0.46,25.3,KUR_06,0.783,3,1,0,1
HUT100133,24,0.451,4,0.2,24.0,KUR_06,0.75,2,1,0,1
HUT100133,25,0.618,7,0.93,29.8,KUR_06,0.76,3,1,0,1
HUT100133,26,0.728,4,0.57,22.1,KUR_06,0.79,3,1,0,1
HUT100134,1,1.048,7,1.22,17.3,ANU_10,0.582,2,2,0,1
HUT100134,2,1.31,9,1.52,25.3,ANU_10,0.598,3,1,0,1
HUT100134,3,1.027,12,1.66,13.1,ANU_10,0.551,3,1,0,1
HUT100134,4,1.109,7,1.13,16.0,ANU_10,0.601,3,1,0,1
HUT100134,5,1.185,8,1.31,9.2,ANU_10,0.611,3,1,0,1
HUT100134,6,1.449,9,1.45,24.9,ANU_10,0.551,3,1,0,1
HUT100134,7,1.072,7,1.2,23.4,ANU_10,0.562,2,2,0,1
HUT100134,8,1.269,8,1.78,21.2,ANU_10,0.557,3,1,0,1
HUT100134,9,1.242,9,1.23,21.4,ANU_10,0.598,3,1,0,1
HUT100134,10,1.092,9,1.45,20.3,ANU_10,0.551,3,1,0,1
HUT100134,11,1.06,9,1.61,27.9,ANU_10,0.556,2,1,0,1
HUT100134,12,1.191,11,1.2,18.3,ANU_10,0.592,3,2,0,1
HUT100134,13,1.225,9,0.66,16.5,ANU_10,0.58,3,2,0,1
HUT100134,14,1.168,8,1.39,27.3,ANU_10,0.605,2,2,0,1
HUT100134,15,1.153,10,1.35,23.4,ANU_10,0.587,2,2,0,1
HUT100134,16,1.128,8,1.17,19.1,ANU_10,0.611,3,1,0,1
HUT100134,17,1.314,9,1.22,20.2,ANU_10,0.605,2,1,0,1
HUT100134,18,1.299,8,1.45,15.1,ANU_10,0.544,2,1,0,1
HUT100134,19,0.659,9,1.02,7.3,ANU_10,0.584,3,1,0,1
HUT100134,20,0.409,10,1.02,8.1,ANU_10,0.588,2,2,0,1
HUT100134,21,0.914,8,0.74,9.0,ANU_10,0.599,2,1,0,1
HUT100134,22,0.484,9,0.4,9.3,ANU_10,0.596,2,1,0,1
HUT100134,23,0.396,6,0.81,4.5,ANU_10,0.599,3,1,0,1
HUT100134,24,0.602,3,0.77,0.0,ANU_10,0.586,3,1,0,1
HUT100134,25,0.631,9,0.95,10.6,ANU_10,0.545,3,1,0,1
HUT100134,26,0.619,10,0.82,9.8,ANU_10,0.545,2,1,0,1
HUT100135,1,0.705,4,1.88,9.6,GAL_03,0.778,3,1,0,1
HUT100135,2,0.496,4,1.71,6.1,GAL_03,0.815,3,1,0,1
HUT100135,3,0.972,4,1.69,6.9,GAL_03,0.812,3,2,0,1
HUT100135,4,1.114,1,1.71,3.1,GAL_03,0.76,3,2,0,1
HUT100135,5,0.644,1,2.07,14.4,GAL_03,0.805,3,1,0,1
HUT100135,6,0.395,5,1.91,9.2,GAL_03,0.797,3,1,0,1
HUT100135,7,1.225,2,1.52,16.2,GAL_03,0.799,3,1,0,1
HUT100135,8,0.877,4,1.64,1.4,GAL_03,0.744,4,1,0,1
HUT100135,9,0.54,4,1.55,11.9,GAL_03,0.747,3,2,0,1
HUT100135,10,0.842,2,1.83,4.6,GAL_03,0.734,3,1,0,1
HUT100135,11,1.151,5,1.23,0.6,GAL_03,0.744,3,1,0,1
HUT100135,12,1.021,3,1.74,8.8,GAL_03,0.742,3,1,0,1
HUT100135,13,0.229,3,1.9,1.7,GAL_03,0.748,3,1,0,1
HUT100135,14,1.81,4,2.02,0.0,GAL_03,0.805,3,1,0,1
HUT100135,15,0.911,5,1.76,7.1,GAL_03,0.812,3,1,0,1
HUT100135,16,1.027,2,1.6,16.0,GAL_03,0.799,3,1,0,1
HUT100135,17,0.552,4,1.43,16.6,GAL_03,0.745,3,1,0,1
HUT100135,18,0.534,4,1.77,5.6,GAL_03,0.764,4,1,0,1
HUT100135,19,0.786,1,2.1,0.0,GAL_03,0.736,3,1,0,1
HUT100135,20,0.636,5,1.58,16.9,GAL_03,0.739,4,1,0,1
HUT100135,21,1.559,8,1.44,1.9,GAL_03,0.773,3,1,0,1
HUT100135,22,1.799,4,1.69,0.0,GAL_03,0.768,3,1,0,1
HUT100135,23,0.0,2,1.45,2.3,GAL_03,0.73,3,2,0,1
HUT100135,24,0.0,1,1.91,0.0,GAL_03,0.809,3,1,0,1
HUT100135,25,1.905,2,1.94,0.0,GAL_03,0.761,4,1,0,1
HUT100135,26,1.454,4,2.03,9.8,GAL_03,0.765,4,2,0,1
HUT100136,1,0.395,8,1.82,2.2,GAM_01,0.732,2,1,0,1
HUT100136,2,0.499,8,1.6,2.3,GAM_01,0.703,2,1,0,1
HUT100136,3,0.382,8,1.78,2.6,GAM_01,0.727,2,1,0,1
HUT100136,4,0.474,7,1.77,3.3,GAM_01,0.732,2,1,0,1
HUT100136,5,0.51,9,1.51,2.4,GAM_01,0.691,2,1,0,1
HUT100136,6,0.447,9,1.76,2.9,GAM_01,0.736,2,1,0,1
HUT100136,7,0.456,9,1.77,3.2,GAM_01,0.718,2,1,0,1
HUT100136,8,0.273,10,1.96,3.1,GAM_01,0.754,2,1,0,1
HUT100136,9,0.489,9,1.29,2.9,GAM_01,0.734,2,1,0,1
HUT100136,10,0.372,12,1.6,2.5,GAM_01,0.689,3,1,0,1
HUT100136,11,0.455,9,1.64,3.1,GAM_01,0.702,2,1,0,1
HUT100136,12,0.51,12,1.62,3.4,GAM_01,0.693,3,1,0,1
HUT100136,13,0.44,13,1.61,2.5,GAM_01,0.729,2,1,0,1
HUT100136,14,0.37,6,1.88,3.3,GAM_01,0.686,2,1,0,1
HUT100136,15,0.41,12,1.54,3.0,GAM_01,0.748,2,1,0,1
HUT100136,16,0.483,6,2.08,3.0,GAM_01,0.691,3,1,0,1
HUT100136,17,0.491,12,1.58,3.7,GAM_01,0.709,2,1,0,1
HUT100136,18,0.461,6,1.49,3.0,GAM_01,0.68,2,1,0,1
HUT100136,19,0.42,8,1.85,3.4,GAM_01,0.687,3,1,0,1
HUT100136,20,0.425,11,1.96,2.5,GAM_01,0.749,2,1,0,1
HUT100136,21,0.429,12,1.62,3.4,GAM_01,0.752,3,1,0,1
HUT100136,22,0.507,6,1.99,2.8,GAM_01,0.674,2,1,0,1
HUT100136,23,0.278,7,1.3,0.2,GAM_01,0.694,2,1,0,1
HUT100136,24,0.328,7,1.49,2.1,GAM_01,0.695,2,1,0,1
HUT100136,25,0.453,8,2.08,3.5,GAM_01,0.756,3,1,0,1
HUT100136,26,0.357,10,1.63,3.9,GAM_01,0.755,2,1,0,1
HUT100137,1,2.308,3,1.06,36.0,KUR_10,0.919,2,1,0,1
HUT100137,2,2.336,2,1.47,44.6,KUR_10,0.955,2,1,0,1
HUT100137,3,2.039,3,1.11,33.2,KUR_10,0.954,1,1,0,1
HUT100137,4,2.433,3,1.27,43.2,KUR_10,0.944,1,1,0,1
HUT100137,5,2.042,4,1.4,25.1,KUR_10,0.956,1,1,0,1
HUT100137,6,2.028,1,1.51,46.4,KUR_10,0.896,1,1,0,1
HUT100137,7,2.103,2,1.54,53.4,KUR_10,0.963,1,1,0,1
HUT100137,8,2.207,5,1.19,30.1,KUR_10,0.873,1,1,0,1
HUT100137,9,1.611,3,1.39,40.3,KUR_10,0.904,1,1,0,1
HUT100137,10,2.16,1,1.34,31.5,KUR_10,0.97,1,1,0,1
HUT100137,11,1.716,3,1.4,47.8,KUR_10,0.936,1,1,0,1
HUT100137,12,2.577,5,1.54,33.7,KUR_10,0.921,1,1,0,1
HUT100137,13,1.75,4,1.23,41.7,KUR_10,0.935,1,1,0,1
HUT100137,14,1.976,3,1.05,30.2,KUR_10,0.92,1,1,0,1
HUT100137,15,1.919,4,1.24,30.1,KUR_10,0.961,1,1,0,1
HUT100137,16,2.314,3,1.55,32.2,KUR_10,0.945,1,1,0,1
HUT100137,17,2.047,4,1.3,43.1,KUR_10,0.955,1,1,0,1
HUT100137,18,2.095,3,1.15,41.0,KUR_10,0.959,1,1,0,1
HUT100137,19,2.858,3,1.17,39.6,KUR_10,0.878,1,1,0,1
HUT100137,20,2.342,5,1.51,37.5,KUR_10,0.966,1,1,0,1
HUT100137,21,2.504,4,1.53,36.0,KUR_10,0.965,1,1,0,1
HUT100137,22,2.632,3,1.78,38.2,KUR_10,0.92,1,1,0,1
HUT100137,23,1.534,2,1.08,21.8,KUR_10,0.904,1,1,0,1
HUT100137,24,1.678,2,1.29,30.0,KUR_10,0.888,2,1,0,1
HUT100137,25,1.68,4,1.24,33.5,KUR_10,0.928,1,1,0,1
HUT100137,26,2.416,1,1.43,28.9,KUR_10,0.942,1,1,0,1
HUT100138,1,3.612,7,1.38,83.1,MAT_09,0.69,3,1,0,1
HUT100138,2,3.553,7,1.12,97.3,MAT_09,0.648,3,1,0,1
HUT100138,3,3.233,8,1.35,72.0,MAT_09,0.677,2,1,0,1
HUT100138,4,3.448,6,1.3,83.0,MAT_09,0.673,3,1,0,1
HUT100138,5,3.599,5,1.39,89.4,MAT_09,0.659,2,1,0,1
HUT100138,6,3.606,3,1.25,85.7,MAT_09,0.696,2,1,0,1
HUT100138,7,3.601,8,1.29,96.4,MAT_09,0.707,3,1,0,1
HUT100138,8,3.236,4,1.49,85.1,MAT_09,0.686,2,1,0,1
HUT100138,9,3.403,6,1.44,86.9,MAT_09,0.66,3,1,0,1
HUT100138,10,3.444,9,1.25,91.4,MAT_09,0.632,2,1,0,1
HUT100138,11,3.44,4,1.37,98.7,MAT_09,0.659,2,1,0,1
HUT100138,12,3.408,8,1.4,87.2,MAT_09,0.686,3,1,0,1
HUT100138,13,3.587,8,1.32,86.8,MAT_09,0.699,2,1,0,1
HUT100138,14,3.546,5,1.23,91.9,MAT_09,0.679,2,1,0,1
HUT100138,15,3.235,8,0.95,97.8,MAT_09,0.664,3,1,0,1
HUT100138,16,3.434,6,1.45,82.0,MAT_09,0.687,2,1,0,1
HUT100138,17,3.585,7,1.59,82.4,MAT_09,0.681,2,1,0,1
HUT100138,18,3.881,5,1.37,84.6,MAT_09,0.658,2,1,0,1
HUT100138,19,3.041,5,1.29,85.7,MAT_09,0.635,2,1,0,1
HUT100138,20,3.424,4,1.38,78.4,MAT_09,0.7,3,1,0,1
HUT100138,21,3.152,5,0.87,98.3,MAT_09,0.671,2,1,0,1
HUT100138,22,3.088,8,1.35,77.6,MAT_09,0.645,2,1,0,1
HUT100138,23,2.234,5,1.29,68.3,MAT_09,0.698,2,1,0,1
HUT100138,24,1.869,7,0.81,56.1,MAT_09,0.668,2,1,0,1
HUT100138,25,3.432,7,1.1,84.9,MAT_09,0.694,2,1,0,1
HUT100138,26,3.642,5,1.23,87.2,MAT_09,0.685,2,1,0,1
HUT100139,1,5.397,6,0.76,63.9,RAT_05,0.976,1,1,0,1
HUT100139,2,5.45,6,0.72,69.1,RAT_05,0.922,1,1,0,1
HUT100139,3,5.91,5,0.57,82.7,RAT_05,0.868,1,1,0,1
HUT100139,4,5.41,4,0.81,60.9,RAT_05,0.962,2,1,0,1
HUT100139,5,6.687,4,0.53,83.7,RAT_05,0.966,2,1,0,1
HUT100139,6,4.751,6,1.23,73.5,RAT_05,0.899,1,1,0,1
HUT100139,7,5.889,4,0.56,76.4,RAT_05,0.888,2,1,0,1
HUT100139,8,4.666,5,0.65,64.8,RAT_05,0.966,2,1,0,1
HUT100139,9,4.894,6,0.89,69.5,RAT_05,0.963,2,1,0,1
HUT100139,10,5.843,6,0.76,53.8,RAT_05,0.906,2,1,0,1
HUT100139,11,6.268,8,0.68,74.8,RAT_05,0.886,1,1,0,1
HUT100139,12,5.298,6,1.12,77.5,RAT_05,0.884,1,1,0,1
HUT100139,13,5.77,4,0.7,60.0,RAT_05,0.936,1,1,0,1
HUT100139,14,6.163,7,1.22,65.0,RAT_05,0.907,2,1,0,1
HUT100139,15,6.193,5,1.19,72.6,RAT_05,0.919,2,1,0,1
HUT100139,16,5.729,7,0.79,71.1,RAT_05,0.952,2,1,0,1
HUT100139,17,6.84,6,0.42,72.8,RAT_05,0.898,2,1,0,1
HUT100139,18,6.368,6,0.82,55.7,RAT_05,0.915,2,1,0,1
HUT100139,19,4.433,4,0.72,76.6,RAT_05,0.943,1,1,0,1
HUT100139,20,4.989,5,0.88,71.8,RAT_05,0.876,1,1,0,1
HUT100139,21,5.584,5,0.7,78.7,RAT_05,0.94,2,1,0,1
HUT100139,22,6.281,7,0.51,83.1,RAT_05,0.875,1,1,0,1
HUT100139,23,3.149,1,0.31,32.5,BAT_10,0.051,2,2,1,1
HUT100139,24,2.073,2,0.05,29.3,BAT_10,0.109,2,2,1,1
HUT100139,25,3.606,3,0.53,45.3,BAT_10,0.031,2,2,1,1
HUT100139,26,5.353,3,0.76,80.9,RAT_05,0.891,1,1,0,1
HUT100140,1,2.088,4,1.34,26.7,RAT_08,0.881,1,1,0,1
HUT100140,2,3.188,6,1.68,42.4,RAT_08,0.891,1,1,0,1
HUT100140,3,1.945,6,1.48,37.0,RAT_08,0.867,1,1,0,1
HUT100140,4,2.781,5,1.92,35.5,RAT_08,0.937,1,1,0,1
HUT100140,5,2.799,7,1.81,30.4,RAT_08,0.85,1,1,0,1
HUT100140,6,2.192,3,1.64,43.3,RAT_08,0.863,1,1,0,1
HUT100140,7,2.754,5,1.79,34.6,RAT_08,0.885,1,1,0,1
HUT100140,8,2.483,8,1.46,37.0,RAT_08,0.923,1,1,0,1
HUT100140,9,2.357,6,1.77,29.0,RAT_08,0.914,1,1,0,1
HUT100140,10,2.345,3,1.37,32.2,RAT_08,0.873,1,1,0,1
HUT100140,11,2.394,5,1.85,40.7,RAT_08,0.871,1,1,0,1
HUT100140,12,3.211,7,1.73,28.6,RAT_08,0.905,1,1,0,1
HUT100140,13,1.404,8,1.47,35.4,RAT_08,0.853,1,1,0,1
HUT100140,14,2.471,4,2.0,29.8,RAT_08,0.88,1,1,0,1
HUT100140,15,2.794,2,1.51,33.2,RAT_08,0.943,1,1,0,1
HUT100140,16,3.19,4,1.8,50.8,RAT_08,0.899,1,1,0,1
HUT100140,17,3.179,5,1.92,47.2,RAT_08,0.842,1,1,0,1
HUT100140,18,2.832,7,1.74,33.3,RAT_08,0.884,1,1,0,1
HUT100140,19,2.852,9,1.6,27.7,RAT_08,0.866,1,1,0,1
HUT100140,20,2.367,4,1.91,41.9,RAT_08,0.848,1,1,0,1
HUT100140,21,2.731,4,1.62,28.2,RAT_08,0.924,1,1,0,1
HUT100140,22,2.867,4,1.68,46.3,RAT_08,0.877,1,1,0,1
HUT100140,23,1.305,5,1.05,25.5,RAT_08,0.88,1,1,0,1
HUT100140,24,1.436,5,1.28,20.0,RAT_08,0.911,1,1,0,1
HUT100140,25,2.869,7,1.7,38.3,RAT_08,0.859,1,1,0,1
HUT100140,26,3.161,5,2.11,39.8,RAT_08,0.855,1,1,0,1
HUT100141,1,0.986,12,0.8,42.3,KUR_06,0.91,1,1,0,1
HUT100141,2,1.293,12,0.89,26.1,KUR_06,0.936,1,1,0,1
HUT100141,3,1.22,12,1.02,30.7,KUR_06,0.969,1,1,0,1
HUT100141,4,1.13,12,1.27,37.1,KUR_06,0.948,1,1,0,1
HUT100141,5,1.142,14,1.57,27.3,KUR_06,1.0,1,1,0,1
HUT100141,6,1.097,12,1.29,28.5,KUR_06,0.93,1,1,0,1
HUT100141,7,1.056,9,0.64,35.3,KUR_06,0.908,1,1,0,1
HUT100141,8,1.259,11,0.71,38.4,KUR_06,0.911,1,1,0,1
HUT100141,9,0.966,13,0.94,34.6,KUR_06,0.946,1,1,0,1
HUT100141,10,1.375,11,0.98,38.6,KUR_06,0.934,1,1,0,1
HUT100141,11,1.069,10,1.16,36.4,KUR_06,0.997,1,1,0,1
HUT100141,12,1.032,13,1.2,29.0,KUR_06,0.976,1,1,0,1
HUT100141,13,1.19,11,1.07,38.7,KUR_06,0.96,1,1,0,1
HUT100141,14,1.255,15,0.8,30.8,KUR_06,0.989,1,1,0,1
HUT100141,15,1.173,9,1.05,33.7,KUR_06,0.909,1,1,0,1
HUT100141,16,1.311,12,1.14,27.9,KUR_06,0.941,1,1,0,1
HUT100141,17,1.138,12,1.16,46.0,KUR_06,0.981,1,1,0,1
HUT100141,18,1.311,11,0.79,32.5,KUR_06,1.0,1,1,0,1
HUT100141,19,1.053,11,0.97,29.4,KUR_06,1.0,1,1,0,1
HUT100141,20,1.03,12,1.09,31.8,KUR_06,0.955,1,1,0,1
HUT100141,21,1.108,10,1.12,46.6,KUR_06,0.924,1,1,0,1
HUT100141,22,1.108,13,1.13,30.5,KUR_06,1.0,1,1,0,1
HUT100141,23,0.545,8,1.09,29.9,KUR_06,1.0,1,1,0,1
HUT100141,24,0.689,11,0.5,24.4,KUR_06,0.949,1,1,0,1
HUT100141,25,0.973,14,0.89,41.7,KUR_06,0.943,1,1,0,1
HUT100141,26,0.676,11,0.87,26.9,KUR_06,0.919,1,1,0,1
HUT100142,1,1.428,3,1.48,79.6,TRI_06,0.296,8,3,0,1
HUT100142,2,1.565,6,1.5,75.0,TRI_06,0.289,7,3,0,1
HUT100142,3,1.263,4,1.51,78.3,TRI_06,0.307,7,3,0,1
HUT100142,4,1.268,3,1.43,65.2,TRI_06,0.286,7,3,0,1
HUT100142,5,1.041,6,1.34,30.6,TRI_06,0.284,7,3,0,1
HUT100142,6,1.451,2,1.27,64.6,TRI_06,0.301,8,3,0,1
HUT100142,7,1.147,5,1.42,52.4,TRI_06,0.283,7,3,0,1
HUT100142,8,1.262,4,1.37,83.8,TRI_06,0.274,6,3,0,1
HUT100142,9,1.407,5,1.33,57.2,TRI_06,0.284,8,3,0,1
HUT100142,10,1.509,2,1.49,72.8,TRI_06,0.276,8,3,0,1
HUT100142,11,1.083,5,1.71,63.3,TRI_06,0.306,7,3,0,1
HUT100142,12,1.177,2,1.06,70.0,TRI_06,0.273,7,3,0,1
HUT100142,13,1.48,4,1.87,88.0,TRI_06,0.289,6,3,0,1
HUT100142,14,1.352,2,1.57,80.8,TRI_06,0.3,8,3,0,1
HUT100142,15,1.163,1,1.25,61.3,TRI_06,0.283,8,3,0,1
HUT100142,16,1.463,6,0.9,65.7,TRI_06,0.293,8,3,0,1
HUT100142,17,1.35,3,1.5,87.4,TRI_06,0.301,7,3,0,1
HUT100142,18,1.059,3,1.6,58.7,TRI_06,0.294,7,3,0,1
HUT100142,19,1.295,5,1.26,95.3,TRI_06,0.282,8,3,0,1
HUT100142,20,1.04,4,1.67,64.3,TRI_06,0.296,6,3,0,1
HUT100142,21,1.338,1,1.55,65.3,TRI_06,0.303,6,3,0,1
HUT100142,22,1.209,4,1.12,52.9,TRI_06,0.294,7,3,0,1
HUT100142,23,0.765,2,1.12,38.0,TRI_06,0.296,8,3,0,1
HUT100142,24,0.866,4,1.37,42.1,TRI_06,0.298,6,3,0,1
HUT100142,25,1.208,4,1.48,70.1,TRI_06,0.273,6,3,0,1
HUT100142,26,1.235,4,1.28,84.0,TRI_06,0.306,6,3,0,1
HUT100143,1,0.947,14,2.37,38.1,ANU_08,0.69,3,1,0,1
HUT100143,2,1.032,11,2.22,35.3,ANU_08,0.665,3,1,0,1
HUT100143,3,1.037,11,1.97,43.4,ANU_08,0.732,3,1,0,1
HUT100143,4,1.03,12,2.1,31.8,ANU_08,0.659,2,1,0,1
HUT100143,5,1.255,10,1.9,37.8,ANU_08,0.67,3,1,0,1
HUT100143,6,1.177,15,1.98,26.2,ANU_08,0.661,2,1,0,1
HUT100143,7,0.974,11,2.48,36.2,ANU_08,0.656,2,1,0,1
HUT100143,8,0.935,13,1.94,39.2,ANU_08,0.697,3,1,0,1
HUT100143,9,1.124,13,2.02,33.5,ANU_08,0.671,2,1,0,1
HUT100143,10,1.117,12,2.37,34.3,ANU_08,0.703,3,1,0,1
HUT100143,11,1.188,11,2.24,39.9,ANU_08,0.733,2,1,0,1
HUT100143,12,1.068,12,2.46,34.3,ANU_08,0.692,2,1,0,1
HUT100143,13,0.929,10,1.81,30.2,ANU_08,0.669,2,1,0,1
HUT100143,14,1.053,13,2.43,40.3,ANU_08,0.676,3,1,0,1
HUT100143,15,1.074,9,1.58,37.8,ANU_08,0.687,3,1,0,1
HUT100143,16,1.24,13,2.22,37.5,ANU_08,0.707,3,1,0,1
HUT100143,17,1.022,10,2.58,44.6,ANU_08,0.714,2,1,0,1
HUT100143,18,1.217,13,2.11,42.0,ANU_08,0.662,3,1,0,1
HUT100143,19,1.006,13,1.77,32.3,ANU_08,0.656,3,1,0,1
HUT100143,20,0.938,13,2.32,32.6,ANU_08,0.66,2,1,0,1
HUT100143,21,0.46,7,1.39,21.9,RAT_10,0.037,3,3,1,1
HUT100143,22,0.784,7,1.38,20.9,RAT_10,0.062,2,2,1,1
HUT100143,23,0.088,3,0.89,3.1,RAT_10,0.086,5,3,1,1
HUT100143,24,0.338,5,1.07,10.3,RAT_10,0.1,2,2,1,1
HUT100143,25,1.063,10,2.19,25.9,ANU_08,0.686,2,1,0,1
HUT100143,26,1.313,11,2.32,33.0,ANU_08,0.659,3,1,0,1
HUT100144,1,0.127,18,1.43,16.9,GAM_10,0.607,4,1,0,1
HUT100144,2,2.757,18,1.61,12.7,GAM_10,0.582,3,1,0,1
HUT100144,3,0.153,18,1.41,10.9,GAM_10,0.595,4,1,0,1
HUT100144,4,5.601,16,1.58,22.4,GAM_10,0.564,4,1,0,1
HUT100144,5,2.396,16,1.45,7.0,GAM_10,0.558,3,2,0,1
HUT100144,6,2.962,19,1.63,20.0,GAM_10,0.58,4,2,0,1
HUT100144,7,1.422,17,1.68,4.7,GAM_10,0.559,3,2,0,1
HUT100144,8,3.597,18,1.95,29.8,GAM_10,0.596,4,1,0,1
HUT100144,9,0.02,19,0.98,15.1,GAM_10,0.594,4,2,0,1
HUT100144,10,2.419,13,1.28,4.9,GAM_10,0.611,3,1,0,1
HUT100144,11,1.406,15,1.07,0.0,GAM_10,0.614,3,1,0,1
HUT100144,12,1.594,18,1.27,26.7,GAM_10,0.581,3,1,0,1
HUT100144,13,1.477,19,1.29,18.6,GAM_10,0.559,4,1,0,1
HUT100144,14,0.644,14,1.26,21.7,GAM_10,0.584,3,1,0,1
HUT100144,15,2.17,19,1.42,0.0,GAM_10,0.603,3,2,0,1
HUT100144,16,2.532,21,1.51,23.4,GAM_10,0.581,3,1,0,1
HUT100144,17,2.587,17,1.36,19.7,GAM_10,0.589,4,1,0,1
HUT100144,18,1.893,20,1.45,0.0,GAM_10,0.615,3,2,0,1
HUT100144,19,1.927,18,1.33,30.0,GAM_10,0.605,4,1,0,1
HUT100144,20,1.432,19,1.07,26.7,GAM_10,0.614,3,1,0,1
HUT100144,21,1.726,16,1.87,23.3,GAM_10,0.571,3,1,0,1
HUT100144,22,3.659,17,1.11,8.0,GAM_10,0.598,3,1,0,1
HUT100144,23,2.486,12,1.07,0.0,GAM_10,0.621,3,1,0,1
HUT100144,24,1.11,12,1.09,7.6,GAM_10,0.594,3,2,0,1
HUT100144,25,3.414,17,1.52,27.7,GAM_10,0.565,3,1,0,1
HUT100144,26,1.982,18,1.07,21.6,GAM_10,0.588,3,2,0,1
HUT100145,1,1.272,10,1.26,29.8,GAL_03,0.885,1,1,0,1
HUT100145,2,1.31,9,1.04,21.7,GAL_03,0.92,1,1,0,1
HUT100145,3,1.543,10,1.39,24.8,GAL_03,0.911,1,1,0,1
HUT100145,4,1.448,6,0.99,31.0,GAL_03,0.898,1,1,0,1
HUT100145,5,1.436,11,0.82,32.8,GAL_03,0.894,1,1,0,1
HUT100145,6,1.298,13,1.33,31.3,GAL_03,0.894,1,1,0,1
HUT100145,7,1.5,11,0.99,31.6,GAL_03,0.883,1,1,0,1
HUT100145,8,1.25,11,1.22,36.3,GAL_03,0.883,1,1,0,1
HUT100145,9,1.402,10,1.48,29.3,GAL_03,0.907,1,1,0,1
HUT100145,10,1.431,11,1.26,30.9,GAL_03,0.901,1,1,0,1
HUT100145,11,1.291,13,1.21,28.9,GAL_03,0.939,1,1,0,1
HUT100145,12,1.069,10,1.02,28.5,GAL_03,0.938,2,1,0,1
HUT100145,13,1.525,12,1.17,21.1,GAL_03,0.963,1,1,0,1
HUT100145,14,1.465,10,0.88,25.4,GAL_03,0.902,1,1,0,1
HUT100145,15,1.018,7,1.28,21.5,GAL_03,0.961,1,1,0,1
HUT100145,16,1.223,11,1.47,28.2,GAL_03,0.95,2,1,0,1
HUT100145,17,1.323,12,0.93,21.8,GAL_03,0.911,2,1,0,1
HUT100145,18,1.289,9,1.18,25.7,GAL_03,0.959,2,1,0,1
HUT100145,19,1.405,8,0.86,21.6,GAL_03,0.889,1,1,0,1
HUT100145,20,1.146,11,0.95,25.9,GAL_03,0.924,1,1,0,1
HUT100145,21,1.1,5,0.72,19.1,GAL_03,0.862,1,1,0,1
HUT100145,22,0.963,6,0.93,21.9,GAL_03,0.947,1,1,0,1
HUT100145,23,0.881,4,0.57,10.3,GAL_03,0.89,1,1,0,1
HUT100145,24,0.622,5,0.69,11.4,GAL_03,0.908,1,1,0,1
HUT100145,25,0.866,8,0.31,22.7,GAL_03,0.862,1,1,0,1
HUT100145,26,0.884,5,0.61,13.3,GAL_03,0.92,1,1,0,1
HUT100146,1,0.38,9,1.75,19.0,NEG_04,0.176,7,4,0,1
HUT100146,2,0.338,8,2.08,27.7,NEG_04,0.193,6,4,0,1
HUT100146,3,0.454,8,2.61,35.0,NEG_04,0.175,7,3,0,1
HUT100146,4,0.403,7,2.36,26.6,NEG_04,0.175,6,3,0,1
HUT100146,5,0.421,8,2.41,26.7,NEG_04,0.181,5,3,0,1
HUT100146,6,0.395,7,2.39,40.6,NEG_04,0.18,7,3,0,1
HUT100146,7,0.432,5,1.92,33.8,NEG_04,0.177,7,4,0,1
HUT100146,8,0.432,4,2.2,33.6,NEG_04,0.175,7,3,0,1
HUT100146,9,0.463,9,2.65,24.6,NEG_04,0.176,6,3,0,1
HUT100146,10,0.347,8,2.07,34.8,NEG_04,0.186,5,3,0,1
HUT100146,11,0.505,8,1.97,31.8,NEG_04,0.184,7,3,0,1
HUT100146,12,0.49,9,1.96,29.6,NEG_04,0.18,7,3,0,1
HUT100146,13,0.387,6,2.05,21.2,NEG_04,0.188,7,3,0,1
HUT100146,14,0.48,8,2.1,28.9,NEG_04,0.177,7,3,0,1
HUT100146,15,0.409,8,1.69,27.8,NEG_04,0.191,7,3,0,1
HUT100146,16,0.326,9,2.15,30.6,NEG_04,0.181,6,3,0,1
HUT100146,17,0.37,9,2.58,26.7,NEG_04,0.18,6,4,0,1
HUT100146,18,0.422,6,2.21,23.0,NEG_04,0.173,7,3,0,1
HUT100146,19,0.534,9,2.07,25.6,NEG_04,0.186,6,3,0,1
HUT100146,20,0.41,8,1.77,17.9,NEG_04,0.175,6,3,0,1
HUT100146,21,0.19,5,2.12,10.2,NEG_04,0.189,7,3,0,1
HUT100146,22,0.281,4,1.52,11.2,NEG_04,0.189,5,3,0,1
HUT100146,23,0.24,5,0.96,6.3,NEG_04,0.177,7,4,0,1
HUT100146,24,0.134,5,1.04,16.0,NEG_04,0.19,7,4,0,1
HUT100146,25,0.211,4,1.25,14.2,NEG_04,0.175,7,3,0,1
HUT100146,26,0.2,5,1.43,0.0,NEG_04,0.187,6,3,0,1
HUT100147,1,0.658,13,2.45,54.6,GAM_06,0.612,2,1,0,1
HUT100147,2,0.678,10,2.28,69.2,GAM_06,0.63,2,1,0,1
HUT100147,3,0.618,10,2.34,74.3,GAM_06,0.623,2,1,0,1
HUT100147,4,0.628,13,2.37,62.1,GAM_06,0.631,2,1,0,1
HUT100147,5,0.585,14,2.17,71.4,GAM_06,0.671,2,1,0,1
HUT100147,6,0.711,14,2.2,61.5,GAM_06,0.673,3,1,0,1
HUT100147,7,0.679,12,2.04,73.8,GAM_06,0.675,3,1,0,1
HUT100147,8,0.701,13,2.5,70.3,GAM_06,0.65,2,1,0,1
HUT100147,9,0.669,10,2.45,82.8,GAM_06,0.654,3,1,0,1
HUT100147,10,0.608,16,2.23,64.7,GAM_06,0.643,2,1,0,1
HUT100147,11,0.7,12,2.34,62.1,GAM_06,0.626,3,1,0,1
HUT100147,12,0.679,12,2.28,76.9,GAM_06,0.636,2,1,0,1
HUT100147,13,0.667,14,1.88,75.2,GAM_06,0.669,3,1,0,1
HUT100147,14,0.67,15,2.27,67.1,GAM_06,0.635,3,1,0,1
HUT100147,15,0.781,13,1.94,79.0,GAM_06,0.633,3,1,0,1
HUT100147,16,0.664,13,2.28,79.7,GAM_06,0.687,2,1,0,1
HUT100147,17,0.679,14,2.28,69.6,GAM_06,0.68,3,1,0,1
HUT100147,18,0.674,13,2.13,66.6,GAM_06,0.686,3,1,0,1
HUT100147,19,0.611,12,2.31,68.6,GAM_06,0.69,3,1,0,1
HUT100147,20,0.631,16,2.15,70.2,GAM_06,0.689,2,1,0,1
HUT100147,21,0.682,13,2.25,68.2,GAM_06,0.657,3,1,0,1
HUT100147,22,0.659,11,2.46,73.6,GAM_06,0.647,3,1,0,1
HUT100147,23,0.413,10,1.88,42.1,GAM_06,0.634,2,1,0,1
HUT100147,24,0.41,7,1.58,44.3,GAM_06,0.642,2,1,0,1
HUT100147,25,0.688,13,1.97,76.4,GAM_06,0.674,3,1,0,1
HUT100147,26,0.634,14,2.48,64.2,GAM_06,0.676,3,1,0,1
HUT100148,1,10.6,13,2.35,93.0,KUR_06,0.92,2,1,0,1
HUT100148,2,12.319,10,1.95,101.9,KUR_06,0.905,1,1,0,1
HUT100148,3,12.192,12,2.22,99.4,KUR_06,0.905,2,1,0,1
HUT100148,4,13.429,13,2.08,111.7,KUR_06,0.95,2,1,0,1
HUT100148,5,11.63,12,2.06,90.1,KUR_06,0.94,2,1,0,1
HUT100148,6,13.076,13,1.78,94.5,KUR_06,0.945,2,1,0,1
HUT100148,7,12.806,12,2.16,83.1,KUR_06,0.869,2,1,0,1
HUT100148,8,12.582,11,1.77,89.4,KUR_06,0.886,1,1,0,1
HUT100148,9,12.767,10,2.45,94.0,KUR_06,0.894,2,1,0,1
HUT100148,10,10.538,9,2.33,103.1,KUR_06,0.944,2,1,0,1
HUT100148,11,13.217,10,2.01,99.3,KUR_06,0.928,1,1,0,1
HUT100148,12,12.103,12,1.96,93.2,KUR_06,0.951,2,1,0,1
HUT100148,13,11.023,9,2.0,111.4,KUR_06,0.887,2,1,0,1
HUT100148,14,12.267,10,2.17,102.0,KUR_06,0.866,2,1,0,1
HUT100148,15,12.666,11,2.62,108.3,KUR_06,0.945,2,1,0,1
HUT100148,16,11.235,13,1.8,94.6,KUR_06,0.887,2,1,0,1
HUT100148,17,12.688,6,2.41,99.3,KUR_06,0.912,2,1,0,1
HUT100148,18,11.366,7,1.75,103.2,KUR_06,0.942,1,1,0,1
HUT100148,19,12.535,11,2.47,115.0,KUR_06,0.937,2,1,0,1
HUT100148,20,11.53,10,2.12,105.7,KUR_06,0.861,2,1,0,1
HUT100148,21,12.007,9,2.31,97.5,KUR_06,0.901,2,1,0,1
HUT100148,22,12.044,10,2.31,114.2,KUR_06,0.945,2,1,0,1
HUT100148,23,8.913,9,1.87,74.8,KUR_06,0.923,2,1,0,1
HUT100148,24,7.537,6,1.9,87.8,KUR_06,0.929,2,1,0,1
HUT100148,25,12.469,10,2.75,103.1,KUR_06,0.906,1,1,0,1
HUT100148,26,12.879,8,1.93,96.2,KUR_06,0.915,2,1,0,1
HUT100149,1,1.747,16,0.85,39.0,NEG_11,0.578,3,1,0,1
HUT100149,2,1.423,14,1.01,35.8,NEG_11,0.541,4,1,0,1
HUT100149,3,1.765,14,1.06,44.3,NEG_11,0.559,3,1,0,1
HUT100149,4,1.19,14,1.58,41.5,NEG_11,0.55,4,1,0,1
HUT100149,5,1.362,12,1.28,37.1,NEG_11,0.554,3,1,0,1
HUT100149,6,0.944,17,1.35,42.7,NEG_11,0.566,4,1,0,1
HUT100149,7,1.69,15,1.35,49.8,NEG_11,0.576,4,1,0,1
HUT100149,8,1.191,15,1.13,42.0,NEG_11,0.583,3,1,0,1
HUT100149,9,1.252,14,0.82,34.1,NEG_11,0.548,4,1,0,1
HUT100149,10,1.447,16,1.2,53.5,NEG_11,0.59,4,1,0,1
HUT100149,11,1.613,13,0.94,40.3,NEG_11,0.559,3,1,0,1
HUT100149,12,1.287,15,1.24,43.0,NEG_11,0.569,3,1,0,1
HUT100149,13,1.817,16,0.89,36.1,NEG_11,0.581,4,1,0,1
HUT100149,14,1.692,14,1.33,35.9,NEG_11,0.536,3,1,0,1
HUT100149,15,1.029,16,1.39,43.2,NEG_11,0.588,3,1,0,1
HUT100149,16,1.555,16,1.09,40.7,NEG_11,0.532,3,1,0,1
HUT100149,17,1.483,15,1.03,39.4,NEG_11,0.595,3,1,0,1
HUT100149,18,1.424,15,1.27,47.7,NEG_11,0.563,4,1,0,1
HUT100149,19,1.282,14,1.38,36.5,NEG_11,0.536,3,1,0,1
HUT100149,20,0.946,11,1.11,30.2,NEG_11,0.53,3,1,0,1
HUT100149,21,0.9,10,1.07,27.4,NEG_11,0.559,3,1,0,1
HUT100149,22,0.422,6,0.61,27.2,NEG_11,0.545,3,1,0,1
HUT100149,23,0.647,4,0.6,9.4,NEG_11,0.581,4,1,0,1
HUT100149,24,0.18,8,0.35,8.2,NEG_11,0.569,3,1,0,1
HUT100149,25,0.727,8,0.76,24.3,NEG_11,0.58,3,1,0,1
HUT100149,26,0.969,5,0.84,8.9,NEG_11,0.563,3,1,0,1
